-- phpMyAdmin SQL Dump
-- version 5.2.2
-- https://www.phpmyadmin.net/
--
-- Host: localhost:3306
-- Generation Time: Jun 28, 2026 at 06:04 PM
-- Server version: 10.6.25-MariaDB
-- PHP Version: 8.4.21

SET SQL_MODE = "NO_AUTO_VALUE_ON_ZERO";
START TRANSACTION;
SET time_zone = "+00:00";


/*!40101 SET @OLD_CHARACTER_SET_CLIENT=@@CHARACTER_SET_CLIENT */;
/*!40101 SET @OLD_CHARACTER_SET_RESULTS=@@CHARACTER_SET_RESULTS */;
/*!40101 SET @OLD_COLLATION_CONNECTION=@@COLLATION_CONNECTION */;
/*!40101 SET NAMES utf8mb4 */;

--
-- Database: `tarazroz_tarazdb`
--

-- --------------------------------------------------------

--
-- Table structure for table `asset_items`
--

CREATE TABLE `asset_items` (
  `id` int(11) NOT NULL,
  `name` varchar(255) NOT NULL,
  `category` varchar(100) DEFAULT NULL,
  `sort_order` int(11) DEFAULT 0,
  `active` tinyint(1) DEFAULT 1,
  `created_at` timestamp NOT NULL DEFAULT current_timestamp()
) ENGINE=InnoDB DEFAULT CHARSET=utf8mb4 COLLATE=utf8mb4_unicode_ci;

--
-- Dumping data for table `asset_items`
--

INSERT INTO `asset_items` (`id`, `name`, `category`, `sort_order`, `active`, `created_at`) VALUES
(1, 'مغازه', 'آلشده', 0, 1, '2026-05-07 23:42:15');

-- --------------------------------------------------------

--
-- Table structure for table `asset_records`
--

CREATE TABLE `asset_records` (
  `id` int(11) NOT NULL,
  `branch_id` int(11) NOT NULL,
  `item_id` int(11) NOT NULL,
  `amount` decimal(15,2) NOT NULL DEFAULT 0.00,
  `description` text DEFAULT NULL,
  `created_by` int(11) NOT NULL,
  `created_at` timestamp NOT NULL DEFAULT current_timestamp(),
  `updated_at` timestamp NOT NULL DEFAULT current_timestamp() ON UPDATE current_timestamp(),
  `record_date` varchar(10) NOT NULL
) ENGINE=InnoDB DEFAULT CHARSET=utf8mb4 COLLATE=utf8mb4_unicode_ci;

-- --------------------------------------------------------

--
-- Table structure for table `branch_goals`
--

CREATE TABLE `branch_goals` (
  `id` int(11) NOT NULL,
  `branch_id` int(11) NOT NULL,
  `goal_type_id` int(11) NOT NULL,
  `target_value` decimal(15,3) NOT NULL,
  `year` int(11) NOT NULL,
  `month` int(11) NOT NULL,
  `period_start` varchar(7) DEFAULT NULL,
  `period_end` varchar(7) DEFAULT NULL,
  `created_by` int(11) NOT NULL,
  `created_at` timestamp NOT NULL DEFAULT current_timestamp(),
  `start_date` varchar(10) NOT NULL DEFAULT '',
  `end_date` varchar(10) NOT NULL DEFAULT '',
  `period_months` tinyint(4) DEFAULT 1
) ENGINE=InnoDB DEFAULT CHARSET=utf8mb4 COLLATE=utf8mb4_unicode_ci;

--
-- Dumping data for table `branch_goals`
--

INSERT INTO `branch_goals` (`id`, `branch_id`, `goal_type_id`, `target_value`, `year`, `month`, `period_start`, `period_end`, `created_by`, `created_at`, `start_date`, `end_date`, `period_months`) VALUES
(106, 19, 1, 1000.000, 1405, 3, NULL, NULL, 17, '2026-05-30 14:51:04', '1405-03-01', '1405-06-31', 4),
(107, 19, 2, 80000000000.000, 1405, 3, NULL, NULL, 17, '2026-05-30 14:51:04', '1405-03-01', '1405-06-31', 4),
(108, 19, 13, 24000000000.000, 1405, 3, NULL, NULL, 17, '2026-05-30 14:51:04', '1405-03-01', '1405-06-31', 4),
(109, 19, 12, 24000000000.000, 1405, 3, NULL, NULL, 17, '2026-05-30 14:51:04', '1405-03-01', '1405-06-31', 4),
(110, 19, 5, 650.000, 1405, 3, NULL, NULL, 17, '2026-05-30 14:51:04', '1405-03-01', '1405-06-31', 4),
(111, 19, 6, 180.000, 1405, 3, NULL, NULL, 17, '2026-05-30 14:51:04', '1405-03-01', '1405-06-31', 4),
(112, 19, 7, 5000000000.000, 1405, 3, NULL, NULL, 17, '2026-05-30 14:51:04', '1405-03-01', '1405-06-31', 4),
(113, 18, 1, 600.000, 1405, 3, NULL, NULL, 17, '2026-05-30 14:51:04', '1405-03-01', '1405-06-31', 4),
(114, 18, 2, 40000000000.000, 1405, 3, NULL, NULL, 17, '2026-05-30 14:51:04', '1405-03-01', '1405-06-31', 4),
(115, 18, 13, 12000000000.000, 1405, 3, NULL, NULL, 17, '2026-05-30 14:51:04', '1405-03-01', '1405-06-31', 4),
(116, 18, 12, 12000000000.000, 1405, 3, NULL, NULL, 17, '2026-05-30 14:51:04', '1405-03-01', '1405-06-31', 4),
(117, 18, 5, 100.000, 1405, 3, NULL, NULL, 17, '2026-05-30 14:51:04', '1405-03-01', '1405-06-31', 4),
(118, 18, 6, 140.000, 1405, 3, NULL, NULL, 17, '2026-05-30 14:51:04', '1405-03-01', '1405-06-31', 4),
(119, 18, 7, 2500000000.000, 1405, 3, NULL, NULL, 17, '2026-05-30 14:51:04', '1405-03-01', '1405-06-31', 4),
(120, 31, 1, 400.000, 1405, 3, NULL, NULL, 17, '2026-05-30 14:51:04', '1405-03-01', '1405-06-31', 4),
(121, 31, 2, 24000000000.000, 1405, 3, NULL, NULL, 17, '2026-05-30 14:51:04', '1405-03-01', '1405-06-31', 4),
(122, 31, 13, 8000000000.000, 1405, 3, NULL, NULL, 17, '2026-05-30 14:51:04', '1405-03-01', '1405-06-31', 4),
(123, 31, 12, 8000000000.000, 1405, 3, NULL, NULL, 17, '2026-05-30 14:51:04', '1405-03-01', '1405-06-31', 4),
(124, 31, 5, 60.000, 1405, 3, NULL, NULL, 17, '2026-05-30 14:51:04', '1405-03-01', '1405-06-31', 4),
(125, 31, 6, 60.000, 1405, 3, NULL, NULL, 17, '2026-05-30 14:51:04', '1405-03-01', '1405-06-31', 4),
(126, 31, 7, 1500000000.000, 1405, 3, NULL, NULL, 17, '2026-05-30 14:51:04', '1405-03-01', '1405-06-31', 4);

-- --------------------------------------------------------

--
-- Table structure for table `comments`
--

CREATE TABLE `comments` (
  `id` int(11) NOT NULL,
  `report_id` int(11) NOT NULL,
  `user_id` int(11) NOT NULL,
  `message` text NOT NULL,
  `sender_role` enum('observer','branch') NOT NULL,
  `is_read_by_branch` tinyint(4) DEFAULT 0,
  `is_read_by_observer` tinyint(4) DEFAULT 0,
  `created_at` timestamp NOT NULL DEFAULT current_timestamp()
) ENGINE=InnoDB DEFAULT CHARSET=utf8mb4 COLLATE=utf8mb4_unicode_ci;

-- --------------------------------------------------------

--
-- Table structure for table `daily_reminders`
--

CREATE TABLE `daily_reminders` (
  `id` int(11) NOT NULL,
  `user_id` int(11) NOT NULL,
  `reminder_date` varchar(10) NOT NULL,
  `shown_at` datetime DEFAULT current_timestamp()
) ENGINE=InnoDB DEFAULT CHARSET=latin1 COLLATE=latin1_swedish_ci;

-- --------------------------------------------------------

--
-- Table structure for table `daily_reports`
--

CREATE TABLE `daily_reports` (
  `id` int(11) NOT NULL,
  `user_id` int(11) NOT NULL,
  `report_date` varchar(10) NOT NULL,
  `report_data` longtext NOT NULL,
  `created_at` timestamp NOT NULL DEFAULT current_timestamp(),
  `updated_at` timestamp NOT NULL DEFAULT current_timestamp() ON UPDATE current_timestamp()
) ENGINE=InnoDB DEFAULT CHARSET=utf8mb4 COLLATE=utf8mb4_unicode_ci;

--
-- Dumping data for table `daily_reports`
--

INSERT INTO `daily_reports` (`id`, `user_id`, `report_date`, `report_data`, `created_at`, `updated_at`) VALUES
(2, 19, '1405-02-02', '{\"debtors\":[{\"id\":1,\"name\":\"فخرزاده\",\"amt\":\"2\"},{\"id\":2,\"name\":\"نگین\",\"amt\":\"2.2\"},{\"id\":3,\"name\":\"قالیچی\",\"amt\":\"0.38\"},{\"id\":4,\"name\":\"بدهکاران موقت\",\"amt\":\"27.646\"},{\"id\":5,\"name\":\"فرشباف\",\"amt\":\"434\"},{\"id\":6,\"name\":\"جودیان\",\"amt\":\"1.6\"},{\"id\":7,\"name\":\"تنخواه\",\"amt\":\"812.21\"}],\"creditors\":[{\"id\":1,\"name\":\"الهه فرضی \",\"amt\":\"0.346\"},{\"id\":2,\"name\":\"شمیم\",\"amt\":\"0.88\"},{\"id\":3,\"name\":\"نفیس\",\"amt\":\"0.85\"},{\"id\":4,\"name\":\"دینی\",\"amt\":\"8.5\"},{\"id\":5,\"name\":\"فرشباف\",\"amt\":\"145\"},{\"id\":6,\"name\":\"حمیدی\",\"amt\":\"37.7\"},{\"id\":7,\"name\":\"کارتخوان شهر \",\"amt\":\"18.56\"},{\"id\":8,\"name\":\"رضایی \",\"amt\":\"144.2\"},{\"id\":9,\"name\":\"امینی\",\"amt\":\"725.6\"},{\"id\":10,\"name\":\"امینی -معامله نشده \",\"amt\":\"198.4\"}],\"pettys\":[{\"id\":1,\"desc\":\"ملت 1\",\"amt\":\"25.17\"},{\"id\":2,\"desc\":\"ملت 3\",\"amt\":\"324.4\"},{\"id\":3,\"desc\":\"مسکن 1\",\"amt\":\"6.7\"},{\"id\":4,\"desc\":\"مسکن 3\",\"amt\":\"708.4\"},{\"id\":5,\"desc\":\"رسالت\",\"amt\":\"273.2\"},{\"id\":6,\"desc\":\"شهر\",\"amt\":\"449.4\"},{\"id\":7,\"desc\":\"صندوق\",\"amt\":\"24.94\"}],\"bankers\":[{\"id\":1,\"name\":\"امینی\",\"amt\":\"81.592\"},{\"id\":2,\"name\":\"جودیان\",\"amt\":\"-0.8\"},{\"id\":3,\"name\":\"شمیم\",\"amt\":\"7.870\"},{\"id\":4,\"name\":\"نگین\",\"amt\":\"0.007\"},{\"id\":5,\"name\":\"قالیچی \",\"amt\":\"7.654\"},{\"id\":6,\"name\":\"دینی\",\"amt\":\"0.134\"},{\"id\":9,\"name\":\"نفیس\",\"amt\":\"0\"}],\"ceiling\":\"1000\",\"matrixValues\":{\"1_1\":\"\",\"1_2\":\"\",\"1_3\":\"\",\"1_4\":\"\",\"1_5\":\"\",\"1_6\":\"\",\"1_7\":\"\",\"2_1\":\"\",\"2_2\":\"\",\"2_3\":\"\",\"2_4\":\"\",\"2_5\":\"\",\"2_6\":\"\",\"2_7\":\"\",\"3_1\":\"\",\"3_2\":\"\",\"3_3\":\"\",\"3_4\":\"\",\"3_5\":\"\",\"3_6\":\"\",\"3_7\":\"\",\"4_1\":\"\",\"4_2\":\"\",\"4_3\":\"\",\"4_4\":\"\",\"4_5\":\"\",\"4_6\":\"\",\"4_7\":\"\",\"5_1\":\"\",\"5_2\":\"\",\"5_3\":\"\",\"5_4\":\"\",\"5_5\":\"\",\"5_6\":\"\",\"5_7\":\"\",\"6_1\":\"\",\"6_2\":\"\",\"6_3\":\"\",\"6_4\":\"\",\"6_5\":\"\",\"6_6\":\"\",\"6_7\":\"\",\"7_1\":\"\",\"7_2\":\"\",\"7_3\":\"\",\"7_4\":\"\",\"7_5\":\"\",\"7_6\":\"\",\"7_7\":\"\",\"8_1\":\"\",\"8_2\":\"\",\"8_3\":\"\",\"8_4\":\"\",\"8_5\":\"\",\"8_6\":\"\",\"8_7\":\"\",\"9_1\":\"\",\"9_2\":\"\",\"9_3\":\"\",\"9_4\":\"\",\"9_5\":\"\",\"9_6\":\"\",\"9_7\":\"\",\"10_1\":\"\",\"10_2\":\"\",\"10_3\":\"\",\"10_4\":\"\",\"10_5\":\"\",\"10_6\":\"\",\"10_7\":\"\"},\"controlRows\":[],\"controlDescs\":[]}', '2026-04-22 13:03:44', '2026-04-24 16:55:52'),
(5, 19, '1405-02-03', '{\"debtors\":[{\"id\":2,\"name\":\"فخرزاده\",\"amt\":\"2\"},{\"id\":3,\"name\":\"نگین\",\"amt\":\"0.2\"},{\"id\":4,\"name\":\"قالیچی\",\"amt\":\"0.38\"},{\"id\":6,\"name\":\"امیر فرشباف\",\"amt\":\"200\"},{\"id\":7,\"name\":\"فاطمه جباری\",\"amt\":\"790\"},{\"id\":9,\"name\":\"بانک ها\",\"amt\":\"613.489\"},{\"id\":11,\"name\":\"بدهکاران موقت \",\"amt\":\"20.65\"},{\"id\":12,\"name\":\"بدهکاران موقت \",\"amt\":\"25.417\"}],\"creditors\":[{\"id\":1,\"name\":\"الهه فرضی\",\"amt\":\"0.346\"},{\"id\":2,\"name\":\"شمیم\",\"amt\":\"0.88\"},{\"id\":3,\"name\":\"نفیس\",\"amt\":\"0.85\"},{\"id\":4,\"name\":\"دینی\",\"amt\":\"8.5\"},{\"id\":5,\"name\":\"امیر فرشباف(چک)\",\"amt\":\"145\"},{\"id\":6,\"name\":\"حمید حمیدی (آتیه طلا)\",\"amt\":\"108\"},{\"id\":7,\"name\":\"کارتخوان شهر\",\"amt\":\"18.56\"},{\"id\":9,\"name\":\"امینی\",\"amt\":\"1370\"}],\"pettys\":[{\"id\":1,\"desc\":\"ملت 1\",\"amt\":\"5.299\"},{\"id\":2,\"desc\":\"ملت 3\",\"amt\":\"124.49\"},{\"id\":3,\"desc\":\"مسکن 1\",\"amt\":\"6.7\"},{\"id\":4,\"desc\":\"مسکن 3\",\"amt\":\"708.5\"},{\"id\":5,\"desc\":\"رسالت\",\"amt\":\"73.6\"},{\"id\":6,\"desc\":\"شهر\",\"amt\":\"667.3\"},{\"id\":7,\"desc\":\"صندوق\",\"amt\":\"27.6\"}],\"bankers\":[{\"id\":1,\"name\":\"امینی\",\"amt\":\"154.105\"},{\"id\":2,\"name\":\"جودیان\",\"amt\":\"0.795\"},{\"id\":3,\"name\":\"شمیم\",\"amt\":\"7.87\"},{\"id\":4,\"name\":\"نگین\",\"amt\":\"0.007\"},{\"id\":5,\"name\":\"قالیچی\",\"amt\":\"7.654\"},{\"id\":6,\"name\":\"دینی\",\"amt\":\"0.134\"},{\"id\":7,\"name\":\"نفیس\",\"amt\":\"0\"}],\"ceiling\":\"1000\",\"matrixValues\":{\"1_2\":\"\",\"1_3\":\"\",\"1_4\":\"\",\"1_6\":\"\",\"1_7\":\"\",\"1_9\":\"\",\"1_11\":\"\",\"1_12\":\"\",\"2_2\":\"\",\"2_3\":\"\",\"2_4\":\"\",\"2_6\":\"\",\"2_7\":\"\",\"2_9\":\"\",\"2_11\":\"\",\"2_12\":\"\",\"3_2\":\"\",\"3_3\":\"\",\"3_4\":\"\",\"3_6\":\"\",\"3_7\":\"\",\"3_9\":\"\",\"3_11\":\"\",\"3_12\":\"\",\"4_2\":\"\",\"4_3\":\"\",\"4_4\":\"\",\"4_6\":\"\",\"4_7\":\"\",\"4_9\":\"\",\"4_11\":\"\",\"4_12\":\"\",\"5_2\":\"\",\"5_3\":\"\",\"5_4\":\"\",\"5_6\":\"\",\"5_7\":\"\",\"5_9\":\"\",\"5_11\":\"\",\"5_12\":\"\",\"6_2\":\"\",\"6_3\":\"\",\"6_4\":\"\",\"6_6\":\"\",\"6_7\":\"\",\"6_9\":\"\",\"6_11\":\"\",\"6_12\":\"\",\"7_2\":\"\",\"7_3\":\"\",\"7_4\":\"\",\"7_6\":\"\",\"7_7\":\"\",\"7_9\":\"\",\"7_11\":\"\",\"7_12\":\"\",\"9_2\":\"\",\"9_3\":\"\",\"9_4\":\"\",\"9_6\":\"200\",\"9_7\":\"790\",\"9_9\":\"380\",\"9_11\":\"\",\"9_12\":\"\"},\"controlRows\":[[\"100\",\"200\",\"200\"],[\"100\",\"190\",\"180\"],[\"\",\"400\",\"\"]],\"controlDescs\":[[\"تایید شد \",\"تایید شد \",\"از ملت امیر فرشباف (۳)\"],[\"تایید شد \",\"تایید شد \",\"از مسکن امیر فرشباف (۳)\"],[\"\",\"فیش ارسال شد \",\"\"]]}', '2026-04-23 12:33:24', '2026-04-25 09:36:49'),
(8, 19, '1405-02-05', '{\"debtors\":[{\"id\":1,\"name\":\"فخرزاده\",\"amt\":\"2\"},{\"id\":2,\"name\":\"نگین\",\"amt\":\"0.2\"},{\"id\":3,\"name\":\"قالیچی\",\"amt\":\"0.38\"},{\"id\":8,\"name\":\"امینی\",\"amt\":\"491.3\"},{\"id\":9,\"name\":\"جودیان\",\"amt\":\"1.5\"}],\"creditors\":[{\"id\":1,\"name\":\"الهه فرضی\",\"amt\":\"0.346\"},{\"id\":2,\"name\":\"شمیم\",\"amt\":\"0.88\"},{\"id\":3,\"name\":\"نفیس\",\"amt\":\"0.85\"},{\"id\":4,\"name\":\"دینی\",\"amt\":\"8.5\"},{\"id\":5,\"name\":\"امیر فرشباف(چک)\",\"amt\":\"145\"},{\"id\":6,\"name\":\"حمید حمیدی (آتیه طلا)\",\"amt\":\"108\"},{\"id\":7,\"name\":\"بانک ها\",\"amt\":\"53.64\"},{\"id\":9,\"name\":\"رضایی\",\"amt\":\"0.29\"},{\"id\":12,\"name\":\"API\",\"amt\":\"178\"}],\"pettys\":[{\"id\":1,\"desc\":\"ملت 1\",\"amt\":\"5.3\"},{\"id\":2,\"desc\":\"ملت 3\",\"amt\":\"2.8\"},{\"id\":3,\"desc\":\"مسکن 1\",\"amt\":\"6.7\"},{\"id\":4,\"desc\":\"مسکن 3\",\"amt\":\"528\"},{\"id\":5,\"desc\":\"رسالت\",\"amt\":\"0.86\"},{\"id\":6,\"desc\":\"شهر\",\"amt\":\"375.1\"},{\"id\":7,\"desc\":\"صندوق\",\"amt\":\"27.6\"}],\"bankers\":[{\"id\":1,\"name\":\"امینی\",\"amt\":\"125.49\"},{\"id\":2,\"name\":\"جودیان\",\"amt\":\"-0.795\"},{\"id\":3,\"name\":\"شمیم\",\"amt\":\"7.87\"},{\"id\":5,\"name\":\"نگین\",\"amt\":\"0.007\"},{\"id\":6,\"name\":\"نفیس\",\"amt\":\"0\"},{\"id\":7,\"name\":\"سیدقالیچی\",\"amt\":\"7.654\"},{\"id\":8,\"name\":\"دینی\",\"amt\":\"0.134\"}],\"ceiling\":\"1000\",\"matrixValues\":{\"1_1\":\"\",\"1_2\":\"\",\"1_3\":\"\",\"1_8\":\"\",\"1_9\":\"\",\"2_1\":\"\",\"2_2\":\"\",\"2_3\":\"\",\"2_8\":\"\",\"2_9\":\"\",\"3_1\":\"\",\"3_2\":\"\",\"3_3\":\"\",\"3_8\":\"\",\"3_9\":\"\",\"4_1\":\"\",\"4_2\":\"\",\"4_3\":\"\",\"4_8\":\"\",\"4_9\":\"\",\"5_1\":\"\",\"5_2\":\"\",\"5_3\":\"\",\"5_8\":\"\",\"5_9\":\"\",\"6_1\":\"\",\"6_2\":\"\",\"6_3\":\"\",\"6_8\":\"\",\"6_9\":\"\",\"7_1\":\"\",\"7_2\":\"\",\"7_3\":\"\",\"7_8\":\"313.3\",\"7_9\":\"\",\"9_1\":\"\",\"9_2\":\"\",\"9_3\":\"\",\"9_8\":\"\",\"9_9\":\"\",\"12_1\":\"\",\"12_2\":\"\",\"12_3\":\"\",\"12_8\":\"178\",\"12_9\":\"\"},\"controlRows\":[[\"\",\"178\"]],\"controlDescs\":[[\"ارسال شد\",\"مهدی علیزاده\"]]}', '2026-04-24 21:50:58', '2026-04-26 14:42:16'),
(17, 18, '1405-02-05', '{\"debtors\":[{\"id\":1,\"name\":\"طالشی\",\"amt\":\"17.325\"},{\"id\":2,\"name\":\"امیر اقا\",\"amt\":\"43.723\"},{\"id\":3,\"name\":\"کارتخوان رفاه\",\"amt\":\"18.5\"},{\"id\":4,\"name\":\"تنخواه\",\"amt\":\"63.064\"}],\"creditors\":[{\"id\":1,\"name\":\"امینی\",\"amt\":\"126.878\"},{\"id\":2,\"name\":\"بابت قسط تامین اجتماعی\",\"amt\":\"15.734\"}],\"pettys\":[{\"id\":1,\"desc\":\"ملت\",\"amt\":\"361.852\"},{\"id\":2,\"desc\":\"مسکن\",\"amt\":\"284.402\"},{\"id\":3,\"desc\":\"سپه\",\"amt\":\"6.412\"},{\"id\":4,\"desc\":\"رفاه\",\"amt\":\"89.848\"},{\"id\":5,\"desc\":\"اسکناس\",\"amt\":\"20.550\"}],\"bankers\":[{\"id\":1,\"name\":\"\",\"amt\":\"\"}],\"ceiling\":\"700\",\"matrixValues\":{\"1_1\":\"1.591\",\"1_2\":\"43.723\",\"1_3\":\"18.5\",\"1_4\":\"63.064\",\"2_1\":\"15.734\",\"2_2\":\"\",\"2_3\":\"\",\"2_4\":\"\"},\"controlRows\":[],\"controlDescs\":[]}', '2026-04-25 17:44:41', '2026-04-25 18:01:34'),
(21, 19, '1405-02-06', '{\"debtors\":[{\"id\":1,\"name\":\"آبشده امینی\",\"amt\":\"1483.6\"},{\"id\":2,\"name\":\"فخر زاده\",\"amt\":\"2\"},{\"id\":3,\"name\":\"جودیان\",\"amt\":\"1.58\"},{\"id\":4,\"name\":\"نگین\",\"amt\":\"0.22\"},{\"id\":5,\"name\":\"قالیچی\",\"amt\":\"0.38\"},{\"id\":9,\"name\":\"امینی(معامله نشده)\",\"amt\":\"94.46\"},{\"id\":11,\"name\":\"بانک ها\",\"amt\":\"20.85\"}],\"creditors\":[{\"id\":1,\"name\":\"حمید حمیدی\",\"amt\":\"108\"},{\"id\":2,\"name\":\"الهه فرضی\",\"amt\":\"0.34\"},{\"id\":3,\"name\":\"معصومه نوری اقدم\",\"amt\":\"85\"},{\"id\":4,\"name\":\"یاسر اسماعیلی\",\"amt\":\"632.8\"},{\"id\":5,\"name\":\"شمیم\",\"amt\":\"0.88\"},{\"id\":6,\"name\":\"ایراندوست\",\"amt\":\"0.29\"},{\"id\":7,\"name\":\"نفیس\",\"amt\":\"0.85\"},{\"id\":8,\"name\":\"امیر فرشباف(چک)\",\"amt\":\"125\"},{\"id\":9,\"name\":\"امیر فرشباف\",\"amt\":\"6.9\"},{\"id\":10,\"name\":\"دینی\",\"amt\":\"8.5\"},{\"id\":11,\"name\":\"آرش کریم زاده\",\"amt\":\"33.83\"},{\"id\":12,\"name\":\"هادی زارعیان\",\"amt\":\"150\"},{\"id\":13,\"name\":\"حسین جلیلی\",\"amt\":\"170.7\"},{\"id\":14,\"name\":\"خانم زهرا ناصری\",\"amt\":\"280\"},{\"id\":15,\"name\":\"بانک\",\"amt\":\"\"}],\"pettys\":[{\"id\":1,\"desc\":\"ملت1\",\"amt\":\"55.3\"},{\"id\":2,\"desc\":\"ملت3\",\"amt\":\"259.2\"},{\"id\":3,\"desc\":\"مسکن 1\",\"amt\":\"6.7\"},{\"id\":4,\"desc\":\"مسکن3\",\"amt\":\"343\"},{\"id\":5,\"desc\":\"رسالت\",\"amt\":\"15\"},{\"id\":6,\"desc\":\"شهر\",\"amt\":\"311\"},{\"id\":7,\"desc\":\"صندوق\",\"amt\":\"30.65\"}],\"bankers\":[{\"id\":1,\"name\":\"\",\"amt\":\"\"}],\"ceiling\":\"1000\",\"matrixValues\":{\"1_1\":\"\",\"1_2\":\"\",\"1_3\":\"\",\"1_4\":\"\",\"1_5\":\"\",\"1_9\":\"\",\"1_11\":\"\",\"2_1\":\"\",\"2_2\":\"\",\"2_3\":\"\",\"2_4\":\"\",\"2_5\":\"\",\"2_9\":\"\",\"2_11\":\"\",\"3_1\":\"85\",\"3_2\":\"\",\"3_3\":\"\",\"3_4\":\"\",\"3_5\":\"\",\"3_9\":\"\",\"3_11\":\"\",\"4_1\":\"632\",\"4_2\":\"\",\"4_3\":\"\",\"4_4\":\"\",\"4_5\":\"\",\"4_9\":\"\",\"4_11\":\"0.8\",\"5_1\":\"\",\"5_2\":\"\",\"5_3\":\"\",\"5_4\":\"\",\"5_5\":\"\",\"5_9\":\"\",\"5_11\":\"\",\"6_1\":\"\",\"6_2\":\"\",\"6_3\":\"\",\"6_4\":\"\",\"6_5\":\"\",\"6_9\":\"\",\"6_11\":\"\",\"7_1\":\"\",\"7_2\":\"\",\"7_3\":\"\",\"7_4\":\"\",\"7_5\":\"\",\"7_9\":\"\",\"7_11\":\"\",\"8_1\":\"\",\"8_2\":\"\",\"8_3\":\"\",\"8_4\":\"\",\"8_5\":\"\",\"8_9\":\"\",\"8_11\":\"\",\"9_1\":\"\",\"9_2\":\"\",\"9_3\":\"\",\"9_4\":\"\",\"9_5\":\"\",\"9_9\":\"\",\"9_11\":\"6.9\",\"10_1\":\"\",\"10_2\":\"\",\"10_3\":\"\",\"10_4\":\"\",\"10_5\":\"\",\"10_9\":\"\",\"10_11\":\"\",\"11_1\":\"\",\"11_2\":\"\",\"11_3\":\"\",\"11_4\":\"\",\"11_5\":\"\",\"11_9\":\"\",\"11_11\":\"33.83\",\"12_1\":\"150\",\"12_2\":\"\",\"12_3\":\"\",\"12_4\":\"\",\"12_5\":\"\",\"12_9\":\"\",\"12_11\":\"\",\"13_1\":\"170\",\"13_2\":\"\",\"13_3\":\"\",\"13_4\":\"\",\"13_5\":\"\",\"13_9\":\"\",\"13_11\":\"0.7\",\"14_1\":\"280\",\"14_2\":\"\",\"14_3\":\"\",\"14_4\":\"\",\"14_5\":\"\",\"14_9\":\"\",\"14_11\":\"\",\"15_1\":\"166.6\",\"15_2\":\"\",\"15_3\":\"\",\"15_4\":\"\",\"15_5\":\"\",\"15_9\":\"94.46\",\"15_11\":\"\"},\"controlRows\":[],\"controlDescs\":[]}', '2026-04-26 17:48:08', '2026-05-08 20:54:25'),
(22, 18, '1405-02-06', '{\"debtors\":[{\"id\":1,\"name\":\"طالشی\",\"amt\":\"17.325\"},{\"id\":2,\"name\":\"یاسر\",\"amt\":\"1.05\"},{\"id\":3,\"name\":\"امیر اقا\",\"amt\":\"183.723\"},{\"id\":4,\"name\":\"تنخواه\",\"amt\":\"532.617\"},{\"id\":5,\"name\":\"کارتخوان رفاه\",\"amt\":\"1\"}],\"creditors\":[{\"id\":1,\"name\":\"امینی\",\"amt\":\"735.690\"},{\"id\":2,\"name\":\"هزینه \",\"amt\":\"0.025\"},{\"id\":3,\"name\":\"\",\"amt\":\"\"}],\"pettys\":[{\"id\":1,\"desc\":\"ملت ۲\",\"amt\":\"256.094\"},{\"id\":2,\"desc\":\"مسکن ۲\",\"amt\":\"243.111\"},{\"id\":3,\"desc\":\"سپه\",\"amt\":\"6.412\"},{\"id\":4,\"desc\":\"رفاه\",\"amt\":\"708.080\"},{\"id\":5,\"desc\":\"صندوق\",\"amt\":\"18.920\"}],\"bankers\":[{\"id\":1,\"name\":\"\",\"amt\":\"\"}],\"ceiling\":\"700\",\"matrixValues\":{\"1_1\":\"17.325\",\"1_2\":\"1.05\",\"1_3\":\"183.723\",\"1_4\":\"532.617\",\"1_5\":\"0.975\",\"2_1\":\"\",\"2_2\":\"\",\"2_3\":\"\",\"2_4\":\"\",\"2_5\":\"0.025\",\"3_1\":\"\",\"3_2\":\"\",\"3_3\":\"\",\"3_4\":\"\",\"3_5\":\"\"},\"controlRows\":[],\"controlDescs\":[]}', '2026-04-26 17:51:46', '2026-04-26 17:57:30'),
(25, 19, '1405-02-07', '{\"debtors\":[{\"id\":1,\"name\":\"امیر فرشباف\",\"amt\":\"180\"},{\"id\":2,\"name\":\"خانم مفید\",\"amt\":\"239.3\"},{\"id\":3,\"name\":\"آقای مفید\",\"amt\":\"400\"},{\"id\":4,\"name\":\"فخر زاده\",\"amt\":\"2\"},{\"id\":5,\"name\":\"نگین\",\"amt\":\"0.22\"},{\"id\":6,\"name\":\"قالیچی\",\"amt\":\"0.38\"},{\"id\":8,\"name\":\"آقا زاده (رسالت)\",\"amt\":\"26.928\"},{\"id\":9,\"name\":\"\",\"amt\":\"\"}],\"creditors\":[{\"id\":2,\"name\":\"آقای عبدی\",\"amt\":\"90\"},{\"id\":3,\"name\":\"بانک ها\",\"amt\":\"139.25\"},{\"id\":5,\"name\":\"امینی\",\"amt\":\"216.2\"},{\"id\":6,\"name\":\"جودیان \",\"amt\":\"180\"},{\"id\":8,\"name\":\"شمیم\",\"amt\":\"0.88\"},{\"id\":9,\"name\":\"الهه فرضی\",\"amt\":\"0.34\"},{\"id\":10,\"name\":\"ایراندوست\",\"amt\":\"0.29\"},{\"id\":11,\"name\":\"نفیس\",\"amt\":\"0.85\"},{\"id\":12,\"name\":\"دینی\",\"amt\":\"8.5\"},{\"id\":13,\"name\":\"معامله نشده\",\"amt\":\"226.2\"},{\"id\":15,\"name\":\"معامله نشده\",\"amt\":\"36\"},{\"id\":16,\"name\":\"\",\"amt\":\"\"}],\"pettys\":[{\"id\":1,\"desc\":\"حمید حمیدی\",\"amt\":\"-108\"},{\"id\":2,\"desc\":\"امیر فرشباف چک\",\"amt\":\"-125\"},{\"id\":3,\"desc\":\"ملت1\",\"amt\":\"39.8\"},{\"id\":4,\"desc\":\"ملت3\",\"amt\":\"425.2\"},{\"id\":5,\"desc\":\"مسکن1\",\"amt\":\"6.7\"},{\"id\":6,\"desc\":\"مسکن3\",\"amt\":\"342.9\"},{\"id\":7,\"desc\":\"رسالت\",\"amt\":\"66.1\"},{\"id\":8,\"desc\":\"شهر\",\"amt\":\"182.4\"},{\"id\":9,\"desc\":\"صندوق\",\"amt\":\"30.65\"}],\"bankers\":[{\"id\":1,\"name\":\"\",\"amt\":\"\"}],\"ceiling\":\"1000\",\"matrixValues\":{\"2_1\":\"\",\"2_2\":\"25\",\"2_3\":\"65\",\"2_4\":\"\",\"2_5\":\"\",\"2_6\":\"\",\"2_8\":\"\",\"2_9\":\"\",\"3_1\":\"\",\"3_2\":\"\",\"3_3\":\"119\",\"3_4\":\"\",\"3_5\":\"\",\"3_6\":\"\",\"3_8\":\"\",\"3_9\":\"\",\"5_1\":\"\",\"5_2\":\"\",\"5_3\":\"216\",\"5_4\":\"\",\"5_5\":\"\",\"5_6\":\"\",\"5_8\":\"\",\"5_9\":\"\",\"6_1\":\"180\",\"6_2\":\"\",\"6_3\":\"\",\"6_4\":\"\",\"6_5\":\"\",\"6_6\":\"\",\"6_8\":\"\",\"6_9\":\"\",\"8_1\":\"\",\"8_2\":\"\",\"8_3\":\"\",\"8_4\":\"\",\"8_5\":\"\",\"8_6\":\"\",\"8_8\":\"\",\"8_9\":\"\",\"9_1\":\"\",\"9_2\":\"\",\"9_3\":\"\",\"9_4\":\"\",\"9_5\":\"\",\"9_6\":\"\",\"9_8\":\"\",\"9_9\":\"\",\"10_1\":\"\",\"10_2\":\"\",\"10_3\":\"\",\"10_4\":\"\",\"10_5\":\"\",\"10_6\":\"\",\"10_8\":\"\",\"10_9\":\"\",\"11_1\":\"\",\"11_2\":\"\",\"11_3\":\"\",\"11_4\":\"\",\"11_5\":\"\",\"11_6\":\"\",\"11_8\":\"\",\"11_9\":\"\",\"12_1\":\"\",\"12_2\":\"\",\"12_3\":\"\",\"12_4\":\"\",\"12_5\":\"\",\"12_6\":\"\",\"12_8\":\"\",\"12_9\":\"\",\"13_1\":\"\",\"13_2\":\"214.3\",\"13_3\":\"\",\"13_4\":\"\",\"13_5\":\"\",\"13_6\":\"\",\"13_8\":\"\",\"13_9\":\"\",\"15_1\":\"\",\"15_2\":\"\",\"15_3\":\"\",\"15_4\":\"\",\"15_5\":\"\",\"15_6\":\"\",\"15_8\":\"\",\"15_9\":\"\",\"16_1\":\"\",\"16_2\":\"\",\"16_3\":\"\",\"16_4\":\"\",\"16_5\":\"\",\"16_6\":\"\",\"16_8\":\"\",\"16_9\":\"\"},\"controlRows\":[[\"25\",\"65\",\"\",\"216\",\"180\",\"51.5\"],[\"\",\"\",\"\",\"\",\"\",\"36.95\"],[\"\",\"\",\"\",\"\",\"\",\"125.85\"]],\"controlDescs\":[[\"خانم مفید به علی اصغر عبدی\",\"اقای مفید به علی اضغر عبدی\",\"انتقال به تاریخ 1405/02/08\",\"تقتی مفید به محمد تقی حسین زاده\",\"امیر فرشباف به امیر محمدپور جودیان\",\"خانم مفید به سید حجت طاهری\"],[\"\",\"\",\"\",\"\",\"\",\"خانم مفید به سید حجت طاهری انامق\"],[\"\",\"\",\"\",\"\",\"\",\"خانم مفید به میلاد مایل\"]]}', '2026-04-27 15:33:00', '2026-04-28 11:11:49'),
(27, 18, '1405-02-07', '{\"debtors\":[{\"id\":1,\"name\":\"تالشی\",\"amt\":\"17.325\"},{\"id\":2,\"name\":\"یاسر\",\"amt\":\"1.050\"},{\"id\":3,\"name\":\"سحر رضایی\",\"amt\":\"0.500\"},{\"id\":4,\"name\":\"امیر اقا\",\"amt\":\"113.723\"}],\"creditors\":[{\"id\":1,\"name\":\"امینی\",\"amt\":\"118.890\"},{\"id\":2,\"name\":\"تنخواه\",\"amt\":\"13.708\"}],\"pettys\":[{\"id\":1,\"desc\":\"مسکن 2\",\"amt\":\"158.111\"},{\"id\":2,\"desc\":\"ملت 2\",\"amt\":\"233.790\"},{\"id\":3,\"desc\":\"سپه\",\"amt\":\"6.412\"},{\"id\":4,\"desc\":\"رفاه\",\"amt\":\"269.066\"},{\"id\":5,\"desc\":\"اسکناس\",\"amt\":\"18.920\"}],\"bankers\":[{\"id\":1,\"name\":\"\",\"amt\":\"\"}],\"ceiling\":\"700\",\"matrixValues\":{\"1_1\":\"17.325\",\"1_2\":\"1.05\",\"1_3\":\"0.5\",\"1_4\":\"100.015\",\"2_1\":\"\",\"2_2\":\"\",\"2_3\":\"\",\"2_4\":\"13.708\"},\"controlRows\":[],\"controlDescs\":[]}', '2026-04-27 17:11:27', '2026-04-27 17:15:06'),
(29, 19, '1405-02-08', '{\"debtors\":[{\"id\":1,\"name\":\"رشادت\",\"amt\":\"97\"},{\"id\":2,\"name\":\"آقای مفید\",\"amt\":\"119\"},{\"id\":3,\"name\":\"بانک ها\",\"amt\":\"68.8\"},{\"id\":4,\"name\":\"مینا مرادی\",\"amt\":\"50\"},{\"id\":5,\"name\":\"امیر فرشباف \",\"amt\":\"58.25\"},{\"id\":6,\"name\":\"امینی\",\"amt\":\"487.5\"}],\"creditors\":[{\"id\":1,\"name\":\"دینی\",\"amt\":\"8.5\"},{\"id\":5,\"name\":\"میلاد هاتفی\",\"amt\":\"40\"},{\"id\":6,\"name\":\"مهر آبرسان\",\"amt\":\"266\"},{\"id\":7,\"name\":\"رضا سلطانی\",\"amt\":\"55.26\"},{\"id\":8,\"name\":\"هادی طلوعی مهر \",\"amt\":\"184.2\"},{\"id\":10,\"name\":\"معامله نشده \",\"amt\":\"6.53\"},{\"id\":12,\"name\":\"رضایی \",\"amt\":\"155.15\"},{\"id\":13,\"name\":\"بانک ها \",\"amt\":\"\"}],\"pettys\":[{\"id\":1,\"desc\":\"ملت ۱\",\"amt\":\"30.46\"},{\"id\":2,\"desc\":\"ملت ۳\",\"amt\":\"224.69\"},{\"id\":3,\"desc\":\"مسکن ۱\",\"amt\":\"6.7\"},{\"id\":4,\"desc\":\"مسکن ۳\",\"amt\":\"489.4\"},{\"id\":5,\"desc\":\"رسالت\",\"amt\":\"72.7\"},{\"id\":6,\"desc\":\"شهر \",\"amt\":\"224.2\"},{\"id\":7,\"desc\":\"صندوق\",\"amt\":\"20.65\"}],\"bankers\":[{\"id\":1,\"name\":\"\",\"amt\":\"\"}],\"ceiling\":\"1000\",\"matrixValues\":{\"1_1\":\"\",\"1_2\":\"\",\"1_3\":\"\",\"1_4\":\"\",\"1_5\":\"\",\"1_6\":\"\",\"5_1\":\"\",\"5_2\":\"\",\"5_3\":\"\",\"5_4\":\"\",\"5_5\":\"40\",\"5_6\":\"\",\"6_1\":\"\",\"6_2\":\"\",\"6_3\":\"\",\"6_4\":\"\",\"6_5\":\"\",\"6_6\":\"266\",\"7_1\":\"\",\"7_2\":\"\",\"7_3\":\"0.26\",\"7_4\":\"\",\"7_5\":\"\",\"7_6\":\"55\",\"8_1\":\"\",\"8_2\":\"119\",\"8_3\":\"65.2\",\"8_4\":\"\",\"8_5\":\"\",\"8_6\":\"\",\"10_1\":\"\",\"10_2\":\"\",\"10_3\":\"\",\"10_4\":\"\",\"10_5\":\"\",\"10_6\":\"\",\"12_1\":\"\",\"12_2\":\"\",\"12_3\":\"0.15\",\"12_4\":\"\",\"12_5\":\"\",\"12_6\":\"155\",\"13_1\":\"\",\"13_2\":\"\",\"13_3\":\"\",\"13_4\":\"\",\"13_5\":\"\",\"13_6\":\"\"},\"controlRows\":[[\"40\",\"200\",\"0.26\",\"55\",\"119\",\"50\",\"\",\"50\"],[\"\",\"\",\"\",\"\",\"\",\"15.2\",\"\",\"105\"]],\"controlDescs\":[[\"امیر فرباف به میلاد هاتفی\",\"اقای احمد به مهر امیر فرشباف\",\"ملت 1 به رضا سلطانی\",\"مسعودامینی به احمد سلطانی\",\"اقای مفید به هادی طلوعی\",\"عرفان بساطی به هادی طلوعی مهر\",\"\",\"اقای علی به علیرضا صداقی\"],[\"\",\"\",\"\",\"\",\"\",\"رسالت به هادی طلوعی\",\"\",\"مسعود امینی به علیرضا صداقی\"]]}', '2026-04-27 21:25:33', '2026-04-29 14:45:38'),
(34, 31, '1405-02-08', '{\"debtors\":[{\"id\":3,\"name\":\"شعبه طاقانی\",\"amt\":\"266\"}],\"creditors\":[{\"id\":3,\"name\":\"بانک ها\",\"amt\":\"265.8\"}],\"pettys\":[{\"id\":1,\"desc\":\"مهر ایران\",\"amt\":\"224.2\"},{\"id\":2,\"desc\":\"صندوق ریالی\",\"amt\":\"10\"}],\"bankers\":[{\"id\":1,\"name\":\"\",\"amt\":\"\"}],\"ceiling\":\"500\",\"matrixValues\":{\"3_3\":\"\"},\"controlRows\":[],\"controlDescs\":[]}', '2026-04-28 16:24:11', '2026-04-29 10:35:53'),
(35, 31, '1405-02-15', '{\"debtors\":[{\"id\":1,\"name\":\"خانم شهیر\",\"amt\":\"750\"},{\"id\":2,\"name\":\"تنخواه\",\"amt\":\"11.3\"}],\"creditors\":[{\"id\":1,\"name\":\"امینی\",\"amt\":\"761.300\"},{\"id\":3,\"name\":\"\",\"amt\":\"\"}],\"pettys\":[{\"id\":1,\"desc\":\"مهر\",\"amt\":\"501.400\"},{\"id\":2,\"desc\":\"صندوق\",\"amt\":\"10\"}],\"bankers\":[{\"id\":1,\"name\":\"امینی\",\"amt\":\"39.534\"}],\"ceiling\":\"500\",\"matrixValues\":{\"1_1\":\"750\",\"1_2\":\"11.3\",\"3_1\":\"\",\"3_2\":\"\"},\"controlRows\":[],\"controlDescs\":[]}', '2026-04-28 16:26:26', '2026-05-05 17:37:48'),
(36, 18, '1405-02-08', '{\"debtors\":[{\"id\":1,\"name\":\"تالشی\",\"amt\":\"17.325\"},{\"id\":2,\"name\":\"امینی\",\"amt\":\"934.309\"},{\"id\":3,\"name\":\"یاسر\",\"amt\":\"1.050\"},{\"id\":4,\"name\":\"اقای فرشباف\",\"amt\":\"113.723\"}],\"creditors\":[{\"id\":1,\"name\":\"بشیر خدایی\",\"amt\":\"370\"},{\"id\":2,\"name\":\"تنخواه\",\"amt\":\"171.707\"},{\"id\":3,\"name\":\"محمد کارگر\",\"amt\":\"524.7\"}],\"pettys\":[{\"id\":1,\"desc\":\"ملت 2\",\"amt\":\"98.130\"},{\"id\":2,\"desc\":\"مسکن 2\",\"amt\":\"148.107\"},{\"id\":3,\"desc\":\"رفاه\",\"amt\":\"256.661\"},{\"id\":4,\"desc\":\"سپه\",\"amt\":\"6.412\"},{\"id\":5,\"desc\":\"صندوق\",\"amt\":\"18.890\"}],\"bankers\":[{\"id\":1,\"name\":\"\",\"amt\":\"\"}],\"ceiling\":\"700\",\"matrixValues\":{\"1_1\":\"17.325\",\"1_2\":\"352.675\",\"1_3\":\"\",\"1_4\":\"\",\"2_1\":\"\",\"2_2\":\"171.707\",\"2_3\":\"\",\"2_4\":\"\",\"3_1\":\"\",\"3_2\":\"409.927\",\"3_3\":\"1.05\",\"3_4\":\"113.723\"},\"controlRows\":[],\"controlDescs\":[]}', '2026-04-28 17:13:46', '2026-04-28 17:29:27'),
(37, 19, '1405-02-09', '{\"debtors\":[{\"id\":1,\"name\":\"امینی\",\"amt\":\"576.7\"},{\"id\":2,\"name\":\"محمد کریمی زاد\",\"amt\":\"121.8\"},{\"id\":4,\"name\":\"الهه فرضی\",\"amt\":\"36.25\"},{\"id\":8,\"name\":\"آقای فرشباف \",\"amt\":\"18.250\"},{\"id\":9,\"name\":\"نگین\",\"amt\":\"0.22\"},{\"id\":10,\"name\":\"قالیچی\",\"amt\":\"0.38\"},{\"id\":11,\"name\":\"هزینه معامله نشده\",\"amt\":\"38.450\"},{\"id\":12,\"name\":\"\",\"amt\":\"\"}],\"creditors\":[{\"id\":1,\"name\":\"سجاد سنگ فروش\",\"amt\":\"8.82\"},{\"id\":3,\"name\":\"بانک ها \",\"amt\":\"385.89\"},{\"id\":4,\"name\":\"آقای جلیلی\",\"amt\":\"200\"},{\"id\":5,\"name\":\"جودیان\",\"amt\":\"121.8\"},{\"id\":8,\"name\":\"دینی\",\"amt\":\"8.5\"},{\"id\":9,\"name\":\"شمیم\",\"amt\":\"0.88\"},{\"id\":10,\"name\":\"مهر ابرسان\",\"amt\":\"66\"}],\"pettys\":[{\"id\":1,\"desc\":\"ملت ۱\",\"amt\":\"113.2\"},{\"id\":2,\"desc\":\"ملت ۳\",\"amt\":\"63.75\"},{\"id\":3,\"desc\":\"مسکن۱ \",\"amt\":\"56.7\"},{\"id\":4,\"desc\":\"مسکن ۲\",\"amt\":\"89.38\"},{\"id\":5,\"desc\":\"شهر\",\"amt\":\"250.3\"},{\"id\":6,\"desc\":\"رسالت \",\"amt\":\"34.68\"},{\"id\":7,\"desc\":\"صندوق \",\"amt\":\"24.7\"},{\"id\":8,\"desc\":\"کارتخوان شهر\",\"amt\":\"-18.6\"}],\"bankers\":[{\"id\":1,\"name\":\"\",\"amt\":\"\"}],\"ceiling\":\"1000\",\"matrixValues\":{\"1_1\":\"\",\"1_2\":\"\",\"1_4\":\"\",\"1_8\":\"\",\"1_9\":\"\",\"1_10\":\"\",\"1_11\":\"\",\"1_12\":\"\",\"3_1\":\"234\",\"3_2\":\"\",\"3_4\":\"\",\"3_8\":\"18.25\",\"3_9\":\"\",\"3_10\":\"\",\"3_11\":\"\",\"3_12\":\"\",\"4_1\":\"200\",\"4_2\":\"\",\"4_4\":\"\",\"4_8\":\"\",\"4_9\":\"\",\"4_10\":\"\",\"4_11\":\"\",\"4_12\":\"\",\"5_1\":\"\",\"5_2\":\"121.8\",\"5_4\":\"\",\"5_8\":\"\",\"5_9\":\"\",\"5_10\":\"\",\"5_11\":\"\",\"5_12\":\"\",\"8_1\":\"\",\"8_2\":\"\",\"8_4\":\"\",\"8_8\":\"\",\"8_9\":\"\",\"8_10\":\"\",\"8_11\":\"\",\"8_12\":\"\",\"9_1\":\"\",\"9_2\":\"\",\"9_4\":\"\",\"9_8\":\"\",\"9_9\":\"\",\"9_10\":\"\",\"9_11\":\"\",\"9_12\":\"\",\"10_1\":\"66\",\"10_2\":\"\",\"10_4\":\"\",\"10_8\":\"\",\"10_9\":\"\",\"10_10\":\"\",\"10_11\":\"\",\"10_12\":\"\"},\"controlRows\":[[\"\",\"\",\"\",\"\",\"\"]],\"controlDescs\":[[\"\",\"\",\"\",\"\",\"\"]]}', '2026-04-29 07:11:26', '2026-05-19 16:59:51'),
(42, 18, '1405-02-09', '{\"debtors\":[{\"id\":1,\"name\":\"ساعی\",\"amt\":\"332.200\"},{\"id\":2,\"name\":\"تالشی\",\"amt\":\"17.325\"},{\"id\":3,\"name\":\"آقای فرشباف\",\"amt\":\"413.723\"}],\"creditors\":[{\"id\":1,\"name\":\"امینی\",\"amt\":\"668.493\"},{\"id\":2,\"name\":\"تنخواه\",\"amt\":\"94.755\"}],\"pettys\":[{\"id\":1,\"desc\":\"رفاه\",\"amt\":\"434.661\"},{\"id\":2,\"desc\":\"مسکن 2\",\"amt\":\"133.102\"},{\"id\":3,\"desc\":\"ملت 2\",\"amt\":\"12.180\"},{\"id\":4,\"desc\":\"سپه\",\"amt\":\"6.412\"},{\"id\":5,\"desc\":\"صندوق\",\"amt\":\"18.890\"}],\"bankers\":[{\"id\":1,\"name\":\"\",\"amt\":\"\"}],\"ceiling\":\"700\",\"matrixValues\":{\"1_1\":\"332.2\",\"1_2\":\"17.325\",\"1_3\":\"318.968\",\"2_1\":\"0\",\"2_2\":\"0\",\"2_3\":\"94.755\"},\"controlRows\":[],\"controlDescs\":[]}', '2026-04-29 16:52:32', '2026-04-29 17:09:08'),
(43, 19, '1405-02-10', '{\"debtors\":[{\"id\":1,\"name\":\"الهه فرضی\",\"amt\":\"36.25\"},{\"id\":2,\"name\":\"اقای فرشباف\",\"amt\":\"18.25\"},{\"id\":3,\"name\":\"نگین\",\"amt\":\"0.22\"},{\"id\":4,\"name\":\"قالیچی\",\"amt\":\"609.5\"},{\"id\":5,\"name\":\"امینی\",\"amt\":\"747.5\"},{\"id\":6,\"name\":\"جودیان\",\"amt\":\"1.6\"},{\"id\":10,\"name\":\"بانک\",\"amt\":\"\"}],\"creditors\":[{\"id\":1,\"name\":\"دانشور\",\"amt\":\"429\"},{\"id\":2,\"name\":\"زهرا ناصری\",\"amt\":\"609.15\"},{\"id\":3,\"name\":\"سجاد رنگ فروش\",\"amt\":\"8.82\"},{\"id\":4,\"name\":\"مهر آبرسان\",\"amt\":\"66\"},{\"id\":5,\"name\":\"شمیم\",\"amt\":\"0.88\"},{\"id\":6,\"name\":\"بانک ها\",\"amt\":\"289.2\"},{\"id\":9,\"name\":\"دینی\",\"amt\":\"8.5\"}],\"pettys\":[{\"id\":1,\"desc\":\"ملت1\",\"amt\":\"92.4\"},{\"id\":2,\"desc\":\"ملت3\",\"amt\":\"11.8\"},{\"id\":3,\"desc\":\"مسکن1\",\"amt\":\"6.7\"},{\"id\":4,\"desc\":\"مسکن3\",\"amt\":\"55.7\"},{\"id\":5,\"desc\":\"رسالت\",\"amt\":\"267.5\"},{\"id\":6,\"desc\":\"شهر\",\"amt\":\"250.3\"},{\"id\":7,\"desc\":\"صندوق\",\"amt\":\"26.4\"}],\"bankers\":[{\"id\":1,\"name\":\"\",\"amt\":\"\"}],\"ceiling\":\"1000\",\"matrixValues\":{\"1_1\":\"\",\"1_2\":\"\",\"1_3\":\"\",\"1_4\":\"290\",\"1_5\":\"138\",\"1_6\":\"\",\"1_10\":\"1\",\"2_1\":\"\",\"2_2\":\"\",\"2_3\":\"\",\"2_4\":\"\",\"2_5\":\"609\",\"2_6\":\"\",\"2_10\":\"0.15\",\"3_1\":\"\",\"3_2\":\"\",\"3_3\":\"\",\"3_4\":\"\",\"3_5\":\"\",\"3_6\":\"\",\"3_10\":\"\",\"4_1\":\"\",\"4_2\":\"\",\"4_3\":\"\",\"4_4\":\"\",\"4_5\":\"\",\"4_6\":\"\",\"4_10\":\"\",\"5_1\":\"\",\"5_2\":\"\",\"5_3\":\"\",\"5_4\":\"\",\"5_5\":\"\",\"5_6\":\"\",\"5_10\":\"\",\"6_1\":\"\",\"6_2\":\"18.25\",\"6_3\":\"\",\"6_4\":\"\",\"6_5\":\"\",\"6_6\":\"\",\"6_10\":\"\",\"9_1\":\"\",\"9_2\":\"\",\"9_3\":\"\",\"9_4\":\"\",\"9_5\":\"\",\"9_6\":\"\",\"9_10\":\"\"},\"controlRows\":[[\"290\",\"138\",\"1\",\"21\",\"0.15\",\"\"],[\"\",\"\",\"\",\"79\",\"\",\"\"],[\"\",\"\",\"\",\"200\",\"\",\"\"],[\"\",\"\",\"\",\"100\",\"\",\"\"],[\"\",\"\",\"\",\"80\",\"\",\"\"]],\"controlDescs\":[[\"\",\"\",\"\",\"\",\"\",\"\"],[\"\",\"\",\"\",\"\",\"\",\"\"],[\"\",\"\",\"\",\"\",\"\",\"\"],[\"\",\"\",\"\",\"\",\"\",\"\"],[\"\",\"\",\"\",\"\",\"\",\"\"]]}', '2026-04-29 20:30:44', '2026-05-02 14:51:00'),
(45, 18, '1405-02-10', '{\"debtors\":[{\"id\":1,\"name\":\"تالشی\",\"amt\":\"17.325\"},{\"id\":2,\"name\":\"امیر اقا\",\"amt\":\"513.723\"},{\"id\":3,\"name\":\"کارتخوان رفاه\",\"amt\":\"52\"}],\"creditors\":[{\"id\":1,\"name\":\"امینی\",\"amt\":\"383.493\"},{\"id\":2,\"name\":\"تنخواه\",\"amt\":\"195.295\"},{\"id\":3,\"name\":\"واریزی مشتری ناشناس\",\"amt\":\"4.260\"}],\"pettys\":[{\"id\":1,\"desc\":\"ملت 2\",\"amt\":\"31.680\"},{\"id\":2,\"desc\":\"مسکن 2\",\"amt\":\"13.094\"},{\"id\":3,\"desc\":\"سپه\",\"amt\":\"6.412\"},{\"id\":4,\"desc\":\"رفاه\",\"amt\":\"434.629\"},{\"id\":5,\"desc\":\"اسکناس\",\"amt\":\"18.890\"}],\"bankers\":[{\"id\":1,\"name\":\"\",\"amt\":\"\"}],\"ceiling\":\"700\",\"matrixValues\":{\"1_1\":\"17.325\",\"1_2\":\"366.168\",\"1_3\":\"\",\"2_1\":\"\",\"2_2\":\"143.295\",\"2_3\":\"52\",\"3_1\":\"\",\"3_2\":\"\",\"3_3\":\"4.260\"},\"controlRows\":[],\"controlDescs\":[]}', '2026-04-30 16:13:01', '2026-04-30 16:30:06'),
(48, 19, '1405-02-12', '{\"debtors\":[{\"id\":1,\"name\":\"الهه فرضی\",\"amt\":\"36.25\"},{\"id\":2,\"name\":\"اقای فرشباف\",\"amt\":\"18.25\"},{\"id\":3,\"name\":\"نگین\",\"amt\":\"0.22\"},{\"id\":5,\"name\":\"جودیان\",\"amt\":\"1.6\"},{\"id\":6,\"name\":\"امینی\",\"amt\":\"745.5\"},{\"id\":7,\"name\":\"قالیچی\",\"amt\":\"197.8\"},{\"id\":9,\"name\":\"محمد کریمی زاد\",\"amt\":\"121.8\"},{\"id\":11,\"name\":\"بانک ها \",\"amt\":\"0\"}],\"creditors\":[{\"id\":1,\"name\":\"شمیم\",\"amt\":\"0.88\"},{\"id\":2,\"name\":\"دینی\",\"amt\":\"8.5\"},{\"id\":3,\"name\":\"سجاد رنگ فروش\",\"amt\":\"8.82\"},{\"id\":4,\"name\":\"مهر آبرسان\",\"amt\":\"66\"},{\"id\":5,\"name\":\"زهرا ناصری\",\"amt\":\"129\"},{\"id\":6,\"name\":\"بانک ها\",\"amt\":\"686.97\"},{\"id\":7,\"name\":\"اکبر زاده\",\"amt\":\"89.5\"},{\"id\":9,\"name\":\"رضایی\",\"amt\":\"0.44\"},{\"id\":11,\"name\":\"زینب سمندر\",\"amt\":\"121.8\"},{\"id\":13,\"name\":\"نفیس\",\"amt\":\"0.85\"},{\"id\":14,\"name\":\"لیلا تقی پور\",\"amt\":\"31.3\"}],\"pettys\":[{\"id\":1,\"desc\":\"ملت1\",\"amt\":\"0.3\"},{\"id\":2,\"desc\":\"ملت3\",\"amt\":\"1.7\"},{\"id\":3,\"desc\":\"مسکن1\",\"amt\":\"6.7\"},{\"id\":4,\"desc\":\"مسکن3\",\"amt\":\"60.58\"},{\"id\":5,\"desc\":\"رسالت\",\"amt\":\"150\"},{\"id\":6,\"desc\":\"شهر\",\"amt\":\"67.35\"},{\"id\":7,\"desc\":\"صندوق\",\"amt\":\"26.4\"}],\"bankers\":[{\"id\":5,\"name\":\"امینی\",\"amt\":\"-18\"}],\"ceiling\":\"1000\",\"matrixValues\":{\"1_1\":\"\",\"1_2\":\"\",\"1_3\":\"\",\"1_5\":\"\",\"1_6\":\"\",\"1_7\":\"\",\"1_9\":\"\",\"1_11\":\"\",\"2_1\":\"\",\"2_2\":\"\",\"2_3\":\"\",\"2_5\":\"\",\"2_6\":\"\",\"2_7\":\"\",\"2_9\":\"\",\"2_11\":\"\",\"3_1\":\"\",\"3_2\":\"\",\"3_3\":\"\",\"3_5\":\"\",\"3_6\":\"\",\"3_7\":\"\",\"3_9\":\"\",\"3_11\":\"\",\"4_1\":\"\",\"4_2\":\"\",\"4_3\":\"\",\"4_5\":\"\",\"4_6\":\"66\",\"4_7\":\"\",\"4_9\":\"\",\"4_11\":\"\",\"5_1\":\"\",\"5_2\":\"\",\"5_3\":\"\",\"5_5\":\"\",\"5_6\":\"29\",\"5_7\":\"100\",\"5_9\":\"\",\"5_11\":\"\",\"6_1\":\"\",\"6_2\":\"18.25\",\"6_3\":\"\",\"6_5\":\"\",\"6_6\":\"600\",\"6_7\":\"\",\"6_9\":\"\",\"6_11\":\"\",\"7_1\":\"\",\"7_2\":\"\",\"7_3\":\"\",\"7_5\":\"\",\"7_6\":\"\",\"7_7\":\"89\",\"7_9\":\"\",\"7_11\":\"0.5\",\"9_1\":\"\",\"9_2\":\"\",\"9_3\":\"\",\"9_5\":\"\",\"9_6\":\"\",\"9_7\":\"\",\"9_9\":\"\",\"9_11\":\"\",\"11_1\":\"\",\"11_2\":\"\",\"11_3\":\"\",\"11_5\":\"\",\"11_6\":\"\",\"11_7\":\"\",\"11_9\":\"121.8\",\"11_11\":\"\",\"13_1\":\"\",\"13_2\":\"\",\"13_3\":\"\",\"13_5\":\"\",\"13_6\":\"\",\"13_7\":\"\",\"13_9\":\"\",\"13_11\":\"\",\"14_1\":\"\",\"14_2\":\"\",\"14_3\":\"\",\"14_5\":\"\",\"14_6\":\"30\",\"14_7\":\"\",\"14_9\":\"\",\"14_11\":\"1.3\"},\"controlRows\":[[\"66\",\"29\",\"80\",\"18.25\",\"\",\"89\",\"0.5\",\"121.8\",\"30\",\"1.3\"],[\"\",\"\",\"10\",\"\",\"\",\"\",\"\",\"\",\"\",\"\"],[\"\",\"\",\"\",\"\",\"\",\"\",\"\",\"\",\"\",\"\"]],\"controlDescs\":[[\"مسعود امینی به مهر امیر فرشباف\",\"مسعود امینی به نیما عزیزی بهروز\",\"داود واحدی به نیما عزیزی\",\"\",\"\",\"\",\"\",\"کریم کریمی زاد به علیرضا مهریاری\",\"\",\"مسکن به تقی پور\"],[\"\",\"\",\"امیر عطا به نیما عزیزی\",\"\",\"\",\"\",\"\",\"\",\"\",\"\"],[\"\",\"\",\"\",\"\",\"\",\"\",\"\",\"\",\"\",\"\"]]}', '2026-05-02 07:39:03', '2026-05-03 15:50:42'),
(50, 18, '1405-02-12', '{\"debtors\":[{\"id\":1,\"name\":\"امیر اقا\",\"amt\":\"214.973\"},{\"id\":2,\"name\":\"تالشی\",\"amt\":\"17.325\"},{\"id\":4,\"name\":\"کارتخوان رفاه\",\"amt\":\"2.350\"}],\"creditors\":[{\"id\":1,\"name\":\"امینی \",\"amt\":\"87.627\"},{\"id\":2,\"name\":\"مبلغ نامعلوم\",\"amt\":\"4.5\"},{\"id\":3,\"name\":\"تنخواه\",\"amt\":\"142.521\"}],\"pettys\":[{\"id\":1,\"desc\":\"ملت 2\",\"amt\":\"232.483\"},{\"id\":2,\"desc\":\"مسکن 2\",\"amt\":\"13.094\"},{\"id\":3,\"desc\":\"سپه\",\"amt\":\"6.412\"},{\"id\":4,\"desc\":\"رفاه\",\"amt\":\"286.598\"},{\"id\":5,\"desc\":\"اسکناس\",\"amt\":\"18.890\"}],\"bankers\":[{\"id\":1,\"name\":\"\",\"amt\":\"\"}],\"ceiling\":\"700\",\"matrixValues\":{\"1_1\":\"67.952\",\"1_2\":\"17.325\",\"1_4\":\"2.35\",\"2_1\":\"4.5\",\"2_2\":\"\",\"2_4\":\"\",\"3_1\":\"142.521\",\"3_2\":\"\",\"3_4\":\"\"},\"controlRows\":[],\"controlDescs\":[]}', '2026-05-02 16:58:55', '2026-05-02 17:07:08'),
(52, 19, '1405-02-13', '{\"debtors\":[{\"id\":1,\"name\":\"الهه فرضی\",\"amt\":\"28\"},{\"id\":2,\"name\":\"نگین\",\"amt\":\"0.2\"},{\"id\":3,\"name\":\"جودیان\",\"amt\":\"20\"},{\"id\":4,\"name\":\"امینی\",\"amt\":\"831.8\"},{\"id\":5,\"name\":\"قالیچی\",\"amt\":\"180\"},{\"id\":6,\"name\":\"فخرزاد\",\"amt\":\"350\"},{\"id\":7,\"name\":\"کریمی زاد\",\"amt\":\"324.38\"},{\"id\":8,\"name\":\"بانک ها\",\"amt\":\"0\"}],\"creditors\":[{\"id\":1,\"name\":\"شمیم\",\"amt\":\"0.9\"},{\"id\":2,\"name\":\"دینی\",\"amt\":\"8.5\"},{\"id\":3,\"name\":\"سجاد رنگ فروش\",\"amt\":\"8.82\"},{\"id\":4,\"name\":\"یاسر\",\"amt\":\"355.65\"},{\"id\":5,\"name\":\"دانشور\",\"amt\":\"36.8\"},{\"id\":6,\"name\":\"محمد علی زاد\",\"amt\":\"398\"},{\"id\":7,\"name\":\"بایرام جعفری\",\"amt\":\"90.3\"},{\"id\":8,\"name\":\"بانک ها\",\"amt\":\"655.93\"},{\"id\":9,\"name\":\"امیر آقا \",\"amt\":\"200\"}],\"pettys\":[{\"id\":1,\"desc\":\"ملت1\",\"amt\":\"0.3\"},{\"id\":2,\"desc\":\"ملت3\",\"amt\":\"218.3\"},{\"id\":3,\"desc\":\"مسکن1\",\"amt\":\"4.9\"},{\"id\":4,\"desc\":\"مسکن3\",\"amt\":\"24.65\"},{\"id\":5,\"desc\":\"شهر\",\"amt\":\"65.7\"},{\"id\":6,\"desc\":\"رسالت\",\"amt\":\"0\"},{\"id\":7,\"desc\":\"صندوق\",\"amt\":\"30.22\"}],\"bankers\":[{\"id\":1,\"name\":\"\",\"amt\":\"\"}],\"ceiling\":\"1000\",\"matrixValues\":{\"1_1\":\"\",\"1_2\":\"\",\"1_3\":\"\",\"1_4\":\"\",\"1_5\":\"\",\"1_6\":\"\",\"1_7\":\"\",\"1_8\":\"\",\"2_1\":\"\",\"2_2\":\"\",\"2_3\":\"\",\"2_4\":\"\",\"2_5\":\"\",\"2_6\":\"\",\"2_7\":\"\",\"2_8\":\"\",\"3_1\":\"\",\"3_2\":\"\",\"3_3\":\"\",\"3_4\":\"\",\"3_5\":\"\",\"3_6\":\"\",\"3_7\":\"\",\"3_8\":\"\",\"4_1\":\"\",\"4_2\":\"\",\"4_3\":\"\",\"4_4\":\"25\",\"4_5\":\"\",\"4_6\":\"\",\"4_7\":\"324.38\",\"4_8\":\"6.27\",\"5_1\":\"\",\"5_2\":\"\",\"5_3\":\"\",\"5_4\":\"36\",\"5_5\":\"\",\"5_6\":\"\",\"5_7\":\"\",\"5_8\":\"0.8\",\"6_1\":\"\",\"6_2\":\"\",\"6_3\":\"\",\"6_4\":\"48\",\"6_5\":\"\",\"6_6\":\"350\",\"6_7\":\"\",\"6_8\":\"\",\"7_1\":\"\",\"7_2\":\"\",\"7_3\":\"\",\"7_4\":\"\",\"7_5\":\"90\",\"7_6\":\"\",\"7_7\":\"\",\"7_8\":\"0.3\",\"8_1\":\"\",\"8_2\":\"\",\"8_3\":\"\",\"8_4\":\"650\",\"8_5\":\"\",\"8_6\":\"\",\"8_7\":\"\",\"8_8\":\"\",\"9_1\":\"\",\"9_2\":\"\",\"9_3\":\"\",\"9_4\":\"\",\"9_5\":\"\",\"9_6\":\"\",\"9_7\":\"\",\"9_8\":\"\"},\"controlRows\":[[\"25\",\"102.7375\",\"6.27\",\"36\",\"0.8\",\"48\",\"231\",\"0\",\"90.3\",\"650\"],[\"\",\"100\",\"\",\"\",\"\",\"\",\"39\",\"\",\"\",\"\"],[\"\",\"121.6425\",\"\",\"\",\"\",\"\",\"80\",\"\",\"\",\"\"]],\"controlDescs\":[[\"مسعود امینی به تیر تخش\",\"کریمی زاد به تیر تختش\",\"شهر به الهه دبیر\",\"مسعود امینی به دانشور\",\"شهر به دانشور\",\"مسعود امینی به محمد علی زاد\",\"پای گردقره آغاج به علی زاد\",\"\",\"ملت3 به بایرام جعفری\",\"مسعود امینی به ملت 3\"],[\"\",\"کریمی زاد به تیر تختش\",\"\",\"\",\"\",\"\",\"فرناز فرخی فر به علی زاد\",\"\",\"\",\"\"],[\"\",\"کریمی زاد به تیر تختش\",\"\",\"\",\"\",\"\",\"به علی زاد\",\"\",\"\",\"\"]]}', '2026-05-02 23:24:56', '2026-05-04 18:10:50'),
(54, 31, '1405-02-13', '{\"debtors\":[{\"id\":1,\"name\":\"امینی\",\"amt\":\"240\"}],\"creditors\":[{\"id\":1,\"name\":\"آقای فرشباف\",\"amt\":\"100\"},{\"id\":2,\"name\":\"تنخواه\",\"amt\":\"140\"}],\"pettys\":[{\"id\":1,\"desc\":\"مهر\",\"amt\":\"350\"},{\"id\":2,\"desc\":\"صندوق\",\"amt\":\"10\"}],\"bankers\":[{\"id\":1,\"name\":\"امینی\",\"amt\":\"0.204\"}],\"ceiling\":\"500\",\"matrixValues\":{\"1_1\":\"100\",\"2_1\":\"140\"},\"controlRows\":[[\"\",\"\"]],\"controlDescs\":[[\"\",\"\"]]}', '2026-05-03 17:00:48', '2026-05-03 17:15:25'),
(56, 18, '1405-02-13', '{\"debtors\":[{\"id\":1,\"name\":\"هادی زارع\",\"amt\":\"283.750\"},{\"id\":2,\"name\":\"تالشی\",\"amt\":\"17.325\"},{\"id\":3,\"name\":\"امیر اقا\",\"amt\":\"360.973\"},{\"id\":4,\"name\":\"کارتخوان\",\"amt\":\"40.650\"}],\"creditors\":[{\"id\":1,\"name\":\"مبلغ نامعلوم\",\"amt\":\"4.5\"},{\"id\":2,\"name\":\"امینی\",\"amt\":\"267.007\"},{\"id\":3,\"name\":\"تنخواه\",\"amt\":\"430.12\"},{\"id\":4,\"name\":\"خرید بابت اضافی طلا\",\"amt\":\"1.071\"}],\"pettys\":[{\"id\":1,\"desc\":\"ملت 2\",\"amt\":\"82.683\"},{\"id\":2,\"desc\":\"مسکن 2\",\"amt\":\"13.094\"},{\"id\":3,\"desc\":\"سپه\",\"amt\":\"6.412\"},{\"id\":4,\"desc\":\"رفاه\",\"amt\":\"148.801\"},{\"id\":5,\"desc\":\"اسکناس\",\"amt\":\"18.890\"}],\"bankers\":[{\"id\":1,\"name\":\"\",\"amt\":\"\"}],\"ceiling\":\"700\",\"matrixValues\":{\"1_1\":\"4.5\",\"1_2\":\"\",\"1_3\":\"\",\"1_4\":\"\",\"2_1\":\"267.007\",\"2_2\":\"\",\"2_3\":\"\",\"2_4\":\"\",\"3_1\":\"11.172\",\"3_2\":\"17.325\",\"3_3\":\"360.973\",\"3_4\":\"40.650\",\"4_1\":\"1.071\",\"4_2\":\"\",\"4_3\":\"\",\"4_4\":\"\"},\"controlRows\":[],\"controlDescs\":[]}', '2026-05-03 17:39:05', '2026-05-03 17:48:58'),
(61, 18, '1405-02-14', '{\"debtors\":[{\"id\":1,\"name\":\"هادی زارع\",\"amt\":\"0.750\"},{\"id\":2,\"name\":\"آقا فرشباف\",\"amt\":\"160.973\"},{\"id\":3,\"name\":\"کارتخوان رفاه\",\"amt\":\"35.500\"},{\"id\":4,\"name\":\"تنخواه\",\"amt\":\"41.01\"}],\"creditors\":[{\"id\":1,\"name\":\"امینی\",\"amt\":\"233.733\"},{\"id\":2,\"name\":\"واریزی مشتری ناشناس\",\"amt\":\"4.5\"}],\"pettys\":[{\"id\":1,\"desc\":\"ملت2\",\"amt\":\"230.163\"},{\"id\":2,\"desc\":\"مسکن2\",\"amt\":\"296.094\"},{\"id\":3,\"desc\":\"سپه\",\"amt\":\"6.412\"},{\"id\":4,\"desc\":\"رفاه\",\"amt\":\"189.443\"},{\"id\":5,\"desc\":\"صندوق\",\"amt\":\"18.890\"}],\"bankers\":[{\"id\":1,\"name\":\"\",\"amt\":\"\"}],\"ceiling\":\"700\",\"matrixValues\":{\"1_1\":\"\",\"1_2\":\"160.973\",\"1_3\":\"35.5\",\"1_4\":\"37.26\",\"2_1\":\"0.75\",\"2_2\":\"\",\"2_3\":\"\",\"2_4\":\"3.75\"},\"controlRows\":[],\"controlDescs\":[]}', '2026-05-04 17:03:19', '2026-05-04 17:20:39'),
(62, 19, '1405-02-14', '{\"debtors\":[{\"id\":1,\"name\":\"بهروز همراهی\",\"amt\":\"912.5\"},{\"id\":2,\"name\":\"رضایی\",\"amt\":\"39.5\"},{\"id\":5,\"name\":\"الهه فرضی \",\"amt\":\"28\"},{\"id\":6,\"name\":\"نگین\",\"amt\":\"0.2\"},{\"id\":7,\"name\":\"جودیان\",\"amt\":\"20\"},{\"id\":8,\"name\":\"قالیچی\",\"amt\":\"18.9\"},{\"id\":9,\"name\":\"کرمی زاد\",\"amt\":\"0.1\"}],\"creditors\":[{\"id\":1,\"name\":\"حمید حمیدی \",\"amt\":\"111.7\"},{\"id\":2,\"name\":\"بانک ها\",\"amt\":\"210.72\"},{\"id\":3,\"name\":\"یوسف هنرور\",\"amt\":\"152\"},{\"id\":4,\"name\":\"رقیه سلیمی\",\"amt\":\"48\"},{\"id\":5,\"name\":\"ریحان سلمانی\",\"amt\":\"90\"},{\"id\":7,\"name\":\"بهرنگ\",\"amt\":\"160\"},{\"id\":8,\"name\":\"امینی\",\"amt\":\"233.5\"},{\"id\":12,\"name\":\"دینی\",\"amt\":\"8.5\"},{\"id\":14,\"name\":\"شمیم\",\"amt\":\"0.9\"},{\"id\":16,\"name\":\"نفیس\",\"amt\":\"0.85\"},{\"id\":18,\"name\":\"بانک شهر\",\"amt\":\"18.65\"}],\"pettys\":[{\"id\":1,\"desc\":\"ملت 1\",\"amt\":\"0.3\"},{\"id\":2,\"desc\":\"ملت 3\",\"amt\":\"643\"},{\"id\":3,\"desc\":\"مسکن 1\",\"amt\":\"4.9\"},{\"id\":4,\"desc\":\"مسکن 3\",\"amt\":\"0.445\"},{\"id\":5,\"desc\":\"شهر \",\"amt\":\"110.4\"},{\"id\":6,\"desc\":\"رسالت \",\"amt\":\"0.035\"},{\"id\":7,\"desc\":\"صندوق \",\"amt\":\"30.2\"}],\"bankers\":[{\"id\":1,\"name\":\"\",\"amt\":\"\"}],\"ceiling\":\"1000\",\"matrixValues\":{\"1_1\":\"\",\"1_2\":\"\",\"1_5\":\"\",\"1_6\":\"\",\"1_7\":\"\",\"1_8\":\"\",\"1_9\":\"\",\"2_1\":\"229.5\",\"2_2\":\"39.5\",\"2_5\":\"\",\"2_6\":\"\",\"2_7\":\"\",\"2_8\":\"\",\"2_9\":\"\",\"3_1\":\"152\",\"3_2\":\"\",\"3_5\":\"\",\"3_6\":\"\",\"3_7\":\"\",\"3_8\":\"\",\"3_9\":\"\",\"4_1\":\"48\",\"4_2\":\"\",\"4_5\":\"\",\"4_6\":\"\",\"4_7\":\"\",\"4_8\":\"\",\"4_9\":\"\",\"5_1\":\"90\",\"5_2\":\"\",\"5_5\":\"\",\"5_6\":\"\",\"5_7\":\"\",\"5_8\":\"\",\"5_9\":\"\",\"7_1\":\"160\",\"7_2\":\"\",\"7_5\":\"\",\"7_6\":\"\",\"7_7\":\"\",\"7_8\":\"\",\"7_9\":\"\",\"8_1\":\"233\",\"8_2\":\"\",\"8_5\":\"\",\"8_6\":\"\",\"8_7\":\"\",\"8_8\":\"\",\"8_9\":\"\",\"12_1\":\"\",\"12_2\":\"\",\"12_5\":\"\",\"12_6\":\"\",\"12_7\":\"\",\"12_8\":\"\",\"12_9\":\"\",\"14_1\":\"\",\"14_2\":\"\",\"14_5\":\"\",\"14_6\":\"\",\"14_7\":\"\",\"14_8\":\"\",\"14_9\":\"\",\"16_1\":\"\",\"16_2\":\"\",\"16_5\":\"\",\"16_6\":\"\",\"16_7\":\"\",\"16_8\":\"\",\"16_9\":\"\",\"18_1\":\"\",\"18_2\":\"\",\"18_5\":\"\",\"18_6\":\"\",\"18_7\":\"\",\"18_8\":\"\",\"18_9\":\"\"},\"controlRows\":[],\"controlDescs\":[]}', '2026-05-04 17:10:11', '2026-05-07 07:40:28'),
(63, 31, '1405-02-14', '{\"debtors\":[{\"id\":1,\"name\":\"تنخواه\",\"amt\":\"100\"}],\"creditors\":[{\"id\":1,\"name\":\"ابوریحان\",\"amt\":\"100\"}],\"pettys\":[{\"id\":1,\"desc\":\"مهر\",\"amt\":\"590\"},{\"id\":2,\"desc\":\"صندوق\",\"amt\":\"10\"}],\"bankers\":[{\"id\":1,\"name\":\"امینی\",\"amt\":\"0.204\"}],\"ceiling\":\"500\",\"matrixValues\":{\"1_1\":\"100\"},\"controlRows\":[],\"controlDescs\":[]}', '2026-05-04 17:12:00', '2026-05-04 17:14:10'),
(85, 19, '1405-02-15', '{\"debtors\":[{\"id\":1,\"name\":\"رضایی\",\"amt\":\"39.4\"},{\"id\":2,\"name\":\"الهه فرضی \",\"amt\":\"27.8\"},{\"id\":3,\"name\":\"جودیان \",\"amt\":\"20.2\"},{\"id\":4,\"name\":\"قالیچی \",\"amt\":\"18.9\"},{\"id\":5,\"name\":\"نگین\",\"amt\":\"0.22\"},{\"id\":7,\"name\":\"بانک ها \",\"amt\":\"151.445\"}],\"creditors\":[{\"id\":1,\"name\":\"نفیس\",\"amt\":\"0.85\"},{\"id\":2,\"name\":\"شمیم\",\"amt\":\"0.88\"},{\"id\":3,\"name\":\"دینی\",\"amt\":\"8.5\"},{\"id\":5,\"name\":\"حمید حمیدی \",\"amt\":\"111.7\"},{\"id\":6,\"name\":\"امینی\",\"amt\":\"151\"}],\"pettys\":[{\"id\":1,\"desc\":\"ملت 1\",\"amt\":\"0.3\"},{\"id\":2,\"desc\":\"ملت3\",\"amt\":\"551.1\"},{\"id\":3,\"desc\":\"مسکن۱\",\"amt\":\"4.9\"},{\"id\":4,\"desc\":\"مسکن ۳\",\"amt\":\"0.445\"},{\"id\":5,\"desc\":\"رسالت \",\"amt\":\"543.8\"},{\"id\":6,\"desc\":\"شهر\",\"amt\":\"38.7\"},{\"id\":7,\"desc\":\"صندوق \",\"amt\":\"30.2\"},{\"id\":8,\"desc\":\"کارتخوان شهر \",\"amt\":\"-18\"}],\"bankers\":[{\"id\":1,\"name\":\"\",\"amt\":\"\"}],\"ceiling\":\"1000\",\"matrixValues\":{\"1_1\":\"\",\"1_2\":\"\",\"1_3\":\"\",\"1_4\":\"\",\"1_5\":\"\",\"1_7\":\"\",\"2_1\":\"\",\"2_2\":\"\",\"2_3\":\"\",\"2_4\":\"\",\"2_5\":\"\",\"2_7\":\"\",\"3_1\":\"\",\"3_2\":\"\",\"3_3\":\"\",\"3_4\":\"\",\"3_5\":\"\",\"3_7\":\"\",\"5_1\":\"\",\"5_2\":\"\",\"5_3\":\"\",\"5_4\":\"\",\"5_5\":\"\",\"5_7\":\"\",\"6_1\":\"\",\"6_2\":\"\",\"6_3\":\"\",\"6_4\":\"\",\"6_5\":\"\",\"6_7\":\"151\"},\"controlRows\":[],\"controlDescs\":[]}', '2026-05-05 17:01:46', '2026-05-06 23:43:36'),
(87, 18, '1405-02-15', '{\"debtors\":[{\"id\":1,\"name\":\"امیر اقا\",\"amt\":\"60.973\"},{\"id\":2,\"name\":\"هادی زارع\",\"amt\":\"0.75\"},{\"id\":3,\"name\":\"تنخواه\",\"amt\":\"72.069\"},{\"id\":4,\"name\":\"طلای معامله نشده\",\"amt\":\"0.741\"}],\"creditors\":[{\"id\":1,\"name\":\"امینی\",\"amt\":\"130.033\"},{\"id\":2,\"name\":\"مبلغ نامعلوم\",\"amt\":\"4.500\"},{\"id\":3,\"name\":\"\",\"amt\":\"\"}],\"pettys\":[{\"id\":1,\"desc\":\"ملت 2\",\"amt\":\"225.730\"},{\"id\":2,\"desc\":\"مسکن 2\",\"amt\":\"296.094\"},{\"id\":3,\"desc\":\"سپه\",\"amt\":\"6.412\"},{\"id\":4,\"desc\":\"رفاه\",\"amt\":\"224.943\"},{\"id\":5,\"desc\":\"اسکناس\",\"amt\":\"18.890\"}],\"bankers\":[{\"id\":1,\"name\":\"\",\"amt\":\"\"}],\"ceiling\":\"700\",\"matrixValues\":{\"1_1\":\"60.973\",\"1_2\":\"0.75\",\"1_3\":\"68.31\",\"1_4\":\"\",\"2_1\":\"\",\"2_2\":\"\",\"2_3\":\"3.759\",\"2_4\":\"0.741\",\"3_1\":\"\",\"3_2\":\"\",\"3_3\":\"\",\"3_4\":\"\"},\"controlRows\":[],\"controlDescs\":[]}', '2026-05-05 17:17:08', '2026-05-05 17:25:59'),
(96, 18, '1405-02-16', '{\"debtors\":[{\"id\":1,\"name\":\"امینی\",\"amt\":\"581.216\"},{\"id\":2,\"name\":\"ایراندوست\",\"amt\":\"193\"},{\"id\":3,\"name\":\"هادی زارع\",\"amt\":\"0.750\"},{\"id\":4,\"name\":\"کارتخوان\",\"amt\":\"1.100\"},{\"id\":5,\"name\":\"آقای فرشباف\",\"amt\":\"28.723\"}],\"creditors\":[{\"id\":1,\"name\":\"شعبه آبرسان\",\"amt\":\"200\"},{\"id\":2,\"name\":\"مبلغ نامعلوم \",\"amt\":\"4.500\"},{\"id\":4,\"name\":\"خانم قنبری\",\"amt\":\"79\"},{\"id\":5,\"name\":\"تنخواه\",\"amt\":\"516.873\"},{\"id\":6,\"name\":\"بیعانه از مشتری\",\"amt\":\"3\"},{\"id\":8,\"name\":\"پارسیان 50 سوتی فروخته شده\",\"amt\":\"1.416\"}],\"pettys\":[{\"id\":1,\"desc\":\"ملت 2\",\"amt\":\"28.730\"},{\"id\":2,\"desc\":\"مسکن\",\"amt\":\"0.094\"},{\"id\":3,\"desc\":\"سپه\",\"amt\":\"6.412\"},{\"id\":4,\"desc\":\"رفاه\",\"amt\":\"128.931\"},{\"id\":5,\"desc\":\"صندوق\",\"amt\":\"18.960\"}],\"bankers\":[{\"id\":1,\"name\":\"\",\"amt\":\"\"}],\"ceiling\":\"700\",\"matrixValues\":{\"1_1\":\"200\",\"1_2\":\"\",\"1_3\":\"\",\"1_4\":\"\",\"1_5\":\"\",\"2_1\":\"4.5\",\"2_2\":\"\",\"2_3\":\"\",\"2_4\":\"\",\"2_5\":\"\",\"4_1\":\"79\",\"4_2\":\"\",\"4_3\":\"\",\"4_4\":\"\",\"4_5\":\"\",\"5_1\":\"297.716\",\"5_2\":\"190\",\"5_3\":\"\",\"5_4\":\"0.434\",\"5_5\":\"28.723\",\"6_1\":\"\",\"6_2\":\"3\",\"6_3\":\"\",\"6_4\":\"\",\"6_5\":\"\",\"8_1\":\"\",\"8_2\":\"\",\"8_3\":\"0.75\",\"8_4\":\"0.666\",\"8_5\":\"\"},\"controlRows\":[],\"controlDescs\":[]}', '2026-05-06 16:48:48', '2026-05-06 17:21:57'),
(97, 19, '1405-02-16', '{\"debtors\":[{\"id\":1,\"name\":\"امینی\",\"amt\":\"529.8\"},{\"id\":2,\"name\":\"قالیچی\",\"amt\":\"218.8\"},{\"id\":4,\"name\":\"الهه فرضی\",\"amt\":\"27.86\"},{\"id\":5,\"name\":\"جودیان\",\"amt\":\"20.2\"},{\"id\":6,\"name\":\"رضایی\",\"amt\":\"8.4\"},{\"id\":8,\"name\":\"نگین\",\"amt\":\"0.22\"},{\"id\":10,\"name\":\"بانک ها \",\"amt\":\"0\"}],\"creditors\":[{\"id\":1,\"name\":\"نفیس\",\"amt\":\"0.85\"},{\"id\":2,\"name\":\"سعید کریمی زاد\",\"amt\":\"38.5\"},{\"id\":3,\"name\":\"زینب مرادی\",\"amt\":\"50\"},{\"id\":4,\"name\":\"حمید حمیدی \",\"amt\":\"111.7\"},{\"id\":5,\"name\":\"اصغر زاده\",\"amt\":\"200\"},{\"id\":7,\"name\":\"شمیم\",\"amt\":\"0.88\"},{\"id\":8,\"name\":\"شهر\",\"amt\":\"18.56\"},{\"id\":9,\"name\":\"بانک ها\",\"amt\":\"390.24\"},{\"id\":11,\"name\":\"دینی\",\"amt\":\"8.5\"}],\"pettys\":[{\"id\":1,\"desc\":\"ملت1\",\"amt\":\"0.9\"},{\"id\":2,\"desc\":\"ملت3\",\"amt\":\"238\"},{\"id\":3,\"desc\":\"مسکن1\",\"amt\":\"4.9\"},{\"id\":4,\"desc\":\"مسکن3\",\"amt\":\"0.44\"},{\"id\":5,\"desc\":\"شهر \",\"amt\":\"1.5\"},{\"id\":6,\"desc\":\"رسالت\",\"amt\":\"333.8\"},{\"id\":7,\"desc\":\"صندوق\",\"amt\":\"30.22\"}],\"bankers\":[{\"id\":1,\"name\":\"\",\"amt\":\"\"}],\"ceiling\":\"1000\",\"matrixValues\":{\"1_1\":\"\",\"1_2\":\"\",\"1_4\":\"\",\"1_5\":\"\",\"1_6\":\"\",\"1_8\":\"\",\"1_10\":\"\",\"2_1\":\"\",\"2_2\":\"\",\"2_4\":\"\",\"2_5\":\"\",\"2_6\":\"\",\"2_8\":\"\",\"2_10\":\"0.5\",\"3_1\":\"50\",\"3_2\":\"\",\"3_4\":\"\",\"3_5\":\"\",\"3_6\":\"\",\"3_8\":\"\",\"3_10\":\"\",\"4_1\":\"\",\"4_2\":\"\",\"4_4\":\"\",\"4_5\":\"\",\"4_6\":\"\",\"4_8\":\"\",\"4_10\":\"\",\"5_1\":\"\",\"5_2\":\"200\",\"5_4\":\"\",\"5_5\":\"\",\"5_6\":\"\",\"5_8\":\"\",\"5_10\":\"\",\"7_1\":\"\",\"7_2\":\"\",\"7_4\":\"\",\"7_5\":\"\",\"7_6\":\"\",\"7_8\":\"\",\"7_10\":\"\",\"8_1\":\"\",\"8_2\":\"\",\"8_4\":\"\",\"8_5\":\"\",\"8_6\":\"\",\"8_8\":\"\",\"8_10\":\"\",\"9_1\":\"450\",\"9_2\":\"\",\"9_4\":\"\",\"9_5\":\"\",\"9_6\":\"\",\"9_8\":\"\",\"9_10\":\"\",\"11_1\":\"\",\"11_2\":\"\",\"11_4\":\"\",\"11_5\":\"\",\"11_6\":\"\",\"11_8\":\"\",\"11_10\":\"\"},\"controlRows\":[],\"controlDescs\":[]}', '2026-05-06 17:13:51', '2026-05-06 23:44:56'),
(99, 31, '1405-02-16', '{\"debtors\":[{\"id\":1,\"name\":\"خانم شهیر\",\"amt\":\"50\"},{\"id\":2,\"name\":\"شعبه ابوریحان\",\"amt\":\"200\"}],\"creditors\":[{\"id\":1,\"name\":\"تنخواه\",\"amt\":\"205.2\"},{\"id\":2,\"name\":\"آبشده امینی\",\"amt\":\"44.8\"}],\"pettys\":[{\"id\":1,\"desc\":\"مهر\",\"amt\":\"284.8\"},{\"id\":2,\"desc\":\"صندوق\",\"amt\":\"10\"}],\"bankers\":[{\"id\":1,\"name\":\"امینی\",\"amt\":\"41.853\"}],\"ceiling\":\"500\",\"matrixValues\":{\"1_1\":\"50\",\"1_2\":\"155.2\",\"2_1\":\"\",\"2_2\":\"44.8\"},\"controlRows\":[],\"controlDescs\":[]}', '2026-05-06 17:36:08', '2026-05-06 18:00:02'),
(108, 18, '1405-02-17', '{\"debtors\":[{\"id\":1,\"name\":\"امینی\",\"amt\":\"584.816\"},{\"id\":2,\"name\":\"رضایی\",\"amt\":\"193\"},{\"id\":3,\"name\":\"هادی زارع\",\"amt\":\"0.750\"},{\"id\":4,\"name\":\"آقای فرشباف\",\"amt\":\"23.723\"}],\"creditors\":[{\"id\":1,\"name\":\"آبرسان\",\"amt\":\"200\"},{\"id\":2,\"name\":\"مبلغ نا معلوم\",\"amt\":\"4.5\"},{\"id\":3,\"name\":\"تنخواه\",\"amt\":\"597.789\"}],\"pettys\":[{\"id\":1,\"desc\":\"رفاه\",\"amt\":\"51.021\"},{\"id\":2,\"desc\":\"ملت\",\"amt\":\"24.118\"},{\"id\":3,\"desc\":\"سپه\",\"amt\":\"6.412\"},{\"id\":4,\"desc\":\"مسکن\",\"amt\":\"0.094\"},{\"id\":5,\"desc\":\"صندوق\",\"amt\":\"20.560\"}],\"bankers\":[{\"id\":1,\"name\":\"\",\"amt\":\"\"}],\"ceiling\":\"700\",\"matrixValues\":{\"1_1\":\"200\",\"1_2\":\"\",\"1_3\":\"\",\"1_4\":\"\",\"2_1\":\"4.5\",\"2_2\":\"\",\"2_3\":\"\",\"2_4\":\"\",\"3_1\":\"380.316\",\"3_2\":\"193\",\"3_3\":\"0.75\",\"3_4\":\"23.723\"},\"controlRows\":[],\"controlDescs\":[]}', '2026-05-07 15:56:07', '2026-05-07 16:20:13'),
(110, 31, '1405-02-17', '{\"debtors\":[{\"id\":1,\"name\":\"شعبه ابوریحان\",\"amt\":\"200\"},{\"id\":2,\"name\":\"معامله نشده\",\"amt\":\"1.8\"},{\"id\":3,\"name\":\"بانک ها\",\"amt\":\"0\"}],\"creditors\":[{\"id\":1,\"name\":\"آبشده امینی\",\"amt\":\"44.8\"},{\"id\":3,\"name\":\"بانک ها\",\"amt\":\"157\"}],\"pettys\":[{\"id\":2,\"desc\":\"صندوق\",\"amt\":\"9.85\"},{\"id\":3,\"desc\":\"بانک مهر\",\"amt\":\"333.15\"}],\"bankers\":[{\"id\":1,\"name\":\"بنکداران\",\"amt\":\"41.853\"}],\"ceiling\":\"500\",\"matrixValues\":{\"1_1\":\"\",\"1_2\":\"\",\"1_3\":\"44.8\",\"3_1\":\"200\",\"3_2\":\"\",\"3_3\":\"\"},\"controlRows\":[[\"\",\"\"]],\"controlDescs\":[[\"\",\"\"]]}', '2026-05-07 16:13:37', '2026-05-09 08:58:04');
INSERT INTO `daily_reports` (`id`, `user_id`, `report_date`, `report_data`, `created_at`, `updated_at`) VALUES
(111, 19, '1405-02-17', '{\"debtors\":[{\"id\":1,\"name\":\"امینی\",\"amt\":\"532\"},{\"id\":2,\"name\":\"الهه فرضی \",\"amt\":\"28\"},{\"id\":3,\"name\":\"جودیان \",\"amt\":\"20\"},{\"id\":5,\"name\":\"نگین\",\"amt\":\"0.22\"},{\"id\":6,\"name\":\"رضایی\",\"amt\":\"8.5\"},{\"id\":7,\"name\":\"قالیچی\",\"amt\":\"218\"}],\"creditors\":[{\"id\":1,\"name\":\"بانک ها \",\"amt\":\"482.225\"},{\"id\":2,\"name\":\"حمید حمیدی \",\"amt\":\"111.7\"},{\"id\":3,\"name\":\"اصغر زاده \",\"amt\":\"200\"},{\"id\":5,\"name\":\"شمیم\",\"amt\":\"0.88\"},{\"id\":6,\"name\":\"رضایی \",\"amt\":\"8.5\"},{\"id\":7,\"name\":\"نفیس\",\"amt\":\"0.85\"},{\"id\":8,\"name\":\"دینی\",\"amt\":\"8.5\"},{\"id\":11,\"name\":\"بانک شهر\",\"amt\":\"18.5\"}],\"pettys\":[{\"id\":1,\"desc\":\"ملت۱\",\"amt\":\"0.9\"},{\"id\":2,\"desc\":\"ملت۳\",\"amt\":\"262.18\"},{\"id\":3,\"desc\":\"مسکن ۱\",\"amt\":\"4.9\"},{\"id\":4,\"desc\":\"مسکن3 \",\"amt\":\"0.445\"},{\"id\":5,\"desc\":\"رسالت \",\"amt\":\"185.3\"},{\"id\":6,\"desc\":\"شهر \",\"amt\":\"35.9\"},{\"id\":7,\"desc\":\"صندوق \",\"amt\":\"28.15\"}],\"bankers\":[{\"id\":1,\"name\":\"\",\"amt\":\"\"}],\"ceiling\":\"1000\",\"matrixValues\":{\"1_1\":\"500\",\"1_2\":\"\",\"1_3\":\"\",\"1_5\":\"\",\"1_6\":\"\",\"1_7\":\"\",\"2_1\":\"\",\"2_2\":\"\",\"2_3\":\"\",\"2_5\":\"\",\"2_6\":\"\",\"2_7\":\"\",\"3_1\":\"\",\"3_2\":\"\",\"3_3\":\"\",\"3_5\":\"\",\"3_6\":\"\",\"3_7\":\"200\",\"5_1\":\"\",\"5_2\":\"\",\"5_3\":\"\",\"5_5\":\"\",\"5_6\":\"\",\"5_7\":\"\",\"6_1\":\"\",\"6_2\":\"\",\"6_3\":\"\",\"6_5\":\"\",\"6_6\":\"\",\"6_7\":\"\",\"7_1\":\"\",\"7_2\":\"\",\"7_3\":\"\",\"7_5\":\"\",\"7_6\":\"\",\"7_7\":\"\",\"8_1\":\"\",\"8_2\":\"\",\"8_3\":\"\",\"8_5\":\"\",\"8_6\":\"\",\"8_7\":\"\",\"11_1\":\"\",\"11_2\":\"\",\"11_3\":\"\",\"11_5\":\"\",\"11_6\":\"\",\"11_7\":\"\"},\"controlRows\":[[\"\",\"\"]],\"controlDescs\":[[\"\",\"\"]]}', '2026-05-07 16:17:11', '2026-05-09 07:38:05'),
(117, 18, '1405-02-19', '{\"debtors\":[{\"id\":1,\"name\":\"هادی زارع\",\"amt\":\"0.750\"},{\"id\":2,\"name\":\"یاسر\",\"amt\":\"8.650\"},{\"id\":3,\"name\":\"کارتخوان رفاه \",\"amt\":\"2.2\"},{\"id\":4,\"name\":\"تن خواه\",\"amt\":\"15.225\"}],\"creditors\":[{\"id\":1,\"name\":\"امینی\",\"amt\":\"22.233\"},{\"id\":2,\"name\":\"رعنا بابایی\",\"amt\":\"4.5\"},{\"id\":4,\"name\":\"سود دلار \",\"amt\":\"0.092\"}],\"pettys\":[{\"id\":1,\"desc\":\"ملت 2\",\"amt\":\"201.565\"},{\"id\":2,\"desc\":\"مسکن 2\",\"amt\":\"242.667\"},{\"id\":3,\"desc\":\"رفاه\",\"amt\":\"244.021\"},{\"id\":4,\"desc\":\"سپه\",\"amt\":\"6.412\"},{\"id\":5,\"desc\":\"صندوق\",\"amt\":\"20.560\"}],\"bankers\":[{\"id\":1,\"name\":\"امینی\",\"amt\":\"1.099\"},{\"id\":2,\"name\":\"جودیان\",\"amt\":\"8.990\"}],\"ceiling\":\"700\",\"matrixValues\":{\"1_1\":\"0.75\",\"1_2\":\"8.650\",\"1_3\":\"\",\"1_4\":\"12.833\",\"2_1\":\"\",\"2_2\":\"\",\"2_3\":\"2.2\",\"2_4\":\"2.3\",\"4_1\":\"\",\"4_2\":\"\",\"4_3\":\"\",\"4_4\":\"0.092\"},\"controlRows\":[],\"controlDescs\":[]}', '2026-05-09 16:50:18', '2026-05-09 17:02:02'),
(118, 19, '1405-02-19', '{\"debtors\":[{\"id\":1,\"name\":\"امینی\",\"amt\":\"104.65\"},{\"id\":2,\"name\":\"قالیچی\",\"amt\":\"676.5\"},{\"id\":8,\"name\":\"فرضی\",\"amt\":\"28\"},{\"id\":9,\"name\":\"جودیان\",\"amt\":\"20\"},{\"id\":10,\"name\":\"بانک \",\"amt\":\"0\"}],\"creditors\":[{\"id\":1,\"name\":\"هادی طلوعی مهر\",\"amt\":\"656.77\"},{\"id\":2,\"name\":\"دینی\",\"amt\":\"8.5\"},{\"id\":3,\"name\":\"رضایی\",\"amt\":\"54\"},{\"id\":4,\"name\":\"نفیس\",\"amt\":\"0.85\"},{\"id\":5,\"name\":\"بانک ها\",\"amt\":\"103.92\"},{\"id\":6,\"name\":\"شهر\",\"amt\":\"18.62\"}],\"pettys\":[{\"id\":1,\"desc\":\"ملت1\",\"amt\":\"7.8\"},{\"id\":2,\"desc\":\"ملت3\",\"amt\":\"703.5\"},{\"id\":3,\"desc\":\"مسکن1\",\"amt\":\"4.9\"},{\"id\":4,\"desc\":\"مسکن3\",\"amt\":\"0.445\"},{\"id\":5,\"desc\":\"شهر\",\"amt\":\"51\"},{\"id\":6,\"desc\":\"رسالت\",\"amt\":\"52.8\"},{\"id\":7,\"desc\":\"صندوق\",\"amt\":\"28.135\"},{\"id\":8,\"desc\":\"وجوه در راه\",\"amt\":\"47.5\"}],\"bankers\":[{\"id\":1,\"name\":\"امینی\",\"amt\":\"5.571\"},{\"id\":2,\"name\":\"جودیان \",\"amt\":\"0.554\"},{\"id\":3,\"name\":\"شمیم\",\"amt\":\"0.02\"},{\"id\":5,\"name\":\"نگین\",\"amt\":\"0.007\"},{\"id\":7,\"name\":\"قالیچی\",\"amt\":\"46.806\"},{\"id\":8,\"name\":\"دینی\",\"amt\":\"0.134\"}],\"ceiling\":\"1000\",\"matrixValues\":{\"1_1\":\"\",\"1_2\":\"650\",\"1_8\":\"\",\"1_9\":\"\",\"1_10\":\"6.77\",\"2_1\":\"\",\"2_2\":\"\",\"2_8\":\"\",\"2_9\":\"\",\"2_10\":\"\",\"3_1\":\"50\",\"3_2\":\"\",\"3_8\":\"\",\"3_9\":\"\",\"3_10\":\"4\",\"4_1\":\"\",\"4_2\":\"\",\"4_8\":\"\",\"4_9\":\"\",\"4_10\":\"\",\"5_1\":\"50\",\"5_2\":\"\",\"5_8\":\"\",\"5_9\":\"\",\"5_10\":\"\",\"6_1\":\"\",\"6_2\":\"\",\"6_8\":\"\",\"6_9\":\"\",\"6_10\":\"\"},\"controlRows\":[[\"\",\"\",\"\",\"\",\"\"]],\"controlDescs\":[[\"\",\"\",\"\",\"\",\"\"]]}', '2026-05-09 16:59:41', '2026-05-12 10:45:27'),
(120, 31, '1405-02-19', '{\"debtors\":[{\"id\":1,\"name\":\"سازمان دانش آموزی\",\"amt\":\"25.300\"},{\"id\":2,\"name\":\"مهر\",\"amt\":\"37.950\"},{\"id\":3,\"name\":\"\",\"amt\":\"\"}],\"creditors\":[{\"id\":1,\"name\":\"آبشده امینی\",\"amt\":\"60.600\"},{\"id\":2,\"name\":\"هزینه \",\"amt\":\"2.650\"},{\"id\":3,\"name\":\"بانک مهر\",\"amt\":\"0\"}],\"pettys\":[{\"id\":1,\"desc\":\"صندوق \",\"amt\":\"10\"},{\"id\":2,\"desc\":\"بانک مهر\",\"amt\":\"528\"}],\"bankers\":[{\"id\":1,\"name\":\"\",\"amt\":\"\"}],\"ceiling\":\"500\",\"matrixValues\":{\"1_1\":\"\",\"1_2\":\"60.600\",\"1_3\":\"\",\"2_1\":\"\",\"2_2\":\"\",\"2_3\":\"2.650\",\"3_1\":\"25.300\",\"3_2\":\"\",\"3_3\":\"\"},\"controlRows\":[],\"controlDescs\":[]}', '2026-05-09 18:14:07', '2026-05-09 18:31:51'),
(126, 19, '1405-02-20', '{\"debtors\":[{\"id\":1,\"name\":\"قالیچی\",\"amt\":\"271\"},{\"id\":2,\"name\":\"امینی\",\"amt\":\"788\"},{\"id\":7,\"name\":\"وجوه در راه\",\"amt\":\"199.8\"},{\"id\":9,\"name\":\"بانک ها \",\"amt\":\"0\"},{\"id\":10,\"name\":\"فرضی\",\"amt\":\"28\"},{\"id\":11,\"name\":\"نگین\",\"amt\":\"0.2\"}],\"creditors\":[{\"id\":1,\"name\":\"دینی\",\"amt\":\"8.5\"},{\"id\":2,\"name\":\"داود عبداللهی\",\"amt\":\"400\"},{\"id\":3,\"name\":\"شهر \",\"amt\":\"18.62\"},{\"id\":4,\"name\":\"بانک ها\",\"amt\":\"430.175\"},{\"id\":6,\"name\":\"وحیده حسینیان\",\"amt\":\"330.2\"},{\"id\":7,\"name\":\"معامله نشده \",\"amt\":\"40\"},{\"id\":10,\"name\":\"رضایی \",\"amt\":\"102.3\"},{\"id\":11,\"name\":\"شمیم\",\"amt\":\"0.8\"}],\"pettys\":[{\"id\":1,\"desc\":\"ملت1\",\"amt\":\"52.8\"},{\"id\":2,\"desc\":\"ملت3\",\"amt\":\"204.9\"},{\"id\":3,\"desc\":\"مسکن1\",\"amt\":\"4.9\"},{\"id\":4,\"desc\":\"مسکن3\",\"amt\":\"0.445\"},{\"id\":5,\"desc\":\"شهر\",\"amt\":\"253\"},{\"id\":6,\"desc\":\"رسالت\",\"amt\":\"23.8\"},{\"id\":8,\"desc\":\"صندوق \",\"amt\":\"29.98\"}],\"bankers\":[{\"id\":1,\"name\":\"\",\"amt\":\"\"},{\"id\":2,\"name\":\"\",\"amt\":\"\"},{\"id\":3,\"name\":\"\",\"amt\":\"\"},{\"id\":4,\"name\":\"\",\"amt\":\"\"},{\"id\":5,\"name\":\"\",\"amt\":\"\"}],\"ceiling\":\"1000\",\"matrixValues\":{\"1_1\":\"\",\"1_2\":\"\",\"1_7\":\"\",\"1_9\":\"\",\"1_10\":\"\",\"1_11\":\"\",\"2_1\":\"\",\"2_2\":\"400\",\"2_7\":\"\",\"2_9\":\"\",\"2_10\":\"\",\"2_11\":\"\",\"3_1\":\"\",\"3_2\":\"\",\"3_7\":\"\",\"3_9\":\"\",\"3_10\":\"\",\"3_11\":\"\",\"4_1\":\"\",\"4_2\":\"200\",\"4_7\":\"198\",\"4_9\":\"\",\"4_10\":\"\",\"4_11\":\"\",\"6_1\":\"270\",\"6_2\":\"60\",\"6_7\":\"\",\"6_9\":\"0.2\",\"6_10\":\"\",\"6_11\":\"\",\"7_1\":\"\",\"7_2\":\"\",\"7_7\":\"\",\"7_9\":\"\",\"7_10\":\"\",\"7_11\":\"\",\"10_1\":\"\",\"10_2\":\"100\",\"10_7\":\"\",\"10_9\":\"\",\"10_10\":\"\",\"10_11\":\"\",\"11_1\":\"\",\"11_2\":\"\",\"11_7\":\"\",\"11_9\":\"\",\"11_10\":\"\",\"11_11\":\"\"},\"controlRows\":[[\"400\",\"200\",\"\",\"270\",\"60\",\"0.2\",\"100\"]],\"controlDescs\":[[\"\",\"\",\"\",\"\",\"\",\"\",\"\"]]}', '2026-05-10 15:41:53', '2026-05-11 22:29:32'),
(130, 31, '1405-02-20', '{\"debtors\":[{\"id\":1,\"name\":\"تنخواه\",\"amt\":\"103.85\"}],\"creditors\":[{\"id\":1,\"name\":\"آبشده امینی\",\"amt\":\"100.590\"},{\"id\":2,\"name\":\"احسان\",\"amt\":\"2.760\"},{\"id\":3,\"name\":\"معامله نشده\",\"amt\":\"0.500\"}],\"pettys\":[{\"id\":1,\"desc\":\"مهر\",\"amt\":\"593.850\"},{\"id\":2,\"desc\":\"صندوق \",\"amt\":\"10\"}],\"bankers\":[{\"id\":1,\"name\":\"امینی\",\"amt\":\"43.575\"}],\"ceiling\":\"500\",\"matrixValues\":{\"1_1\":\"100.590\",\"2_1\":\"2.760\",\"3_1\":\"0.5\"},\"controlRows\":[],\"controlDescs\":[]}', '2026-05-10 16:56:48', '2026-05-10 17:21:31'),
(131, 18, '1405-02-20', '{\"debtors\":[{\"id\":1,\"name\":\"وحید واحد\",\"amt\":\"700\"},{\"id\":2,\"name\":\"هادی زارع\",\"amt\":\"0.750\"},{\"id\":3,\"name\":\"یاسر\",\"amt\":\"8.650\"},{\"id\":4,\"name\":\"رضایی\",\"amt\":\"51\"}],\"creditors\":[{\"id\":1,\"name\":\"امینی\",\"amt\":\"266.053\"},{\"id\":2,\"name\":\"رعنا بابایی\",\"amt\":\"4.5\"},{\"id\":3,\"name\":\"تنخواه\",\"amt\":\"438.809\"},{\"id\":4,\"name\":\"خرید طلای جا مانده\",\"amt\":\"51.038\"}],\"pettys\":[{\"id\":1,\"desc\":\"مسکن\",\"amt\":\"167.467\"},{\"id\":2,\"desc\":\"ملت\",\"amt\":\"20.531\"},{\"id\":3,\"desc\":\"رفاه\",\"amt\":\"46.221\"},{\"id\":4,\"desc\":\"سپه\",\"amt\":\"6.412\"},{\"id\":5,\"desc\":\"صندوق\",\"amt\":\"20.560\"}],\"bankers\":[{\"id\":1,\"name\":\"امینی\",\"amt\":\"13.721\"},{\"id\":2,\"name\":\"جودیان\",\"amt\":\"8.990\"}],\"ceiling\":\"700\",\"matrixValues\":{\"1_1\":\"266.053\",\"1_2\":\"\",\"1_3\":\"\",\"1_4\":\"\",\"2_1\":\"4.5\",\"2_2\":\"\",\"2_3\":\"\",\"2_4\":\"\",\"3_1\":\"429.447\",\"3_2\":\"0.712\",\"3_3\":\"8.650\",\"3_4\":\"\",\"4_1\":\"\",\"4_2\":\"0.038\",\"4_3\":\"\",\"4_4\":\"51\"},\"controlRows\":[],\"controlDescs\":[]}', '2026-05-10 17:11:08', '2026-05-10 17:26:28'),
(133, 19, '1405-02-21', '{\"debtors\":[{\"id\":3,\"name\":\"داود عابدی\",\"amt\":\"199.8\"},{\"id\":4,\"name\":\"الهه فرضی \",\"amt\":\"28\"},{\"id\":5,\"name\":\"امینی\",\"amt\":\"130\"},{\"id\":7,\"name\":\"یاسر\",\"amt\":\"17.9\"},{\"id\":8,\"name\":\"جودیان \",\"amt\":\"20\"},{\"id\":9,\"name\":\"رضایی \",\"amt\":\"49\"},{\"id\":10,\"name\":\"نگین\",\"amt\":\"0.2\"},{\"id\":11,\"name\":\"قالیچی \",\"amt\":\"1.2\"}],\"creditors\":[{\"id\":1,\"name\":\"دینی\",\"amt\":\"8.5\"},{\"id\":2,\"name\":\"شمیم\",\"amt\":\"0.8\"},{\"id\":3,\"name\":\"نفیس\",\"amt\":\"0.85\"},{\"id\":4,\"name\":\"علی ناصری\",\"amt\":\"175\"},{\"id\":7,\"name\":\"بانک ها\",\"amt\":\"213.925\"},{\"id\":9,\"name\":\"شهر\",\"amt\":\"18.62\"},{\"id\":10,\"name\":\"معامله نشده\",\"amt\":\"51\"}],\"pettys\":[{\"id\":1,\"desc\":\"ملت1\",\"amt\":\"62.3\"},{\"id\":2,\"desc\":\"ملت3\",\"amt\":\"164.8\"},{\"id\":3,\"desc\":\"مسکن1\",\"amt\":\"4.9\"},{\"id\":4,\"desc\":\"مسکن3\",\"amt\":\"0.44\"},{\"id\":5,\"desc\":\"رسالت\",\"amt\":\"235.3\"},{\"id\":6,\"desc\":\"شهر\",\"amt\":\"296.8\"},{\"id\":7,\"desc\":\"صندوق\",\"amt\":\"18.985\"},{\"id\":8,\"desc\":\"وجوه در راه\",\"amt\":\"2.55\"}],\"bankers\":[{\"id\":1,\"name\":\"امینی\",\"amt\":\"1.821\"},{\"id\":2,\"name\":\"جودیان\",\"amt\":\"-0.554\"},{\"id\":3,\"name\":\"شمیم\",\"amt\":\"1.156\"},{\"id\":5,\"name\":\"نگین\",\"amt\":\"0.007\"},{\"id\":7,\"name\":\"قالیچی\",\"amt\":\"9.941\"},{\"id\":8,\"name\":\"دینی\",\"amt\":\"0.134\"}],\"ceiling\":\"1000\",\"matrixValues\":{\"1_3\":\"\",\"1_4\":\"\",\"1_5\":\"\",\"1_7\":\"\",\"1_8\":\"\",\"1_9\":\"\",\"1_10\":\"\",\"1_11\":\"\",\"2_3\":\"\",\"2_4\":\"\",\"2_5\":\"\",\"2_7\":\"\",\"2_8\":\"\",\"2_9\":\"\",\"2_10\":\"\",\"2_11\":\"\",\"3_3\":\"\",\"3_4\":\"\",\"3_5\":\"\",\"3_7\":\"\",\"3_8\":\"\",\"3_9\":\"\",\"3_10\":\"\",\"3_11\":\"\",\"4_3\":\"\",\"4_4\":\"\",\"4_5\":\"130\",\"4_7\":\"\",\"4_8\":\"\",\"4_9\":\"45\",\"4_10\":\"\",\"4_11\":\"\",\"7_3\":\"\",\"7_4\":\"\",\"7_5\":\"\",\"7_7\":\"17.9\",\"7_8\":\"\",\"7_9\":\"\",\"7_10\":\"\",\"7_11\":\"\",\"9_3\":\"\",\"9_4\":\"\",\"9_5\":\"\",\"9_7\":\"\",\"9_8\":\"\",\"9_9\":\"\",\"9_10\":\"\",\"9_11\":\"\",\"10_3\":\"\",\"10_4\":\"\",\"10_5\":\"\",\"10_7\":\"\",\"10_8\":\"\",\"10_9\":\"\",\"10_10\":\"\",\"10_11\":\"\"},\"controlRows\":[],\"controlDescs\":[]}', '2026-05-11 12:33:44', '2026-05-12 14:12:45'),
(134, 18, '1405-02-21', '{\"debtors\":[{\"id\":1,\"name\":\"وحید  حاج عباسی\",\"amt\":\"400\"},{\"id\":2,\"name\":\"هادی زارع\",\"amt\":\"0.750\"},{\"id\":3,\"name\":\"کارتخوان رفاه\",\"amt\":\"5.600\"},{\"id\":4,\"name\":\"تنخواه \",\"amt\":\"166.094\"}],\"creditors\":[{\"id\":1,\"name\":\"امینی\",\"amt\":\"572.423\"},{\"id\":3,\"name\":\"\",\"amt\":\"0.021\"}],\"pettys\":[{\"id\":1,\"desc\":\"ملت\",\"amt\":\"267.511\"},{\"id\":2,\"desc\":\"رفاه\",\"amt\":\"246.211\"},{\"id\":3,\"desc\":\"مسکن\",\"amt\":\"325.400\"},{\"id\":4,\"desc\":\"سپه\",\"amt\":\"6.412\"},{\"id\":5,\"desc\":\"صندوق\",\"amt\":\"20.560\"}],\"bankers\":[{\"id\":1,\"name\":\"امینی\",\"amt\":\"41.932\"},{\"id\":2,\"name\":\"جودیان\",\"amt\":\"3.5\"}],\"ceiling\":\"700\",\"matrixValues\":{\"1_1\":\"400\",\"1_2\":\"0.75\",\"1_3\":\"5.579\",\"1_4\":\"166.094\",\"3_1\":\"\",\"3_2\":\"\",\"3_3\":\"0.021\",\"3_4\":\"\"},\"controlRows\":[],\"controlDescs\":[]}', '2026-05-11 16:49:31', '2026-05-11 17:37:47'),
(135, 31, '1405-02-21', '{\"debtors\":[{\"id\":1,\"name\":\"هزینه\",\"amt\":\"0.800\"}],\"creditors\":[{\"id\":1,\"name\":\"تنخواه\",\"amt\":\"0.800\"}],\"pettys\":[{\"id\":1,\"desc\":\"مهر \",\"amt\":\"489.200\"},{\"id\":2,\"desc\":\"صندوق\",\"amt\":\"10\"}],\"bankers\":[{\"id\":1,\"name\":\"امینی\",\"amt\":\"11.676\"}],\"ceiling\":\"500\",\"matrixValues\":{\"1_1\":\"0.800\"},\"controlRows\":[],\"controlDescs\":[]}', '2026-05-11 17:05:39', '2026-05-11 17:12:22'),
(137, 31, '1405-02-22', '{\"debtors\":[{\"id\":1,\"name\":\"بانک مهر\",\"amt\":\"294.2\"}],\"creditors\":[{\"id\":1,\"name\":\"آبشده امینی\",\"amt\":\"139.2\"},{\"id\":2,\"name\":\"شعبه ابوریحان\",\"amt\":\"155\"}],\"pettys\":[{\"id\":1,\"desc\":\"بانک مهر\",\"amt\":\"784.2\"},{\"id\":2,\"desc\":\"صندوق ریالی\",\"amt\":\"10\"}],\"bankers\":[{\"id\":1,\"name\":\"\",\"amt\":\"\"}],\"ceiling\":\"500\",\"matrixValues\":{\"1_1\":\"139.2\",\"2_1\":\"155\"},\"controlRows\":[],\"controlDescs\":[]}', '2026-05-12 16:19:34', '2026-05-12 16:46:40'),
(138, 18, '1405-02-22', '{\"debtors\":[{\"id\":1,\"name\":\"شعبه 3\",\"amt\":\"155\"},{\"id\":2,\"name\":\"هادی زارع\",\"amt\":\"0.750\"},{\"id\":3,\"name\":\"\",\"amt\":\"\"}],\"creditors\":[{\"id\":1,\"name\":\"بیعانه \",\"amt\":\"1\"},{\"id\":2,\"name\":\"امینی\",\"amt\":\"151.423\"},{\"id\":3,\"name\":\"تنخواه\",\"amt\":\"3.158\"},{\"id\":4,\"name\":\"بابت فسخ ف65\",\"amt\":\"0.169\"}],\"pettys\":[{\"id\":1,\"desc\":\"مسکن\",\"amt\":\"144.392\"},{\"id\":2,\"desc\":\"ملت\",\"amt\":\"265.657\"},{\"id\":3,\"desc\":\"رفاه\",\"amt\":\"259.821\"},{\"id\":4,\"desc\":\"سپه\",\"amt\":\"6.412\"},{\"id\":5,\"desc\":\"صندوق\",\"amt\":\"20.560\"}],\"bankers\":[{\"id\":1,\"name\":\"امینی\",\"amt\":\"49.548\"},{\"id\":2,\"name\":\"جودیان\",\"amt\":\"3.500\"}],\"ceiling\":\"700\",\"matrixValues\":{\"1_1\":\"1\",\"1_2\":\"\",\"1_3\":\"\",\"2_1\":\"151.423\",\"2_2\":\"\",\"2_3\":\"\",\"3_1\":\"2.577\",\"3_2\":\"0.581\",\"3_3\":\"\",\"4_1\":\"\",\"4_2\":\"0.169\",\"4_3\":\"\"},\"controlRows\":[],\"controlDescs\":[]}', '2026-05-12 16:51:14', '2026-05-12 17:21:46'),
(139, 19, '1405-02-22', '{\"debtors\":[{\"id\":1,\"name\":\"داود عابدی\",\"amt\":\"199.8\"},{\"id\":2,\"name\":\"جودیان\",\"amt\":\"20.2\"},{\"id\":3,\"name\":\"رضایی\",\"amt\":\"4.2\"},{\"id\":4,\"name\":\"قالیچی\",\"amt\":\"1.2\"},{\"id\":5,\"name\":\"نگین\",\"amt\":\"0.22\"},{\"id\":7,\"name\":\"معامله نشده \",\"amt\":\"28\"},{\"id\":10,\"name\":\"معامله نشده \",\"amt\":\"2.375\"},{\"id\":13,\"name\":\"بانک ها \",\"amt\":\"0\"}],\"creditors\":[{\"id\":1,\"name\":\"نفیس\",\"amt\":\"0.85\"},{\"id\":2,\"name\":\"شمیم\",\"amt\":\"0.88\"},{\"id\":3,\"name\":\"دینی\",\"amt\":\"8.5\"},{\"id\":4,\"name\":\"امینی\",\"amt\":\"73.57\"},{\"id\":8,\"name\":\"بانک شهر\",\"amt\":\"18.62\"},{\"id\":9,\"name\":\"بانک ها\",\"amt\":\"153.575\"}],\"pettys\":[{\"id\":1,\"desc\":\"ملت1\",\"amt\":\"44.6\"},{\"id\":2,\"desc\":\"ملت3\",\"amt\":\"214.4\"},{\"id\":3,\"desc\":\"مسکن1\",\"amt\":\"4.9\"},{\"id\":4,\"desc\":\"مسکن3\",\"amt\":\"0.44\"},{\"id\":5,\"desc\":\"شهر\",\"amt\":\"213.5\"},{\"id\":6,\"desc\":\"رسالت\",\"amt\":\"349.6\"},{\"id\":7,\"desc\":\"صندوق\",\"amt\":\"18.985\"}],\"bankers\":[{\"id\":1,\"name\":\"امینی\",\"amt\":\"12.934\"},{\"id\":2,\"name\":\"جودیان\",\"amt\":\"-0.554\"},{\"id\":3,\"name\":\"شمیم\",\"amt\":\"1.156\"},{\"id\":4,\"name\":\"نگین\",\"amt\":\"0.007\"},{\"id\":5,\"name\":\"قالیچی\",\"amt\":\"9.941\"},{\"id\":6,\"name\":\"دینی\",\"amt\":\"0.134\"}],\"ceiling\":\"1000\",\"matrixValues\":{\"1_1\":\"\",\"1_2\":\"\",\"1_3\":\"\",\"1_4\":\"\",\"1_5\":\"\",\"1_7\":\"\",\"1_10\":\"\",\"1_13\":\"\",\"2_1\":\"\",\"2_2\":\"\",\"2_3\":\"\",\"2_4\":\"\",\"2_5\":\"\",\"2_7\":\"\",\"2_10\":\"\",\"2_13\":\"\",\"3_1\":\"\",\"3_2\":\"\",\"3_3\":\"\",\"3_4\":\"\",\"3_5\":\"\",\"3_7\":\"\",\"3_10\":\"\",\"3_13\":\"\",\"4_1\":\"\",\"4_2\":\"\",\"4_3\":\"\",\"4_4\":\"\",\"4_5\":\"\",\"4_7\":\"\",\"4_10\":\"\",\"4_13\":\"70\",\"8_1\":\"\",\"8_2\":\"\",\"8_3\":\"\",\"8_4\":\"\",\"8_5\":\"\",\"8_7\":\"\",\"8_10\":\"\",\"8_13\":\"\",\"9_1\":\"199.8\",\"9_2\":\"\",\"9_3\":\"\",\"9_4\":\"\",\"9_5\":\"\",\"9_7\":\"28\",\"9_10\":\"2.375\",\"9_13\":\"\"},\"controlRows\":[],\"controlDescs\":[]}', '2026-05-12 17:09:30', '2026-05-12 19:24:16'),
(140, 31, '1405-02-23', '{\"debtors\":[{\"id\":1,\"name\":\"آبشده امینی\",\"amt\":\"37.790\"},{\"id\":3,\"name\":\"تنخواه\",\"amt\":\"8.910\"},{\"id\":4,\"name\":\"معامله نشده\",\"amt\":\"0.2\"}],\"creditors\":[{\"id\":1,\"name\":\"شعبه ابوریحان\",\"amt\":\"46.9\"}],\"pettys\":[{\"id\":1,\"desc\":\"بانک مهر\",\"amt\":\"495.710\"},{\"id\":2,\"desc\":\"صندوق\",\"amt\":\"13.200\"}],\"bankers\":[{\"id\":1,\"name\":\"آبشده امینی\",\"amt\":\"16.772\"},{\"id\":2,\"name\":\"\",\"amt\":\"\"}],\"ceiling\":\"500\",\"matrixValues\":{\"1_1\":\"37.790\",\"1_3\":\"8.910\",\"1_4\":\"0.2\"},\"controlRows\":[],\"controlDescs\":[]}', '2026-05-13 08:02:18', '2026-05-13 17:29:22'),
(141, 18, '1405-02-23', '{\"debtors\":[{\"id\":1,\"name\":\"حسین نعمتی\",\"amt\":\"45.300\"},{\"id\":2,\"name\":\"شعبه 3\",\"amt\":\"46.900\"},{\"id\":3,\"name\":\"هادی زارع\",\"amt\":\"0.750\"},{\"id\":4,\"name\":\"امینی\",\"amt\":\"55.876\"},{\"id\":5,\"name\":\"\",\"amt\":\"25.700\"}],\"creditors\":[{\"id\":3,\"name\":\"تنخواه\",\"amt\":\"174.526\"}],\"pettys\":[{\"id\":1,\"desc\":\"ملت\",\"amt\":\"218.658\"},{\"id\":2,\"desc\":\"مسکن\",\"amt\":\"20.066\"},{\"id\":3,\"desc\":\"سپه\",\"amt\":\"6.412\"},{\"id\":4,\"desc\":\"رفاه\",\"amt\":\"259.808\"},{\"id\":5,\"desc\":\"صندوق\",\"amt\":\"20.560\"}],\"bankers\":[{\"id\":1,\"name\":\"جودیان\",\"amt\":\"3.5\"},{\"id\":2,\"name\":\"امینی\",\"amt\":\"46.581\"}],\"ceiling\":\"700\",\"matrixValues\":{\"3_1\":\"45.3\",\"3_2\":\"46.9\",\"3_3\":\"0.750\",\"3_4\":\"55.876\",\"3_5\":\"25.7\"},\"controlRows\":[],\"controlDescs\":[]}', '2026-05-13 16:34:50', '2026-05-13 17:05:33'),
(142, 19, '1405-02-23', '{\"debtors\":[{\"id\":1,\"name\":\"امینی\",\"amt\":\"171.7\"},{\"id\":2,\"name\":\"جودیان\",\"amt\":\"20.2\"},{\"id\":4,\"name\":\"رضایی\",\"amt\":\"4.1\"},{\"id\":5,\"name\":\"قالیچی\",\"amt\":\"1.2\"},{\"id\":6,\"name\":\"نگین\",\"amt\":\"0.22\"},{\"id\":9,\"name\":\"عابدی\",\"amt\":\"199.8\"}],\"creditors\":[{\"id\":1,\"name\":\"بانک ها\",\"amt\":\"368.875\"},{\"id\":2,\"name\":\"شمیم\",\"amt\":\"0.88\"},{\"id\":3,\"name\":\"نفیس\",\"amt\":\"0.85\"},{\"id\":4,\"name\":\"دینی\",\"amt\":\"8.5\"},{\"id\":6,\"name\":\"شهر\",\"amt\":\"18.65\"}],\"pettys\":[{\"id\":1,\"desc\":\"ملت1\",\"amt\":\"9\"},{\"id\":2,\"desc\":\"ملت3\",\"amt\":\"55.3\"},{\"id\":3,\"desc\":\"مسکن1\",\"amt\":\"4.9\"},{\"id\":4,\"desc\":\"مسکن3\",\"amt\":\"0.44\"},{\"id\":5,\"desc\":\"شهر\",\"amt\":\"215.5\"},{\"id\":6,\"desc\":\"رسالت\",\"amt\":\"327\"},{\"id\":7,\"desc\":\"صندوق\",\"amt\":\"18.985\"}],\"bankers\":[{\"id\":1,\"name\":\"امینی\",\"amt\":\"3.895\"},{\"id\":2,\"name\":\"جودیان\",\"amt\":\"-0.554\"},{\"id\":3,\"name\":\"شمیم\",\"amt\":\"1.156\"},{\"id\":4,\"name\":\"نگین\",\"amt\":\"0.007\"},{\"id\":5,\"name\":\"قالیچی\",\"amt\":\"9.941\"},{\"id\":6,\"name\":\"بهروز دینی\",\"amt\":\"0.134\"}],\"ceiling\":\"1000\",\"matrixValues\":{\"1_1\":\"\",\"1_2\":\"\",\"1_4\":\"\",\"1_5\":\"\",\"1_6\":\"\",\"1_9\":\"\",\"2_1\":\"\",\"2_2\":\"\",\"2_4\":\"\",\"2_5\":\"\",\"2_6\":\"\",\"2_9\":\"\",\"3_1\":\"\",\"3_2\":\"\",\"3_4\":\"\",\"3_5\":\"\",\"3_6\":\"\",\"3_9\":\"\",\"4_1\":\"\",\"4_2\":\"\",\"4_4\":\"\",\"4_5\":\"\",\"4_6\":\"\",\"4_9\":\"\",\"6_1\":\"\",\"6_2\":\"\",\"6_4\":\"\",\"6_5\":\"\",\"6_6\":\"\",\"6_9\":\"\"},\"controlRows\":[],\"controlDescs\":[]}', '2026-05-13 16:44:47', '2026-05-13 17:25:52'),
(143, 31, '1405-02-24', '{\"debtors\":[{\"id\":1,\"name\":\"آبشده امینی\",\"amt\":\"235.94\"}],\"creditors\":[{\"id\":1,\"name\":\"شعبه ابوریحان\",\"amt\":\"46.9\"},{\"id\":2,\"name\":\"خانم نیر مرادی(وام ثنا)\",\"amt\":\"189\"},{\"id\":3,\"name\":\"معامله نشده\",\"amt\":\"0.04\"}],\"pettys\":[{\"id\":1,\"desc\":\"تنخواه\",\"amt\":\"495.7\"},{\"id\":2,\"desc\":\"صتدوق\",\"amt\":\"13.2\"}],\"bankers\":[{\"id\":2,\"name\":\"آبشده امینی\",\"amt\":\"6.608\"}],\"ceiling\":\"500\",\"matrixValues\":{\"1_1\":\"46.9\",\"2_1\":\"189\",\"3_1\":\"0.04\"},\"controlRows\":[],\"controlDescs\":[]}', '2026-05-14 08:50:41', '2026-05-14 16:03:46'),
(144, 18, '1405-02-24', '{\"debtors\":[{\"id\":1,\"name\":\"امینی\",\"amt\":\"63.376\"},{\"id\":2,\"name\":\"حسین نعمتی\",\"amt\":\"45.300\"},{\"id\":3,\"name\":\"شعبه ی ابرسان\",\"amt\":\"46.900\"},{\"id\":4,\"name\":\"هادی زارع\",\"amt\":\"0.750\"},{\"id\":5,\"name\":\"بابت هزینه ی دیوار\",\"amt\":\"0.068\"}],\"creditors\":[{\"id\":3,\"name\":\"تنخواه\",\"amt\":\"156.394\"}],\"pettys\":[{\"id\":1,\"desc\":\"ملت\",\"amt\":\"211.065\"},{\"id\":2,\"desc\":\"مسکن\",\"amt\":\"20.066\"},{\"id\":3,\"desc\":\"رفاه\",\"amt\":\"285.503\"},{\"id\":4,\"desc\":\"سپه\",\"amt\":\"6.412\"},{\"id\":5,\"desc\":\"اسکناس\",\"amt\":\"20.560\"}],\"bankers\":[{\"id\":1,\"name\":\"امینی\",\"amt\":\"32.695\"},{\"id\":2,\"name\":\"جودیان\",\"amt\":\"17\"}],\"ceiling\":\"700\",\"matrixValues\":{\"3_1\":\"63.376\",\"3_2\":\"45.3\",\"3_3\":\"46.9\",\"3_4\":\"0.75\",\"3_5\":\"0.068\"},\"controlRows\":[],\"controlDescs\":[]}', '2026-05-14 16:05:09', '2026-05-14 16:24:39'),
(145, 19, '1405-02-24', '{\"debtors\":[{\"id\":1,\"name\":\"عابدی\",\"amt\":\"99.8\"},{\"id\":2,\"name\":\"جودیان\",\"amt\":\"20.2\"}],\"creditors\":[{\"id\":1,\"name\":\"دینی\",\"amt\":\"8.5\"},{\"id\":2,\"name\":\"شهر\",\"amt\":\"18.62\"},{\"id\":3,\"name\":\"امینی\",\"amt\":\"26.2\"},{\"id\":4,\"name\":\"بانک ها\",\"amt\":\"71.06\"}],\"pettys\":[{\"id\":1,\"desc\":\"ملت1\",\"amt\":\"156\"},{\"id\":2,\"desc\":\"ملت3\",\"amt\":\"70\"},{\"id\":3,\"desc\":\"مسکن1\",\"amt\":\"4.9\"},{\"id\":4,\"desc\":\"مسکن3\",\"amt\":\"0.44\"},{\"id\":5,\"desc\":\"شهر\",\"amt\":\"313\"},{\"id\":6,\"desc\":\"رسالت\",\"amt\":\"326.6\"},{\"id\":7,\"desc\":\"صندوق\",\"amt\":\"25\"},{\"id\":10,\"desc\":\"وجوه در راه\",\"amt\":\"33\"}],\"bankers\":[{\"id\":1,\"name\":\"امینی\",\"amt\":\"14.07\"}],\"ceiling\":\"1000\",\"matrixValues\":{\"1_1\":\"\",\"1_2\":\"\",\"2_1\":\"\",\"2_2\":\"\",\"3_1\":\"\",\"3_2\":\"\",\"4_1\":\"\",\"4_2\":\"\"},\"controlRows\":[],\"controlDescs\":[]}', '2026-05-14 16:56:16', '2026-05-14 17:31:22'),
(160, 19, '1405-02-26', '{\"debtors\":[{\"id\":2,\"name\":\"امینی\",\"amt\":\"1297.7\"},{\"id\":4,\"name\":\"جودیان\",\"amt\":\"20.2\"},{\"id\":5,\"name\":\"رضایی\",\"amt\":\"4.1\"},{\"id\":6,\"name\":\"قالیچی\",\"amt\":\"1.2\"},{\"id\":7,\"name\":\"نگین\",\"amt\":\"0.22\"},{\"id\":8,\"name\":\"داود عابدی\",\"amt\":\"49.8\"}],\"creditors\":[{\"id\":3,\"name\":\"امیر فرشباف\",\"amt\":\"400\"},{\"id\":5,\"name\":\"نفیس\",\"amt\":\"0.85\"},{\"id\":6,\"name\":\"شمیم\",\"amt\":\"0.88\"},{\"id\":7,\"name\":\"دینی\",\"amt\":\"8.5\"},{\"id\":8,\"name\":\"سواد صالح\",\"amt\":\"850\"},{\"id\":10,\"name\":\"بانک ها\",\"amt\":\"109.65\"}],\"pettys\":[{\"id\":1,\"desc\":\"ملت1\",\"amt\":\"50.57\"},{\"id\":2,\"desc\":\"ملت3\",\"amt\":\"111.89\"},{\"id\":3,\"desc\":\"مسکن1\",\"amt\":\"4.9\"},{\"id\":4,\"desc\":\"مسکن3\",\"amt\":\"0.44\"},{\"id\":5,\"desc\":\"رسالت\",\"amt\":\"349.7\"},{\"id\":6,\"desc\":\"شهر\",\"amt\":\"347.85\"},{\"id\":7,\"desc\":\"صندوق\",\"amt\":\"25\"}],\"bankers\":[{\"id\":1,\"name\":\"کل\",\"amt\":\"28.322\"}],\"ceiling\":\"1000\",\"matrixValues\":{\"3_2\":\"\",\"3_4\":\"\",\"3_5\":\"\",\"3_6\":\"\",\"3_7\":\"\",\"3_8\":\"\",\"5_2\":\"\",\"5_4\":\"\",\"5_5\":\"\",\"5_6\":\"\",\"5_7\":\"\",\"5_8\":\"\",\"6_2\":\"\",\"6_4\":\"\",\"6_5\":\"\",\"6_6\":\"\",\"6_7\":\"\",\"6_8\":\"\",\"7_2\":\"\",\"7_4\":\"\",\"7_5\":\"\",\"7_6\":\"\",\"7_7\":\"\",\"7_8\":\"\",\"8_2\":\"\",\"8_4\":\"\",\"8_5\":\"\",\"8_6\":\"\",\"8_7\":\"\",\"8_8\":\"\",\"10_2\":\"\",\"10_4\":\"\",\"10_5\":\"\",\"10_6\":\"\",\"10_7\":\"\",\"10_8\":\"\"},\"controlRows\":[],\"controlDescs\":[]}', '2026-05-16 07:44:22', '2026-05-21 09:17:06'),
(161, 31, '1405-02-26', '{\"debtors\":[{\"id\":1,\"name\":\"تنخواه\",\"amt\":\"49.36\"}],\"creditors\":[{\"id\":1,\"name\":\"شعبه ابوریحان\",\"amt\":\"46.9\"},{\"id\":2,\"name\":\"آبشده امینی\",\"amt\":\"2.460\"}],\"pettys\":[{\"id\":1,\"desc\":\"مهر\",\"amt\":\"536\"},{\"id\":2,\"desc\":\"صندوق\",\"amt\":\"13.2\"}],\"bankers\":[{\"id\":1,\"name\":\"آبشده امینی\",\"amt\":\"6.731\"}],\"ceiling\":\"500\",\"matrixValues\":{\"1_1\":\"46.9\",\"2_1\":\"2.46\"},\"controlRows\":[],\"controlDescs\":[]}', '2026-05-16 15:47:02', '2026-05-16 17:20:44'),
(162, 18, '1405-02-26', '{\"debtors\":[{\"id\":1,\"name\":\"فریبا نریمان\",\"amt\":\"37.750\"},{\"id\":2,\"name\":\"اقای نعمتی\",\"amt\":\"45.300\"},{\"id\":3,\"name\":\"شعبه 3\",\"amt\":\"46.900\"},{\"id\":4,\"name\":\"هادی زارع\",\"amt\":\"0.750\"},{\"id\":5,\"name\":\"کارتخوان رفاه\",\"amt\":\"31.200\"},{\"id\":6,\"name\":\"مازاد\",\"amt\":\"0.031\"}],\"creditors\":[{\"id\":1,\"name\":\"امینی\",\"amt\":\"25.883\"},{\"id\":2,\"name\":\"تنخواه\",\"amt\":\"136.048\"}],\"pettys\":[{\"id\":1,\"desc\":\"ملت\",\"amt\":\"233.634\"},{\"id\":2,\"desc\":\"رفاه\",\"amt\":\"209.403\"},{\"id\":3,\"desc\":\"مسکن\",\"amt\":\"93.943\"},{\"id\":4,\"desc\":\"سپه\",\"amt\":\"6.412\"},{\"id\":5,\"desc\":\"صندوق\",\"amt\":\"20.560\"}],\"bankers\":[{\"id\":1,\"name\":\"شمیم\",\"amt\":\"1.69\"},{\"id\":2,\"name\":\"جودیان\",\"amt\":\"17\"},{\"id\":3,\"name\":\"امینی\",\"amt\":\"37.281\"}],\"ceiling\":\"700\",\"matrixValues\":{\"1_1\":\"37.75\",\"1_2\":\"45.3\",\"1_3\":\"46.9\",\"1_4\":\"0.750\",\"1_5\":\"31.2\",\"1_6\":\"0.031\",\"2_1\":\"\",\"2_2\":\"\",\"2_3\":\"\",\"2_4\":\"\",\"2_5\":\"\",\"2_6\":\"\"},\"controlRows\":[],\"controlDescs\":[]}', '2026-05-16 16:56:48', '2026-05-16 17:10:03'),
(163, 19, '1405-02-27', '{\"debtors\":[{\"id\":1,\"name\":\"جودیان\",\"amt\":\"20.2\"},{\"id\":4,\"name\":\"نگین\",\"amt\":\"0.22\"},{\"id\":5,\"name\":\"عبداللهی\",\"amt\":\"262.3\"},{\"id\":6,\"name\":\"قربان صفری\",\"amt\":\"200\"},{\"id\":10,\"name\":\"پور حسن\",\"amt\":\"4\"},{\"id\":11,\"name\":\"امیر فرشباف \",\"amt\":\"80.75\"},{\"id\":13,\"name\":\"عابدی\",\"amt\":\"49.8\"},{\"id\":17,\"name\":\"مردانی\",\"amt\":\"135.45\"},{\"id\":18,\"name\":\"\",\"amt\":\"\"}],\"creditors\":[{\"id\":2,\"name\":\"رضایی\",\"amt\":\"0.8\"},{\"id\":3,\"name\":\"نفیس\",\"amt\":\"0.85\"},{\"id\":4,\"name\":\"شمیم\",\"amt\":\"0.88\"},{\"id\":5,\"name\":\"دینی\",\"amt\":\"8.5\"},{\"id\":6,\"name\":\"قالیچی\",\"amt\":\"475.3\"},{\"id\":9,\"name\":\"امینی\",\"amt\":\"130\"},{\"id\":10,\"name\":\"بانک ها\",\"amt\":\"98.965\"},{\"id\":13,\"name\":\"معامله نشده فاکتور۷۹۵\",\"amt\":\"40\"}],\"pettys\":[{\"id\":1,\"desc\":\"ملت1\",\"amt\":\"2.7\"},{\"id\":2,\"desc\":\"ملت3\",\"amt\":\"126.8\"},{\"id\":3,\"desc\":\"مسکن1\",\"amt\":\"4.9\"},{\"id\":4,\"desc\":\"مسکن3\",\"amt\":\"0.44\"},{\"id\":5,\"desc\":\"شهر\",\"amt\":\"391\"},{\"id\":6,\"desc\":\"رسالت\",\"amt\":\"357\"},{\"id\":7,\"desc\":\"صندوق\",\"amt\":\"18.195\"}],\"bankers\":[{\"id\":1,\"name\":\"کل\",\"amt\":\"62.411\"}],\"ceiling\":\"1000\",\"matrixValues\":{\"2_1\":\"\",\"2_4\":\"\",\"2_5\":\"\",\"2_6\":\"\",\"2_10\":\"\",\"2_11\":\"\",\"2_13\":\"\",\"2_17\":\"\",\"2_18\":\"\",\"3_1\":\"\",\"3_4\":\"\",\"3_5\":\"\",\"3_6\":\"\",\"3_10\":\"\",\"3_11\":\"\",\"3_13\":\"\",\"3_17\":\"\",\"3_18\":\"\",\"4_1\":\"\",\"4_4\":\"\",\"4_5\":\"\",\"4_6\":\"\",\"4_10\":\"\",\"4_11\":\"\",\"4_13\":\"\",\"4_17\":\"\",\"4_18\":\"\",\"5_1\":\"\",\"5_4\":\"\",\"5_5\":\"\",\"5_6\":\"\",\"5_10\":\"\",\"5_11\":\"\",\"5_13\":\"\",\"5_17\":\"\",\"5_18\":\"\",\"6_1\":\"\",\"6_4\":\"\",\"6_5\":\"224\",\"6_6\":\"200\",\"6_10\":\"\",\"6_11\":\"\",\"6_13\":\"\",\"6_17\":\"\",\"6_18\":\"\",\"9_1\":\"\",\"9_4\":\"\",\"9_5\":\"\",\"9_6\":\"\",\"9_10\":\"\",\"9_11\":\"\",\"9_13\":\"\",\"9_17\":\"135.450\",\"9_18\":\"\",\"10_1\":\"\",\"10_4\":\"\",\"10_5\":\"38.3\",\"10_6\":\"\",\"10_10\":\"\",\"10_11\":\"80.750\",\"10_13\":\"\",\"10_17\":\"\",\"10_18\":\"\",\"13_1\":\"\",\"13_4\":\"\",\"13_5\":\"\",\"13_6\":\"\",\"13_10\":\"\",\"13_11\":\"\",\"13_13\":\"\",\"13_17\":\"\",\"13_18\":\"\"},\"controlRows\":[[\"144\",\"\",\"135.45\",\"38.3\",\"80.75\"],[\"80\",\"\",\"\",\"\",\"\"],[\"\",\"\",\"\",\"\",\"\"]],\"controlDescs\":[[\"\",\"\",\"\",\"\",\"به نیر حسین زاده\"],[\"\",\"\",\"\",\"\",\"\"],[\"\",\"\",\"\",\"\",\"\"]]}', '2026-05-17 16:37:34', '2026-05-19 21:02:34'),
(164, 18, '1405-02-27', '{\"debtors\":[{\"id\":1,\"name\":\"حسین نعمتی\",\"amt\":\"45.300\"},{\"id\":2,\"name\":\"شعبه 3\",\"amt\":\"46.900\"},{\"id\":3,\"name\":\"هادی زارع\",\"amt\":\"0.750\"},{\"id\":4,\"name\":\"یاسر(دلار)\",\"amt\":\"18\"},{\"id\":5,\"name\":\"کارتخوان\",\"amt\":\"20\"},{\"id\":6,\"name\":\"تنخواه\",\"amt\":\"43.416\"},{\"id\":7,\"name\":\"امیر آقا\",\"amt\":\"1.930\"},{\"id\":8,\"name\":\"دیوار\",\"amt\":\"0.027\"}],\"creditors\":[{\"id\":1,\"name\":\"امینی\",\"amt\":\"176.323\"}],\"pettys\":[{\"id\":1,\"desc\":\"مسکن\",\"amt\":\"244.233\"},{\"id\":2,\"desc\":\"ملت\",\"amt\":\"233.544\"},{\"id\":3,\"desc\":\"رفاه\",\"amt\":\"240.597\"},{\"id\":4,\"desc\":\"سپه\",\"amt\":\"4.482\"},{\"id\":5,\"desc\":\"صندوق\",\"amt\":\"20.560\"}],\"bankers\":[{\"id\":1,\"name\":\"امینی\",\"amt\":\"45.188\"},{\"id\":2,\"name\":\"جودیان\",\"amt\":\"17\"},{\"id\":3,\"name\":\"شمیم\",\"amt\":\"1.69\"}],\"ceiling\":\"700\",\"matrixValues\":{\"1_1\":\"45.3\",\"1_2\":\"46.9\",\"1_3\":\"0.75\",\"1_4\":\"18\",\"1_5\":\"20\",\"1_6\":\"43.416\",\"1_7\":\"1.93\",\"1_8\":\"0.027\"},\"controlRows\":[],\"controlDescs\":[]}', '2026-05-17 17:19:59', '2026-05-17 17:40:08'),
(165, 31, '1405-02-27', '{\"debtors\":[{\"id\":1,\"name\":\"آبشده امینی\",\"amt\":\"60.9\"},{\"id\":2,\"name\":\"تنخواه\",\"amt\":\"45.4\"}],\"creditors\":[{\"id\":1,\"name\":\"شعبه ابوریحان\",\"amt\":\"46.9\"},{\"id\":2,\"name\":\"نوشین مخصوصی\",\"amt\":\"59.4\"}],\"pettys\":[{\"id\":1,\"desc\":\"بانک مهر\",\"amt\":\"532.860\"},{\"id\":2,\"desc\":\"صندوق ریالی\",\"amt\":\"13.2\"}],\"bankers\":[{\"id\":1,\"name\":\"امینی\",\"amt\":\"3.439\"}],\"ceiling\":\"500\",\"matrixValues\":{\"1_1\":\"46.9\",\"1_2\":\"\",\"2_1\":\"14\",\"2_2\":\"45.4\"},\"controlRows\":[],\"controlDescs\":[]}', '2026-05-17 17:54:35', '2026-05-17 18:02:55'),
(166, 18, '1405-02-28', '{\"debtors\":[{\"id\":1,\"name\":\"امینی\",\"amt\":\"88.954\"},{\"id\":2,\"name\":\"شعبه2\",\"amt\":\"7.760\"},{\"id\":3,\"name\":\"یاسر (دلار)\",\"amt\":\"39.650\"},{\"id\":4,\"name\":\"هادی زارع\",\"amt\":\"0.750\"}],\"creditors\":[{\"id\":2,\"name\":\"تنخواه\",\"amt\":\"136.861\"},{\"id\":3,\"name\":\"سود معامله ارز\",\"amt\":\"0.253\"}],\"pettys\":[{\"id\":1,\"desc\":\"مسکن\",\"amt\":\"246.163\"},{\"id\":2,\"desc\":\"ملت\",\"amt\":\"238.754\"},{\"id\":3,\"desc\":\"رفاه\",\"amt\":\"55.480\"},{\"id\":4,\"desc\":\"سپه\",\"amt\":\"4.482\"},{\"id\":5,\"desc\":\"صندوق\",\"amt\":\"18.260\"}],\"bankers\":[{\"id\":1,\"name\":\"امینی\",\"amt\":\"37.474\"},{\"id\":2,\"name\":\"جودیان\",\"amt\":\"17\"},{\"id\":3,\"name\":\"شمیم\",\"amt\":\"1.69\"}],\"ceiling\":\"700\",\"matrixValues\":{\"2_1\":\"88.954\",\"2_2\":\"7.76\",\"2_3\":\"39.650\",\"2_4\":\"0.75\",\"3_1\":\"\",\"3_2\":\"\",\"3_3\":\"\",\"3_4\":\"\"},\"controlRows\":[],\"controlDescs\":[]}', '2026-05-18 11:52:36', '2026-05-18 17:05:36'),
(170, 31, '1405-02-29', '{\"debtors\":[{\"id\":1,\"name\":\"رضا سامع\",\"amt\":\"50\"},{\"id\":2,\"name\":\"تنخواه\",\"amt\":\"17\"}],\"creditors\":[{\"id\":1,\"name\":\"آبشده امینی\",\"amt\":\"67\"}],\"pettys\":[{\"id\":1,\"desc\":\"بانک مهر\",\"amt\":\"503.985\"},{\"id\":2,\"desc\":\"صندوق ریالی\",\"amt\":\"13.2\"}],\"bankers\":[{\"id\":1,\"name\":\"آبشده امینی\",\"amt\":\"18.662\"},{\"id\":2,\"name\":\"سکه ایراندوست( تمام سکه)\",\"amt\":\"1\"}],\"ceiling\":\"500\",\"matrixValues\":{},\"controlRows\":[],\"controlDescs\":[]}', '2026-05-19 17:21:31', '2026-05-19 17:29:54'),
(172, 19, '1405-02-29', '{\"debtors\":[{\"id\":1,\"name\":\"صمد سلمان\",\"amt\":\"800\"},{\"id\":2,\"name\":\"عادله بهشتی\",\"amt\":\"200\"},{\"id\":3,\"name\":\"مسکن مرکزی\",\"amt\":\"191.5\"},{\"id\":4,\"name\":\"محمد کریمی زاد\",\"amt\":\"189\"},{\"id\":5,\"name\":\"داود عابدی\",\"amt\":\"49.8\"},{\"id\":6,\"name\":\"جودیان\",\"amt\":\"20.2\"},{\"id\":7,\"name\":\"پور حسن\",\"amt\":\"4\"},{\"id\":8,\"name\":\"حمید حمیدی\",\"amt\":\"1.93\"},{\"id\":11,\"name\":\"نگین\",\"amt\":\"0.22\"},{\"id\":12,\"name\":\"بانک ها\",\"amt\":\"159.901\"}],\"creditors\":[{\"id\":1,\"name\":\"دینی\",\"amt\":\"8.5\"},{\"id\":2,\"name\":\"نفیس\",\"amt\":\"0.85\"},{\"id\":3,\"name\":\"شمیم\",\"amt\":\"0.88\"},{\"id\":4,\"name\":\"قالیچی\",\"amt\":\"20\"},{\"id\":5,\"name\":\"رضایی\",\"amt\":\"191.3\"},{\"id\":6,\"name\":\"امینی\",\"amt\":\"1345.2\"},{\"id\":7,\"name\":\"بانک ها\",\"amt\":\"0\"}],\"pettys\":[{\"id\":1,\"desc\":\"ملت1\",\"amt\":\"2.7\"},{\"id\":2,\"desc\":\"ملت3\",\"amt\":\"268.136\"},{\"id\":3,\"desc\":\"مسکن1\",\"amt\":\"204.9\"},{\"id\":4,\"desc\":\"مسکن3\",\"amt\":\"4.440\"},{\"id\":5,\"desc\":\"رسالت\",\"amt\":\"6.9\"},{\"id\":6,\"desc\":\"شهر\",\"amt\":\"559.1\"},{\"id\":7,\"desc\":\"صندوق\",\"amt\":\"113.725\"}],\"bankers\":[{\"id\":1,\"name\":\"کل\",\"amt\":\"127.192\"}],\"ceiling\":\"1000\",\"matrixValues\":{\"1_1\":\"\",\"1_2\":\"\",\"1_3\":\"\",\"1_4\":\"\",\"1_5\":\"\",\"1_6\":\"\",\"1_7\":\"\",\"1_8\":\"\",\"1_11\":\"\",\"1_12\":\"\",\"2_1\":\"\",\"2_2\":\"\",\"2_3\":\"\",\"2_4\":\"\",\"2_5\":\"\",\"2_6\":\"\",\"2_7\":\"\",\"2_8\":\"\",\"2_11\":\"\",\"2_12\":\"\",\"3_1\":\"\",\"3_2\":\"\",\"3_3\":\"\",\"3_4\":\"\",\"3_5\":\"\",\"3_6\":\"\",\"3_7\":\"\",\"3_8\":\"\",\"3_11\":\"\",\"3_12\":\"\",\"4_1\":\"\",\"4_2\":\"\",\"4_3\":\"\",\"4_4\":\"\",\"4_5\":\"\",\"4_6\":\"\",\"4_7\":\"\",\"4_8\":\"\",\"4_11\":\"\",\"4_12\":\"\",\"5_1\":\"\",\"5_2\":\"191.3\",\"5_3\":\"\",\"5_4\":\"\",\"5_5\":\"\",\"5_6\":\"\",\"5_7\":\"\",\"5_8\":\"\",\"5_11\":\"\",\"5_12\":\"\",\"6_1\":\"800\",\"6_2\":\"\",\"6_3\":\"\",\"6_4\":\"189\",\"6_5\":\"\",\"6_6\":\"\",\"6_7\":\"\",\"6_8\":\"\",\"6_11\":\"\",\"6_12\":\"356.2\",\"7_1\":\"\",\"7_2\":\"8.7\",\"7_3\":\"191.5\",\"7_4\":\"\",\"7_5\":\"\",\"7_6\":\"\",\"7_7\":\"\",\"7_8\":\"\",\"7_11\":\"\",\"7_12\":\"\"},\"controlRows\":[[\"191.3\",\"100\",\"189\",\"195\",\"8.7\",\"191.5\"],[\"\",\"200\",\"\",\"161.2\",\"\",\"\"],[\"\",\"500\",\"\",\"\",\"\",\"\"]],\"controlDescs\":[[\"\",\"\",\"\",\"\",\"\",\"\"],[\"\",\"\",\"\",\"\",\"\",\"\"],[\"\",\"\",\"\",\"\",\"\",\"\"]]}', '2026-05-19 17:32:03', '2026-05-21 09:17:38'),
(179, 19, '1405/02/28', '{\"debtors\":[{\"id\":1,\"name\":\"\",\"amt\":\"\"}],\"creditors\":[{\"id\":1,\"name\":\"\",\"amt\":\"\"}],\"pettys\":[{\"id\":1,\"desc\":\"\",\"amt\":\"\"}],\"bankers\":[{\"id\":1,\"name\":\"\",\"amt\":\"\"}],\"ceiling\":\"1000\",\"matrixValues\":{},\"controlRows\":[],\"controlDescs\":[]}', '2026-05-19 20:15:11', '2026-05-19 20:15:11'),
(180, 19, '1405/02/02', '{\"debtors\":[{\"id\":1,\"name\":\"\",\"amt\":\"\"}],\"creditors\":[{\"id\":1,\"name\":\"\",\"amt\":\"\"}],\"pettys\":[{\"id\":1,\"desc\":\"\",\"amt\":\"\"}],\"bankers\":[{\"id\":1,\"name\":\"\",\"amt\":\"\"}],\"ceiling\":\"1000\",\"matrixValues\":{\"1_1\":\"\"},\"controlRows\":[],\"controlDescs\":[]}', '2026-05-19 20:19:58', '2026-05-19 20:44:20'),
(183, 19, '1405-02-28', '{\"debtors\":[{\"id\":2,\"name\":\"امینی\",\"amt\":\"131.4\"},{\"id\":3,\"name\":\"عابدی\",\"amt\":\"49.8\"},{\"id\":4,\"name\":\"جودیان\",\"amt\":\"20.2\"},{\"id\":5,\"name\":\"پورحسن\",\"amt\":\"4\"},{\"id\":6,\"name\":\"نگین\",\"amt\":\"0.22\"},{\"id\":7,\"name\":\"بانک ها\",\"amt\":\"109.47\"},{\"id\":8,\"name\":\"واعضی\",\"amt\":\"40\"}],\"creditors\":[{\"id\":3,\"name\":\"رضایی\",\"amt\":\"0.8\"},{\"id\":4,\"name\":\"شمیم\",\"amt\":\"0.88\"},{\"id\":5,\"name\":\"حمید حمیدی\",\"amt\":\"2.95\"},{\"id\":6,\"name\":\"دینی\",\"amt\":\"8.5\"},{\"id\":7,\"name\":\"قالیچی\",\"amt\":\"50\"},{\"id\":8,\"name\":\"حسین زاده\",\"amt\":\"106.2\"}],\"pettys\":[{\"id\":1,\"desc\":\"ملت1\",\"amt\":\"2.7\"},{\"id\":2,\"desc\":\"ملت2\",\"amt\":\"234.4\"},{\"id\":3,\"desc\":\"مسکن1\",\"amt\":\"204.9\"},{\"id\":4,\"desc\":\"مسکن3\",\"amt\":\"4.4\"},{\"id\":5,\"desc\":\"رسالت\",\"amt\":\"6.97\"},{\"id\":6,\"desc\":\"شهر\",\"amt\":\"492.6\"},{\"id\":7,\"desc\":\"صندوق\",\"amt\":\"163.5\"}],\"bankers\":[{\"id\":1,\"name\":\"کل\",\"amt\":\"55.728\"}],\"ceiling\":\"1000\",\"matrixValues\":{\"3_2\":\"\",\"3_3\":\"\",\"3_4\":\"\",\"3_5\":\"\",\"3_6\":\"\",\"3_7\":\"\",\"3_8\":\"\",\"4_2\":\"\",\"4_3\":\"\",\"4_4\":\"\",\"4_5\":\"\",\"4_6\":\"\",\"4_7\":\"\",\"4_8\":\"\",\"5_2\":\"\",\"5_3\":\"\",\"5_4\":\"\",\"5_5\":\"\",\"5_6\":\"\",\"5_7\":\"\",\"5_8\":\"\",\"6_2\":\"\",\"6_3\":\"\",\"6_4\":\"\",\"6_5\":\"\",\"6_6\":\"\",\"6_7\":\"\",\"6_8\":\"\",\"7_2\":\"\",\"7_3\":\"\",\"7_4\":\"\",\"7_5\":\"\",\"7_6\":\"\",\"7_7\":\"\",\"7_8\":\"\",\"8_2\":\"\",\"8_3\":\"\",\"8_4\":\"\",\"8_5\":\"\",\"8_6\":\"\",\"8_7\":\"\",\"8_8\":\"\"},\"controlRows\":[],\"controlDescs\":[]}', '2026-05-19 21:01:54', '2026-05-21 09:16:13'),
(184, 18, '1405-02-29', '{\"debtors\":[{\"id\":1,\"name\":\"فریبا نریمان\",\"amt\":\"42.650\"},{\"id\":2,\"name\":\"یاسر\",\"amt\":\"39.650\"},{\"id\":3,\"name\":\"زارع\",\"amt\":\"0.750\"},{\"id\":4,\"name\":\"کارتخوان\",\"amt\":\"0.200\"},{\"id\":5,\"name\":\"تنخواه\",\"amt\":\"166.238\"},{\"id\":6,\"name\":\"هزینه\",\"amt\":\"0.71\"}],\"creditors\":[{\"id\":1,\"name\":\"امینی\",\"amt\":\"231.648\"},{\"id\":2,\"name\":\"فاطمه فرهمند\",\"amt\":\"18.550\"}],\"pettys\":[{\"id\":1,\"desc\":\"ملت\",\"amt\":\"249.526\"},{\"id\":2,\"desc\":\"مسکن\",\"amt\":\"303.663\"},{\"id\":3,\"desc\":\"رفاه\",\"amt\":\"289.942\"},{\"id\":4,\"desc\":\"سپه\",\"amt\":\"4.482\"},{\"id\":5,\"desc\":\"صندوق\",\"amt\":\"18.625\"}],\"bankers\":[{\"id\":1,\"name\":\"امینی\",\"amt\":\"54.435\"},{\"id\":2,\"name\":\"جودیان\",\"amt\":\"17\"},{\"id\":3,\"name\":\"شمیم \",\"amt\":\"1.69\"}],\"ceiling\":\"700\",\"matrixValues\":{},\"controlRows\":[],\"controlDescs\":[]}', '2026-05-20 07:38:28', '2026-05-20 08:26:32'),
(185, 18, '1405-02-30', '{\"debtors\":[{\"id\":1,\"name\":\"زارع\",\"amt\":\"0.750\"},{\"id\":2,\"name\":\"یاسر \",\"amt\":\"39.650\"},{\"id\":3,\"name\":\"سیما فرهمند\",\"amt\":\"180\"},{\"id\":4,\"name\":\"فریبا نریمان\",\"amt\":\"2.650\"},{\"id\":5,\"name\":\"کارتخواتن\",\"amt\":\"24.700\"},{\"id\":6,\"name\":\"تنخواه\",\"amt\":\"113.733\"},{\"id\":7,\"name\":\"کارمزد \",\"amt\":\"0.023\"}],\"creditors\":[{\"id\":1,\"name\":\"امینی\",\"amt\":\"361.506\"}],\"pettys\":[{\"id\":1,\"desc\":\"ملت\",\"amt\":\"279.227\"},{\"id\":2,\"desc\":\"مسکن\",\"amt\":\"238.098\"},{\"id\":3,\"desc\":\"رفاه\",\"amt\":\"272.301\"},{\"id\":4,\"desc\":\"سپه\",\"amt\":\"4.482\"},{\"id\":5,\"desc\":\"صندوق\",\"amt\":\"19.625\"}],\"bankers\":[{\"id\":1,\"name\":\"امینی\",\"amt\":\"55.179\"},{\"id\":2,\"name\":\"جودیان\",\"amt\":\"17\"},{\"id\":3,\"name\":\"شمیم\",\"amt\":\"1.69\"}],\"ceiling\":\"700\",\"matrixValues\":{\"1_1\":\"0.750\",\"1_2\":\"39.65\",\"1_3\":\"180\",\"1_4\":\"2.65\",\"1_5\":\"24.70\",\"1_6\":\"113.733\",\"1_7\":\"0.023\"},\"controlRows\":[],\"controlDescs\":[]}', '2026-05-20 08:26:50', '2026-05-20 16:56:18'),
(186, 19, '1405-02-30', '{\"debtors\":[{\"id\":1,\"name\":\"امینی\",\"amt\":\"233.1\"},{\"id\":2,\"name\":\"عابدی\",\"amt\":\"49.8\"},{\"id\":3,\"name\":\"جودیان\",\"amt\":\"20.2\"},{\"id\":4,\"name\":\"پور حسن\",\"amt\":\"4\"},{\"id\":5,\"name\":\"یاسر\",\"amt\":\"0.3\"},{\"id\":6,\"name\":\"نگین\",\"amt\":\"0.22\"},{\"id\":8,\"name\":\"معامله نشده \",\"amt\":\"65\"},{\"id\":9,\"name\":\"امینی\",\"amt\":\"45.2\"}],\"creditors\":[{\"id\":1,\"name\":\"بانک ها\",\"amt\":\"46.275\"},{\"id\":3,\"name\":\"شمیم\",\"amt\":\"0.88\"},{\"id\":4,\"name\":\"دینی\",\"amt\":\"8.5\"},{\"id\":5,\"name\":\"قالیچی\",\"amt\":\"20\"},{\"id\":6,\"name\":\"خجسته مرادی\",\"amt\":\"50\"},{\"id\":7,\"name\":\"نفیس\",\"amt\":\"106\"},{\"id\":8,\"name\":\"رضایی هریس\",\"amt\":\"161\"}],\"pettys\":[{\"id\":1,\"desc\":\"ملت۱\",\"amt\":\"2.7\"},{\"id\":2,\"desc\":\"ملت۳\",\"amt\":\"276.8\"},{\"id\":3,\"desc\":\"مسکن۱\",\"amt\":\"43.67\"},{\"id\":4,\"desc\":\"مسکن۳\",\"amt\":\"0.9\"},{\"id\":5,\"desc\":\"شهر\",\"amt\":\"457.67\"},{\"id\":6,\"desc\":\"رسالت\",\"amt\":\"6.9\"},{\"id\":7,\"desc\":\"صندوق \",\"amt\":\"165.085\"}],\"bankers\":[{\"id\":1,\"name\":\"کل\",\"amt\":\"44.967\"}],\"ceiling\":\"1000\",\"matrixValues\":{\"1_1\":\"\",\"1_2\":\"\",\"1_3\":\"\",\"1_4\":\"\",\"1_5\":\"\",\"1_6\":\"\",\"1_8\":\"\",\"1_9\":\"\",\"3_1\":\"\",\"3_2\":\"\",\"3_3\":\"\",\"3_4\":\"\",\"3_5\":\"\",\"3_6\":\"\",\"3_8\":\"\",\"3_9\":\"\",\"4_1\":\"\",\"4_2\":\"\",\"4_3\":\"\",\"4_4\":\"\",\"4_5\":\"\",\"4_6\":\"\",\"4_8\":\"\",\"4_9\":\"\",\"5_1\":\"\",\"5_2\":\"\",\"5_3\":\"\",\"5_4\":\"\",\"5_5\":\"\",\"5_6\":\"\",\"5_8\":\"\",\"5_9\":\"\",\"6_1\":\"\",\"6_2\":\"\",\"6_3\":\"\",\"6_4\":\"\",\"6_5\":\"\",\"6_6\":\"\",\"6_8\":\"\",\"6_9\":\"\",\"7_1\":\"\",\"7_2\":\"\",\"7_3\":\"\",\"7_4\":\"\",\"7_5\":\"\",\"7_6\":\"\",\"7_8\":\"\",\"7_9\":\"\",\"8_1\":\"\",\"8_2\":\"\",\"8_3\":\"\",\"8_4\":\"\",\"8_5\":\"\",\"8_6\":\"\",\"8_8\":\"\",\"8_9\":\"\"},\"controlRows\":[],\"controlDescs\":[]}', '2026-05-20 17:03:31', '2026-05-21 15:59:02'),
(187, 31, '1405-02-30', '{\"debtors\":[{\"id\":1,\"name\":\"تنخواه\",\"amt\":\"111.4\"},{\"id\":2,\"name\":\"سازمان دانش آموزی\",\"amt\":\"3.2\"}],\"creditors\":[{\"id\":1,\"name\":\"آبشده امینی\",\"amt\":\"114.6\"}],\"pettys\":[{\"id\":1,\"desc\":\"بانک مهر\",\"amt\":\"486.983\"},{\"id\":2,\"desc\":\"بانک کشاورزی\",\"amt\":\"101.4\"},{\"id\":3,\"desc\":\"بانک مسکن\",\"amt\":\"10\"},{\"id\":4,\"desc\":\"صندوق \",\"amt\":\"13.2\"}],\"bankers\":[{\"id\":1,\"name\":\"آبشده امینی\",\"amt\":\"14.754\"}],\"ceiling\":\"500\",\"matrixValues\":{\"1_1\":\"111.4\",\"1_2\":\"3.2\"},\"controlRows\":[],\"controlDescs\":[]}', '2026-05-20 17:27:36', '2026-05-20 17:35:00'),
(188, 31, '1405-02-31', '{\"debtors\":[{\"id\":1,\"name\":\"سازمان دانش آموزی\",\"amt\":\"3.2\"},{\"id\":2,\"name\":\"تنخواه\",\"amt\":\"147.5\"}],\"creditors\":[{\"id\":1,\"name\":\"آبشده امینی\",\"amt\":\"150.7\"}],\"pettys\":[{\"id\":1,\"desc\":\"بانک مهر\",\"amt\":\"485\"},{\"id\":2,\"desc\":\"بانک کشاورزی\",\"amt\":\"139.5\"},{\"id\":3,\"desc\":\"بانک مسکن\",\"amt\":\"10\"},{\"id\":4,\"desc\":\"صندوق\",\"amt\":\"13.2\"}],\"bankers\":[{\"id\":1,\"name\":\"آبشده امینی\",\"amt\":\"16.656\"}],\"ceiling\":\"500\",\"matrixValues\":{\"1_1\":\"3.2\",\"1_2\":\"147.5\"},\"controlRows\":[],\"controlDescs\":[]}', '2026-05-21 16:14:33', '2026-05-21 16:17:58'),
(189, 18, '1405-02-31', '{\"debtors\":[{\"id\":1,\"name\":\"هادی زارع\",\"amt\":\"0.750\"},{\"id\":2,\"name\":\"سیما فرهمند\",\"amt\":\"180\"},{\"id\":3,\"name\":\"امینی\",\"amt\":\"6.300\"},{\"id\":4,\"name\":\"یاسر\",\"amt\":\"39.650\"},{\"id\":5,\"name\":\"کارتخوان\",\"amt\":\"20.100\"}],\"creditors\":[{\"id\":1,\"name\":\"آیلار یوسف زاده\",\"amt\":\"132.3\"},{\"id\":2,\"name\":\"تنخواه\",\"amt\":\"110.501\"}],\"pettys\":[{\"id\":1,\"desc\":\"ملت\",\"amt\":\"298.709\"},{\"id\":2,\"desc\":\"مسکن\",\"amt\":\"138.078\"},{\"id\":3,\"desc\":\"سپه\",\"amt\":\"4.482\"},{\"id\":4,\"desc\":\"رفاه\",\"amt\":\"98.605\"},{\"id\":5,\"desc\":\"پارسیان\",\"amt\":\"30\"},{\"id\":6,\"desc\":\"اسکناس\",\"amt\":\"19.625\"}],\"bankers\":[{\"id\":1,\"name\":\"شمیم\",\"amt\":\"1.690\"},{\"id\":2,\"name\":\"جودیان\",\"amt\":\"17\"},{\"id\":3,\"name\":\"امینی\",\"amt\":\"35.666\"}],\"ceiling\":\"700\",\"matrixValues\":{\"1_1\":\"\",\"1_2\":\"\",\"1_3\":\"\",\"1_4\":\"\",\"1_5\":\"\",\"2_1\":\"\",\"2_2\":\"\",\"2_3\":\"\",\"2_4\":\"\",\"2_5\":\"\"},\"controlRows\":[],\"controlDescs\":[]}', '2026-05-21 16:33:58', '2026-05-23 07:28:27'),
(190, 19, '1405-02-31', '{\"debtors\":[{\"id\":1,\"name\":\"امینی\",\"amt\":\"554.1\"},{\"id\":2,\"name\":\"امینی\",\"amt\":\"45.2\"},{\"id\":3,\"name\":\"پورحسن\",\"amt\":\"4\"},{\"id\":4,\"name\":\"داود عابدی\",\"amt\":\"49.8\"},{\"id\":5,\"name\":\"امیر فرشباف \",\"amt\":\"30\"},{\"id\":7,\"name\":\"جودیان\",\"amt\":\"20.2\"},{\"id\":9,\"name\":\"یاسر\",\"amt\":\"0.3\"},{\"id\":10,\"name\":\"بانک ها\",\"amt\":\"0\"}],\"creditors\":[{\"id\":1,\"name\":\"شمیم \",\"amt\":\"0.88\"},{\"id\":2,\"name\":\"نفیس \",\"amt\":\"106\"},{\"id\":3,\"name\":\"نگین\",\"amt\":\"0.22\"},{\"id\":4,\"name\":\"مرادی\",\"amt\":\"50\"},{\"id\":5,\"name\":\"ابوریحان \",\"amt\":\"6.675\"},{\"id\":6,\"name\":\"دینی\",\"amt\":\"8.5\"},{\"id\":7,\"name\":\"اکرم حمیدی \",\"amt\":\"100\"},{\"id\":8,\"name\":\"قالیچی\",\"amt\":\"20\"},{\"id\":9,\"name\":\"بانک ها\",\"amt\":\"119.655\"},{\"id\":11,\"name\":\"هادی صدقیان\",\"amt\":\"154.2\"},{\"id\":12,\"name\":\"تساوی\",\"amt\":\"96\"},{\"id\":13,\"name\":\"برگشت وجه\",\"amt\":\"20\"}],\"pettys\":[{\"id\":1,\"desc\":\"ملت ۱\",\"amt\":\"2.7\"},{\"id\":2,\"desc\":\"ملت۳\",\"amt\":\"276.8\"},{\"id\":3,\"desc\":\"مسکن۱\",\"amt\":\"23.66\"},{\"id\":4,\"desc\":\"مسکن۳\",\"amt\":\"0.9\"},{\"id\":5,\"desc\":\"رسالت\",\"amt\":\"6.9\"},{\"id\":6,\"desc\":\"شهر\",\"amt\":\"394.3\"},{\"id\":7,\"desc\":\"صندوق \",\"amt\":\"175.085\"}],\"bankers\":[],\"ceiling\":\"1000\",\"matrixValues\":{\"1_1\":\"\",\"1_2\":\"\",\"1_3\":\"\",\"1_4\":\"\",\"1_5\":\"\",\"1_7\":\"\",\"1_9\":\"\",\"1_10\":\"\",\"2_1\":\"100\",\"2_2\":\"\",\"2_3\":\"\",\"2_4\":\"\",\"2_5\":\"\",\"2_7\":\"\",\"2_9\":\"\",\"2_10\":\"6\",\"3_1\":\"\",\"3_2\":\"\",\"3_3\":\"\",\"3_4\":\"\",\"3_5\":\"\",\"3_7\":\"\",\"3_9\":\"\",\"3_10\":\"\",\"4_1\":\"\",\"4_2\":\"\",\"4_3\":\"\",\"4_4\":\"\",\"4_5\":\"\",\"4_7\":\"\",\"4_9\":\"\",\"4_10\":\"50\",\"5_1\":\"\",\"5_2\":\"\",\"5_3\":\"\",\"5_4\":\"\",\"5_5\":\"\",\"5_7\":\"\",\"5_9\":\"\",\"5_10\":\"\",\"6_1\":\"\",\"6_2\":\"\",\"6_3\":\"\",\"6_4\":\"\",\"6_5\":\"\",\"6_7\":\"\",\"6_9\":\"\",\"6_10\":\"\",\"7_1\":\"100\",\"7_2\":\"\",\"7_3\":\"\",\"7_4\":\"\",\"7_5\":\"\",\"7_7\":\"\",\"7_9\":\"\",\"7_10\":\"\",\"8_1\":\"\",\"8_2\":\"\",\"8_3\":\"\",\"8_4\":\"\",\"8_5\":\"\",\"8_7\":\"\",\"8_9\":\"\",\"8_10\":\"\",\"9_1\":\"190\",\"9_2\":\"\",\"9_3\":\"\",\"9_4\":\"\",\"9_5\":\"30\",\"9_7\":\"\",\"9_9\":\"\",\"9_10\":\"\",\"11_1\":\"154\",\"11_2\":\"\",\"11_3\":\"\",\"11_4\":\"\",\"11_5\":\"\",\"11_7\":\"\",\"11_9\":\"\",\"11_10\":\"0.2\",\"12_1\":\"\",\"12_2\":\"\",\"12_3\":\"\",\"12_4\":\"\",\"12_5\":\"\",\"12_7\":\"\",\"12_9\":\"\",\"12_10\":\"96\",\"13_1\":\"\",\"13_2\":\"\",\"13_3\":\"\",\"13_4\":\"\",\"13_5\":\"\",\"13_7\":\"\",\"13_9\":\"\",\"13_10\":\"20\"},\"controlRows\":[[\"100\",\"6\",\"50\",\"100\",\"20\",\"37\",\"154\",\"0.2\",\"96\",\"20\"]],\"controlDescs\":[[\"به فرناز فکری\",\"\",\"از شهر\",\"به علیرضا سافری\",\"ملت3\",\"\",\"\",\"از شهر\",\"از شهر\",\"\"]]}', '2026-05-21 17:30:12', '2026-05-24 13:52:11'),
(191, 18, '1405-03-02', '{\"debtors\":[{\"id\":1,\"name\":\"هادی زارع\",\"amt\":\"0.750\"},{\"id\":2,\"name\":\"یاسر \",\"amt\":\"39.650\"},{\"id\":3,\"name\":\"تنخواه\",\"amt\":\"44.524\"},{\"id\":4,\"name\":\"کارتخوان\",\"amt\":\"10.90\"},{\"id\":5,\"name\":\"اقای نویدی\",\"amt\":\"31.300\"},{\"id\":6,\"name\":\"هزینه بانکی\",\"amt\":\"0.093\"}],\"creditors\":[{\"id\":1,\"name\":\"امینی\",\"amt\":\"127.217\"}],\"pettys\":[{\"id\":1,\"desc\":\"ملت\",\"amt\":\"339.094\"},{\"id\":2,\"desc\":\"مسکن\",\"amt\":\"149.403\"},{\"id\":3,\"desc\":\"رفاه\",\"amt\":\"172.420\"},{\"id\":4,\"desc\":\"سپه\",\"amt\":\"4.482\"},{\"id\":5,\"desc\":\"پارسیان\",\"amt\":\"59.500\"},{\"id\":6,\"desc\":\"اسکناس\",\"amt\":\"19.625\"}],\"bankers\":[{\"id\":1,\"name\":\"امینی\",\"amt\":\"42.818\"},{\"id\":2,\"name\":\"جودیان\",\"amt\":\"\"},{\"id\":3,\"name\":\"\",\"amt\":\"\"}],\"ceiling\":\"700\",\"matrixValues\":{\"1_1\":\"0.750\",\"1_2\":\"39.65\",\"1_3\":\"44.524\",\"1_4\":\"10.9\",\"1_5\":\"31.3\",\"1_6\":\"0.093\"},\"controlRows\":[],\"controlDescs\":[],\"dyn_items\":[{\"id\":3,\"gram\":0},{\"id\":4,\"gram\":0},{\"id\":5,\"gram\":0},{\"id\":6,\"gram\":0}]}', '2026-05-23 07:30:47', '2026-06-21 16:20:00');
INSERT INTO `daily_reports` (`id`, `user_id`, `report_date`, `report_data`, `created_at`, `updated_at`) VALUES
(192, 19, '1405-03-02', '{\"debtors\":[{\"id\":1,\"name\":\"امینی\",\"amt\":\"45.2\"},{\"id\":2,\"name\":\"نفیس\",\"amt\":\"6\"},{\"id\":3,\"name\":\"دانشور\",\"amt\":\"46.7\"},{\"id\":4,\"name\":\"ابیضی\",\"amt\":\"1350\"}],\"creditors\":[{\"id\":1,\"name\":\"دینی\",\"amt\":\"8.5\"},{\"id\":2,\"name\":\"فاطمه فلاح\",\"amt\":\"64\"},{\"id\":3,\"name\":\"علی سعیدی\",\"amt\":\"198\"},{\"id\":4,\"name\":\"نیما عزیزی بهروز\",\"amt\":\"787.76\"},{\"id\":5,\"name\":\"بانک ها\",\"amt\":\"334.95\"}],\"pettys\":[{\"id\":1,\"desc\":\"ملت1\",\"amt\":\"50.7\"},{\"id\":2,\"desc\":\"ملت3\",\"amt\":\"216.8\"},{\"id\":3,\"desc\":\"مسکن1\",\"amt\":\"4.4\"},{\"id\":4,\"desc\":\"مسکن3\",\"amt\":\"0.9\"},{\"id\":5,\"desc\":\"رسالت\",\"amt\":\"0.6\"},{\"id\":6,\"desc\":\"شهر\",\"amt\":\"218.65\"},{\"id\":7,\"desc\":\"صندوق\",\"amt\":\"173\"}],\"bankers\":[{\"id\":1,\"name\":\"\",\"amt\":\"\"}],\"ceiling\":\"1000\",\"matrixValues\":{\"1_1\":\"\",\"1_2\":\"\",\"1_3\":\"\",\"1_4\":\"\",\"2_1\":\"\",\"2_2\":\"\",\"2_3\":\"\",\"2_4\":\"64\",\"3_1\":\"\",\"3_2\":\"\",\"3_3\":\"\",\"3_4\":\"198\",\"4_1\":\"\",\"4_2\":\"\",\"4_3\":\"\",\"4_4\":\"787\",\"5_1\":\"\",\"5_2\":\"\",\"5_3\":\"46.7\",\"5_4\":\"301\"},\"controlRows\":[[\"64\",\"198\",\"500\",\"46.7\",\"300\"],[\"\",\"\",\"287\",\"\",\"\"]],\"controlDescs\":[[\"\",\"\",\"\",\"\",\"\"],[\"\",\"\",\"\",\"\",\"\"]],\"dyn_items\":[{\"id\":3,\"gram\":537.228},{\"id\":4,\"gram\":11096.782},{\"id\":5,\"gram\":408.09},{\"id\":6,\"gram\":29.816}]}', '2026-05-23 13:11:50', '2026-05-30 13:38:28'),
(193, 31, '1405-03-02', '{\"debtors\":[{\"id\":1,\"name\":\"تنخواه\",\"amt\":\"46.85\"},{\"id\":2,\"name\":\"سازمان دانش آموزی\",\"amt\":\"3.2\"}],\"creditors\":[{\"id\":1,\"name\":\"آبشده امینی \",\"amt\":\"50.050\"}],\"pettys\":[{\"id\":1,\"desc\":\"بانک مهر\",\"amt\":\"364.390\"},{\"id\":2,\"desc\":\"بانک کشاورزی\",\"amt\":\"159.580\"},{\"id\":3,\"desc\":\"بانک مسکن\",\"amt\":\"10\"},{\"id\":4,\"desc\":\"صندوق \",\"amt\":\"13.2\"}],\"bankers\":[{\"id\":1,\"name\":\"امینی\",\"amt\":\"19.313\"},{\"id\":2,\"name\":\"نفیس گلد\",\"amt\":\"2.318\"}],\"ceiling\":\"500\",\"matrixValues\":{\"1_1\":\"46.85\",\"1_2\":\"3.2\"},\"controlRows\":[],\"controlDescs\":[]}', '2026-05-23 18:13:16', '2026-05-23 18:17:50'),
(194, 31, '1405-03-03', '{\"debtors\":[{\"id\":1,\"name\":\"سازمان دانش اموزی\",\"amt\":\"3.2\"},{\"id\":2,\"name\":\"ابشده نفیس\",\"amt\":\"42\"},{\"id\":3,\"name\":\"تنخواه\",\"amt\":\"4.85\"}],\"creditors\":[{\"id\":1,\"name\":\"ابشده امینی\",\"amt\":\"50.05\"}],\"pettys\":[{\"id\":1,\"desc\":\"بانک مهر\",\"amt\":\"322.37\"},{\"id\":2,\"desc\":\"بانک کشاورزی\",\"amt\":\"159.580\"},{\"id\":3,\"desc\":\"بانک مسکن\",\"amt\":\"10\"},{\"id\":4,\"desc\":\"صندوق\",\"amt\":\"13.2\"}],\"bankers\":[{\"id\":1,\"name\":\"ابشده امینی\",\"amt\":\"19.313\"},{\"id\":2,\"name\":\"ابشده نفیس\",\"amt\":\"-0.033\"}],\"ceiling\":\"500\",\"matrixValues\":{\"1_1\":\"3.2\",\"1_2\":\"42\",\"1_3\":\"4.85\"},\"controlRows\":[],\"controlDescs\":[],\"dyn_items\":[{\"id\":3,\"gram\":0},{\"id\":4,\"gram\":0},{\"id\":5,\"gram\":0},{\"id\":6,\"gram\":0}]}', '2026-05-24 17:00:35', '2026-06-07 19:55:34'),
(195, 19, '1405-03-03', '{\"debtors\":[{\"id\":1,\"name\":\"امینی\",\"amt\":\"45.2\"},{\"id\":2,\"name\":\"امینی\",\"amt\":\"178.6\"},{\"id\":3,\"name\":\"فخور\",\"amt\":\"200.8\"},{\"id\":4,\"name\":\"یاسر\",\"amt\":\"21.150\"},{\"id\":6,\"name\":\"ابیضی\",\"amt\":\"14\"},{\"id\":8,\"name\":\"جودیان\",\"amt\":\"20.2\"},{\"id\":10,\"name\":\"رضایی \",\"amt\":\"45.5\"},{\"id\":11,\"name\":\"عابدی\",\"amt\":\"49.8\"},{\"id\":12,\"name\":\"\",\"amt\":\"4\"}],\"creditors\":[{\"id\":1,\"name\":\"دینی\",\"amt\":\"8.5\"},{\"id\":4,\"name\":\"شمیم\",\"amt\":\"0.88\"},{\"id\":5,\"name\":\"قالیچی\",\"amt\":\"20\"},{\"id\":8,\"name\":\"زهرا ناصری\",\"amt\":\"300\"},{\"id\":9,\"name\":\"بانک ها \",\"amt\":\"177.515\"}],\"pettys\":[{\"id\":1,\"desc\":\"ملت 1\",\"amt\":\"60.7\"},{\"id\":2,\"desc\":\"ملت3\",\"amt\":\"357.9\"},{\"id\":3,\"desc\":\"مسکن1\",\"amt\":\"4.4\"},{\"id\":4,\"desc\":\"مسکن3\",\"amt\":\"0.9\"},{\"id\":5,\"desc\":\"رسالت\",\"amt\":\"335.6\"},{\"id\":6,\"desc\":\"شهر\",\"amt\":\"42.6\"},{\"id\":7,\"desc\":\"صندوق\",\"amt\":\"20.385\"}],\"bankers\":[{\"id\":1,\"name\":\"کل\",\"amt\":\"64.073\"}],\"ceiling\":\"1000\",\"matrixValues\":{\"1_1\":\"\",\"1_2\":\"\",\"1_3\":\"\",\"1_4\":\"\",\"1_6\":\"\",\"1_8\":\"\",\"1_10\":\"\",\"1_11\":\"\",\"1_12\":\"\",\"4_1\":\"\",\"4_2\":\"\",\"4_3\":\"\",\"4_4\":\"\",\"4_6\":\"\",\"4_8\":\"\",\"4_10\":\"\",\"4_11\":\"\",\"4_12\":\"\",\"5_1\":\"\",\"5_2\":\"\",\"5_3\":\"\",\"5_4\":\"\",\"5_6\":\"\",\"5_8\":\"\",\"5_10\":\"\",\"5_11\":\"\",\"5_12\":\"\",\"8_1\":\"\",\"8_2\":\"100\",\"8_3\":\"200\",\"8_4\":\"\",\"8_6\":\"\",\"8_8\":\"\",\"8_10\":\"\",\"8_11\":\"\",\"8_12\":\"\",\"9_1\":\"\",\"9_2\":\"70\",\"9_3\":\"0.8\",\"9_4\":\"21.15\",\"9_6\":\"\",\"9_8\":\"\",\"9_10\":\"45.5\",\"9_11\":\"\",\"9_12\":\"\"},\"controlRows\":[[\"\",\"200\",\"\",\"0.8\",\"\",\"\"],[\"\",\"\",\"\",\"\",\"\",\"\"],[\"\",\"\",\"\",\"\",\"\",\"\"]],\"controlDescs\":[[\"\",\"\",\"\",\"ملت3\",\"\",\"\"],[\"\",\"\",\"\",\"\",\"\",\"\"],[\"\",\"\",\"\",\"\",\"\",\"\"]],\"dyn_items\":[{\"id\":3,\"gram\":134.165},{\"id\":4,\"gram\":10679.251},{\"id\":5,\"gram\":386.596},{\"id\":6,\"gram\":53.306}]}', '2026-05-24 17:18:12', '2026-05-27 16:14:14'),
(196, 18, '1405-03-03', '{\"debtors\":[{\"id\":1,\"name\":\"حاج عباسی \",\"amt\":\"350\"},{\"id\":2,\"name\":\"امیر آقا\",\"amt\":\"45.8\"},{\"id\":3,\"name\":\"یاسر \",\"amt\":\"0.65\"},{\"id\":4,\"name\":\"زارع\",\"amt\":\"0.75\"},{\"id\":5,\"name\":\"تنخواه\",\"amt\":\"56.131\"},{\"id\":6,\"name\":\"هزینه دیوار\",\"amt\":\"0.236\"}],\"creditors\":[{\"id\":1,\"name\":\"بهزاد عافیت\",\"amt\":\"5\"},{\"id\":2,\"name\":\"امینی\",\"amt\":\"448.567\"}],\"pettys\":[{\"id\":1,\"desc\":\"ملت\",\"amt\":\"279.954\"},{\"id\":2,\"desc\":\"پارسیان\",\"amt\":\"119.350\"},{\"id\":3,\"desc\":\"سپه\",\"amt\":\"4.482\"},{\"id\":4,\"desc\":\"رفاه\",\"amt\":\"183.317\"},{\"id\":5,\"desc\":\"مسکن\",\"amt\":\"149.403\"},{\"id\":6,\"desc\":\"\",\"amt\":\"19.625\"}],\"bankers\":[{\"id\":1,\"name\":\"امینی \",\"amt\":\"68.277\"},{\"id\":2,\"name\":\"جودیان\",\"amt\":\"17\"},{\"id\":3,\"name\":\"شمیم\",\"amt\":\"1.69\"}],\"ceiling\":\"700\",\"matrixValues\":{\"1_1\":\"\",\"1_2\":\"\",\"1_3\":\"\",\"1_4\":\"\",\"1_5\":\"\",\"1_6\":\"\",\"2_1\":\"\",\"2_2\":\"\",\"2_3\":\"\",\"2_4\":\"\",\"2_5\":\"\",\"2_6\":\"\"},\"controlRows\":[],\"controlDescs\":[]}', '2026-05-24 17:25:19', '2026-05-24 17:36:06'),
(197, 18, '1405-03-04', '{\"debtors\":[{\"id\":1,\"name\":\"امینی\",\"amt\":\"119.732\"},{\"id\":2,\"name\":\"کارتخوان\",\"amt\":\"54.800\"},{\"id\":3,\"name\":\"هادی زارع\",\"amt\":\"0.750\"},{\"id\":4,\"name\":\"یاسر\",\"amt\":\"0.650\"},{\"id\":5,\"name\":\"هزینه دیوار \",\"amt\":\"0.224\"}],\"creditors\":[{\"id\":1,\"name\":\"تنخواه\",\"amt\":\"176.156\"}],\"pettys\":[{\"id\":1,\"desc\":\"ملت\",\"amt\":\"185.897\"},{\"id\":2,\"desc\":\"مسکن\",\"amt\":\"149.403\"},{\"id\":3,\"desc\":\"پارسیان\",\"amt\":\"163.120\"},{\"id\":4,\"desc\":\"رفاه\",\"amt\":\"1.317\"},{\"id\":5,\"desc\":\"سپه\",\"amt\":\"4.482\"},{\"id\":6,\"desc\":\"صندوق\",\"amt\":\"19.625\"}],\"bankers\":[{\"id\":1,\"name\":\"امینی\",\"amt\":\"58.872\"},{\"id\":2,\"name\":\"جودیان\",\"amt\":\"17\"},{\"id\":3,\"name\":\"شمیم\",\"amt\":\"1.69\"}],\"ceiling\":\"700\",\"matrixValues\":{\"1_1\":\"119.732\",\"1_2\":\"54.8\",\"1_3\":\"0.750\",\"1_4\":\"0.650\",\"1_5\":\"0.224\"},\"controlRows\":[],\"controlDescs\":[]}', '2026-05-25 16:47:52', '2026-05-25 17:07:42'),
(198, 31, '1405-03-04', '{\"debtors\":[{\"id\":1,\"name\":\"ابشده نفیس\",\"amt\":\"42\"},{\"id\":2,\"name\":\"تنخواه\",\"amt\":\"8.05\"}],\"creditors\":[{\"id\":1,\"name\":\"ابشده امینی\",\"amt\":\"50.05\"}],\"pettys\":[{\"id\":1,\"desc\":\"بانک مهر\",\"amt\":\"325.445\"},{\"id\":2,\"desc\":\"بانک کشاورزی\",\"amt\":\"159.58\"},{\"id\":3,\"desc\":\"بانک مسکن\",\"amt\":\"10\"},{\"id\":4,\"desc\":\"صندوق\",\"amt\":\"13.2\"}],\"bankers\":[{\"id\":1,\"name\":\"ابشده امینی\",\"amt\":\"19.313\"},{\"id\":2,\"name\":\"ابشده نفیس\",\"amt\":\"0.033\"}],\"ceiling\":\"500\",\"matrixValues\":{\"1_1\":\"\",\"1_2\":\"\"},\"controlRows\":[],\"controlDescs\":[],\"dyn_items\":[{\"id\":3,\"gram\":0},{\"id\":4,\"gram\":0},{\"id\":5,\"gram\":0},{\"id\":6,\"gram\":0}]}', '2026-05-25 17:06:27', '2026-05-26 16:56:38'),
(199, 19, '1405-03-04', '{\"debtors\":[{\"id\":1,\"name\":\"\",\"amt\":\"\"}],\"creditors\":[{\"id\":1,\"name\":\"\",\"amt\":\"\"}],\"pettys\":[{\"id\":1,\"desc\":\"\",\"amt\":\"\"}],\"bankers\":[{\"id\":1,\"name\":\"\",\"amt\":\"\"}],\"ceiling\":\"1000\",\"matrixValues\":{\"1_1\":\"\"},\"controlRows\":[],\"controlDescs\":[],\"dyn_items\":[{\"id\":3,\"gram\":92.933},{\"id\":4,\"gram\":10681.085},{\"id\":5,\"gram\":370.003},{\"id\":6,\"gram\":50.293}]}', '2026-05-25 17:13:04', '2026-06-20 18:01:10'),
(200, 19, '۷۸۳-۱۲-۱۳', '{\"debtors\":[{\"id\":1,\"name\":\"\",\"amt\":\"\"}],\"creditors\":[{\"id\":1,\"name\":\"\",\"amt\":\"\"}],\"pettys\":[{\"id\":1,\"desc\":\"\",\"amt\":\"\"}],\"bankers\":[{\"id\":1,\"name\":\"\",\"amt\":\"\"}],\"ceiling\":\"1000\",\"matrixValues\":{\"1_1\":\"\"},\"controlRows\":[],\"controlDescs\":[],\"dyn_items\":[{\"id\":3,\"gram\":0},{\"id\":4,\"gram\":0},{\"id\":5,\"gram\":0},{\"id\":6,\"gram\":0}]}', '2026-05-26 07:28:19', '2026-05-26 07:28:35'),
(202, 31, '1405-03-05', '{\"debtors\":[{\"id\":1,\"name\":\"میلاد پیرا\",\"amt\":\"453.6\"},{\"id\":2,\"name\":\"تنخواه\",\"amt\":\"29.7\"}],\"creditors\":[{\"id\":1,\"name\":\"آبشده امینی\",\"amt\":\"483.3\"}],\"pettys\":[{\"id\":1,\"desc\":\"بانک مهر\",\"amt\":\"346.1\"},{\"id\":2,\"desc\":\"بانک کشاورزی\",\"amt\":\"159.580\"},{\"id\":3,\"desc\":\"بانک مسکن\",\"amt\":\"10\"},{\"id\":4,\"desc\":\"صندوق\",\"amt\":\"14.2\"}],\"bankers\":[{\"id\":1,\"name\":\"آبشده امینی\",\"amt\":\"45.769\"},{\"id\":2,\"name\":\"نفیس\",\"amt\":\"-0.033\"}],\"ceiling\":\"500\",\"matrixValues\":{\"1_1\":\"453.6\",\"1_2\":\"29.7\"},\"controlRows\":[],\"controlDescs\":[],\"dyn_items\":[{\"id\":3,\"gram\":39.284},{\"id\":4,\"gram\":0},{\"id\":5,\"gram\":58.525},{\"id\":6,\"gram\":3.8}]}', '2026-05-26 16:40:02', '2026-05-28 08:02:40'),
(203, 18, '1405-03-05', '{\"debtors\":[{\"id\":1,\"name\":\"یاسر\",\"amt\":\"0.65\"},{\"id\":2,\"name\":\"هادی زارع\",\"amt\":\"0.75\"},{\"id\":3,\"name\":\"سیما فرهمند\",\"amt\":\"74.800\"},{\"id\":4,\"name\":\"تنخواه\",\"amt\":\"293.212\"},{\"id\":5,\"name\":\"\",\"amt\":\"\"}],\"creditors\":[{\"id\":1,\"name\":\"امینی\",\"amt\":\"369.343\"},{\"id\":2,\"name\":\"\",\"amt\":\"0.069\"}],\"pettys\":[{\"id\":1,\"desc\":\"ملت \",\"amt\":\"300.897\"},{\"id\":2,\"desc\":\"مسکن\",\"amt\":\"176.932\"},{\"id\":3,\"desc\":\"پارسیان \",\"amt\":\"266.610\"},{\"id\":4,\"desc\":\"رفاه\",\"amt\":\"224.166\"},{\"id\":5,\"desc\":\"سپه\",\"amt\":\"4.482\"},{\"id\":6,\"desc\":\"صندوق\",\"amt\":\"20.125\"}],\"bankers\":[{\"id\":1,\"name\":\"امینی\",\"amt\":\"79.107\"},{\"id\":2,\"name\":\"جودیان\",\"amt\":\"17\"},{\"id\":3,\"name\":\"شمیم\",\"amt\":\"1.69\"}],\"ceiling\":\"700\",\"matrixValues\":{\"1_1\":\"\",\"1_2\":\"\",\"1_3\":\"\",\"1_4\":\"\",\"1_5\":\"\",\"2_1\":\"\",\"2_2\":\"\",\"2_3\":\"\",\"2_4\":\"\",\"2_5\":\"\"},\"controlRows\":[],\"controlDescs\":[],\"dyn_items\":[{\"id\":3,\"gram\":118.203},{\"id\":4,\"gram\":0},{\"id\":5,\"gram\":11.77},{\"id\":6,\"gram\":0}]}', '2026-05-26 16:58:37', '2026-05-26 17:15:26'),
(204, 19, '1405-03-05', '{\"debtors\":[{\"id\":1,\"name\":\"امینی\",\"amt\":\"45.2\"},{\"id\":2,\"name\":\"جواد زاده\",\"amt\":\"149.8\"},{\"id\":3,\"name\":\"یاسر\",\"amt\":\"171\"},{\"id\":7,\"name\":\"رضایی\",\"amt\":\"39\"},{\"id\":8,\"name\":\"بانک ها\",\"amt\":\"224.91\"},{\"id\":10,\"name\":\"امیر فرشباف\",\"amt\":\"5.3\"},{\"id\":12,\"name\":\"جودیان\",\"amt\":\"20.2\"},{\"id\":14,\"name\":\"نگین\",\"amt\":\"0.22\"}],\"creditors\":[{\"id\":1,\"name\":\"امینی\",\"amt\":\"318.47\"},{\"id\":8,\"name\":\"قالیچی\",\"amt\":\"20\"},{\"id\":9,\"name\":\"کلاهبرداری\",\"amt\":\"300\"},{\"id\":11,\"name\":\"معامله نشده\",\"amt\":\"30\"}],\"pettys\":[{\"id\":1,\"desc\":\"ملت1\",\"amt\":\"147\"},{\"id\":2,\"desc\":\"ملت3\",\"amt\":\"664.160\"},{\"id\":3,\"desc\":\"مسکن1\",\"amt\":\"4\"},{\"id\":4,\"desc\":\"مسکن3\",\"amt\":\"1.9\"},{\"id\":5,\"desc\":\"رسالت\",\"amt\":\"251.9\"},{\"id\":6,\"desc\":\"شهر\",\"amt\":\"131.175\"},{\"id\":7,\"desc\":\"صندوق\",\"amt\":\"24.775\"}],\"bankers\":[{\"id\":1,\"name\":\"\",\"amt\":\"\"}],\"ceiling\":\"1000\",\"matrixValues\":{\"1_1\":\"\",\"1_2\":\"\",\"1_3\":\"\",\"1_7\":\"\",\"1_8\":\"\",\"1_10\":\"\",\"1_12\":\"\",\"1_14\":\"\",\"8_1\":\"\",\"8_2\":\"\",\"8_3\":\"\",\"8_7\":\"\",\"8_8\":\"\",\"8_10\":\"\",\"8_12\":\"\",\"8_14\":\"\",\"9_1\":\"\",\"9_2\":\"\",\"9_3\":\"\",\"9_7\":\"\",\"9_8\":\"\",\"9_10\":\"\",\"9_12\":\"\",\"9_14\":\"\",\"11_1\":\"\",\"11_2\":\"\",\"11_3\":\"\",\"11_7\":\"\",\"11_8\":\"\",\"11_10\":\"\",\"11_12\":\"\",\"11_14\":\"\"},\"controlRows\":[],\"controlDescs\":[],\"dyn_items\":[{\"id\":3,\"gram\":0},{\"id\":4,\"gram\":0},{\"id\":5,\"gram\":0},{\"id\":6,\"gram\":0}]}', '2026-05-26 17:44:12', '2026-05-27 07:19:41'),
(205, 31, '0-00-00', '{\"debtors\":[{\"id\":1,\"name\":\"\",\"amt\":\"\"}],\"creditors\":[{\"id\":1,\"name\":\"\",\"amt\":\"\"}],\"pettys\":[{\"id\":1,\"desc\":\"\",\"amt\":\"\"}],\"bankers\":[{\"id\":1,\"name\":\"\",\"amt\":\"\"}],\"ceiling\":\"1000\",\"matrixValues\":{\"1_1\":\"\"},\"controlRows\":[],\"controlDescs\":[],\"dyn_items\":[{\"id\":3,\"gram\":0},{\"id\":4,\"gram\":0},{\"id\":5,\"gram\":0},{\"id\":6,\"gram\":0}]}', '2026-05-26 17:50:16', '2026-05-26 17:54:27'),
(206, 19, '0-00-00', '{\"debtors\":[{\"id\":1,\"name\":\"\",\"amt\":\"\"}],\"creditors\":[{\"id\":1,\"name\":\"\",\"amt\":\"\"}],\"pettys\":[{\"id\":1,\"desc\":\"\",\"amt\":\"\"}],\"bankers\":[{\"id\":1,\"name\":\"\",\"amt\":\"\"}],\"ceiling\":\"1000\",\"matrixValues\":{},\"controlRows\":[],\"controlDescs\":[],\"dyn_items\":[{\"id\":3,\"gram\":0},{\"id\":4,\"gram\":0},{\"id\":5,\"gram\":0},{\"id\":6,\"gram\":0}]}', '2026-05-27 07:10:26', '2026-05-27 07:10:26'),
(207, 19, '1405-03-07', '{\"debtors\":[{\"id\":1,\"name\":\"رضایی\",\"amt\":\"40\"},{\"id\":4,\"name\":\"بانک ها\",\"amt\":\"247.615\"},{\"id\":6,\"name\":\"امینی\",\"amt\":\"1064.8\"},{\"id\":7,\"name\":\"امینی\",\"amt\":\"45.2\"},{\"id\":8,\"name\":\"جودیان\",\"amt\":\"20.2\"}],\"creditors\":[{\"id\":1,\"name\":\"نادر مهری\",\"amt\":\"1000\"},{\"id\":2,\"name\":\"کلاهبرداری\",\"amt\":\"300\"},{\"id\":6,\"name\":\"قالیچی\",\"amt\":\"20\"},{\"id\":7,\"name\":\"دینی\",\"amt\":\"8.5\"},{\"id\":9,\"name\":\"معامله نشد\",\"amt\":\"50\"}],\"pettys\":[{\"id\":1,\"desc\":\"ملت1\",\"amt\":\"209.180\"},{\"id\":2,\"desc\":\"ملت3\",\"amt\":\"664.160\"},{\"id\":3,\"desc\":\"مسکن1\",\"amt\":\"4\"},{\"id\":4,\"desc\":\"مسکن3\",\"amt\":\"8.5\"},{\"id\":5,\"desc\":\"رسالت\",\"amt\":\"219.36\"},{\"id\":6,\"desc\":\"شهر\",\"amt\":\"116.24\"},{\"id\":7,\"desc\":\"صندوق\",\"amt\":\"26.175\"}],\"bankers\":[{\"id\":1,\"name\":\"\",\"amt\":\"\"}],\"ceiling\":\"1000\",\"matrixValues\":{\"1_1\":\"\",\"1_4\":\"\",\"1_6\":\"1000\",\"1_7\":\"45.2\",\"1_8\":\"\",\"2_1\":\"\",\"2_4\":\"\",\"2_6\":\"\",\"2_7\":\"\",\"2_8\":\"\",\"6_1\":\"\",\"6_4\":\"\",\"6_6\":\"\",\"6_7\":\"\",\"6_8\":\"\",\"7_1\":\"\",\"7_4\":\"\",\"7_6\":\"\",\"7_7\":\"\",\"7_8\":\"\",\"9_1\":\"\",\"9_4\":\"\",\"9_6\":\"\",\"9_7\":\"\",\"9_8\":\"\"},\"controlRows\":[[\"\"]],\"controlDescs\":[[\"\"]],\"dyn_items\":[{\"id\":3,\"gram\":0},{\"id\":4,\"gram\":0},{\"id\":5,\"gram\":0},{\"id\":6,\"gram\":0}]}', '2026-05-27 08:02:17', '2026-05-30 07:40:37'),
(208, 19, '1405-03-06', '{\"debtors\":[{\"id\":1,\"name\":\"امینی\",\"amt\":\"45.2\"},{\"id\":2,\"name\":\"یاسر\",\"amt\":\"73.3\"},{\"id\":3,\"name\":\"\",\"amt\":\"291.465\"}],\"creditors\":[{\"id\":1,\"name\":\"دینی\",\"amt\":\"8.5\"},{\"id\":2,\"name\":\"کلاهبرداری\",\"amt\":\"300\"}],\"pettys\":[{\"id\":1,\"desc\":\"ملت1\",\"amt\":\"147\"},{\"id\":2,\"desc\":\"ملت3\",\"amt\":\"664.16\"},{\"id\":3,\"desc\":\"مسکن1\",\"amt\":\"4\"},{\"id\":4,\"desc\":\"مسکن3\",\"amt\":\"99.6\"},{\"id\":5,\"desc\":\"رسالت\",\"amt\":\"219.36\"},{\"id\":6,\"desc\":\"شهر\",\"amt\":\"131.170\"},{\"id\":7,\"desc\":\"صندوق\",\"amt\":\"26.175\"}],\"bankers\":[{\"id\":1,\"name\":\"\",\"amt\":\"1\"}],\"ceiling\":\"1000\",\"matrixValues\":{\"1_1\":\"\",\"1_2\":\"\",\"1_3\":\"\",\"2_1\":\"\",\"2_2\":\"\",\"2_3\":\"\"},\"controlRows\":[],\"controlDescs\":[],\"dyn_items\":[{\"id\":3,\"gram\":0},{\"id\":4,\"gram\":0},{\"id\":5,\"gram\":0},{\"id\":6,\"gram\":0}]}', '2026-05-27 10:39:14', '2026-06-16 07:29:22'),
(209, 18, '1405-03-06', '{\"debtors\":[{\"id\":1,\"name\":\"کارتخوان\",\"amt\":\"7.470\"},{\"id\":2,\"name\":\"سیما فرهمند\",\"amt\":\"74.800\"},{\"id\":3,\"name\":\"زارع\",\"amt\":\"0.75\"},{\"id\":4,\"name\":\"یاسر\",\"amt\":\"0.65\"},{\"id\":5,\"name\":\"فروش طلا\",\"amt\":\"100.450\"},{\"id\":6,\"name\":\"تنخواه\",\"amt\":\"190.783\"}],\"creditors\":[{\"id\":1,\"name\":\"امینی\",\"amt\":\"369.343\"},{\"id\":2,\"name\":\"مبلغ نامعلوم\",\"amt\":\"5.56\"}],\"pettys\":[{\"id\":1,\"desc\":\"ملت\",\"amt\":\"273.592\"},{\"id\":2,\"desc\":\"رفاه\",\"amt\":\"150.695\"},{\"id\":3,\"desc\":\"مسکن\",\"amt\":\"176.899\"},{\"id\":4,\"desc\":\"سپه\",\"amt\":\"4.482\"},{\"id\":5,\"desc\":\"پارسیان\",\"amt\":\"266.610\"},{\"id\":6,\"desc\":\"اسکناس\",\"amt\":\"18.505\"}],\"bankers\":[{\"id\":1,\"name\":\"\",\"amt\":\"\"}],\"ceiling\":\"700\",\"matrixValues\":{\"1_1\":\"\",\"1_2\":\"\",\"1_3\":\"\",\"1_4\":\"\",\"1_5\":\"\",\"1_6\":\"\",\"2_1\":\"\",\"2_2\":\"\",\"2_3\":\"\",\"2_4\":\"\",\"2_5\":\"\",\"2_6\":\"\"},\"controlRows\":[],\"controlDescs\":[],\"dyn_items\":[{\"id\":3,\"gram\":0},{\"id\":4,\"gram\":0},{\"id\":5,\"gram\":0},{\"id\":6,\"gram\":0}]}', '2026-05-27 17:28:42', '2026-05-28 16:24:36'),
(210, 31, '1405-03-06', '{\"debtors\":[{\"id\":1,\"name\":\"میلاد پیرا\",\"amt\":\"453.6\"},{\"id\":2,\"name\":\"تنخواه\",\"amt\":\"29.7\"}],\"creditors\":[{\"id\":1,\"name\":\"آبشده امینی\",\"amt\":\"483.3\"}],\"pettys\":[{\"id\":1,\"desc\":\"بانک مهر\",\"amt\":\"346.5\"},{\"id\":2,\"desc\":\"بانک کشاورزی\",\"amt\":\"159.58\"},{\"id\":3,\"desc\":\"بانک مسکن\",\"amt\":\"10\"},{\"id\":4,\"desc\":\"صندوق\",\"amt\":\"13.8\"}],\"bankers\":[{\"id\":1,\"name\":\"آبشده امینی\",\"amt\":\"45.769\"},{\"id\":2,\"name\":\"آبشده نفیس\",\"amt\":\"-0.033\"}],\"ceiling\":\"500\",\"matrixValues\":{\"1_1\":\"453.6\",\"1_2\":\"29.7\"},\"controlRows\":[],\"controlDescs\":[],\"dyn_items\":[{\"id\":3,\"gram\":39.284},{\"id\":4,\"gram\":0},{\"id\":5,\"gram\":58.525},{\"id\":6,\"gram\":3.8}]}', '2026-05-28 07:49:43', '2026-05-28 08:24:50'),
(211, 18, '1405-03-07', '{\"debtors\":[{\"id\":1,\"name\":\"امینی\",\"amt\":\"58.206\"},{\"id\":2,\"name\":\"یاسر\",\"amt\":\"0.650\"},{\"id\":3,\"name\":\"زارع\",\"amt\":\"0.750\"},{\"id\":4,\"name\":\"کارتخوان رفاه\",\"amt\":\"2\"}],\"creditors\":[{\"id\":1,\"name\":\"تنخوان\",\"amt\":\"61.423\"}],\"pettys\":[{\"id\":1,\"desc\":\"مسکن\",\"amt\":\"185.519\"},{\"id\":2,\"desc\":\"ملت\",\"amt\":\"98.302\"},{\"id\":3,\"desc\":\"رفاه\",\"amt\":\"65.159\"},{\"id\":4,\"desc\":\"پارسیان\",\"amt\":\"266.610\"},{\"id\":5,\"desc\":\"سپه\",\"amt\":\"4.482\"},{\"id\":6,\"desc\":\"صندوق\",\"amt\":\"18.505\"}],\"bankers\":[{\"id\":1,\"name\":\"امینی \",\"amt\":\"54.91\"},{\"id\":2,\"name\":\"جودان\",\"amt\":\"17\"},{\"id\":3,\"name\":\"شمیم\",\"amt\":\"1.69\"}],\"ceiling\":\"700\",\"matrixValues\":{\"1_1\":\"\",\"1_2\":\"\",\"1_3\":\"\",\"1_4\":\"\"},\"controlRows\":[],\"controlDescs\":[],\"dyn_items\":[{\"id\":3,\"gram\":118.203},{\"id\":4,\"gram\":0},{\"id\":5,\"gram\":11.77},{\"id\":6,\"gram\":0}]}', '2026-05-28 16:06:59', '2026-05-30 17:24:24'),
(212, 31, '1405-03-07', '{\"debtors\":[{\"id\":1,\"name\":\"میلاد پیرا\",\"amt\":\"453.600\"},{\"id\":2,\"name\":\"تنخواه\",\"amt\":\"47.830\"}],\"creditors\":[{\"id\":1,\"name\":\"آبشده امینی\",\"amt\":\"501.430\"}],\"pettys\":[{\"id\":1,\"desc\":\"بانک مهر\",\"amt\":\"368.330\"},{\"id\":2,\"desc\":\"بانک کشاورزی\",\"amt\":\"159.580\"},{\"id\":3,\"desc\":\"بانک مسکن\",\"amt\":\"10\"},{\"id\":4,\"desc\":\"صندوق\",\"amt\":\"10\"}],\"bankers\":[{\"id\":1,\"name\":\"آبشده امینی\",\"amt\":\"46.773\"},{\"id\":2,\"name\":\"آبشده نفیس\",\"amt\":\"-0.033\"}],\"ceiling\":\"500\",\"matrixValues\":{\"1_1\":\"453.6\",\"1_2\":\"47.83\"},\"controlRows\":[],\"controlDescs\":[],\"dyn_items\":[{\"id\":3,\"gram\":39.284},{\"id\":4,\"gram\":0},{\"id\":5,\"gram\":59.525},{\"id\":6,\"gram\":3.8}]}', '2026-05-28 16:19:19', '2026-05-28 16:23:01'),
(213, 19, '1405-03-10', '{\"debtors\":[{\"id\":2,\"name\":\"بانک ها\",\"amt\":\"40.965\"},{\"id\":3,\"name\":\"جودیان\",\"amt\":\"20\"},{\"id\":4,\"name\":\"فتوحی\",\"amt\":\"27.130\"},{\"id\":5,\"name\":\"امینی\",\"amt\":\"330\"}],\"creditors\":[{\"id\":2,\"name\":\"دینی\",\"amt\":\"8.5\"},{\"id\":3,\"name\":\"قالیچی\",\"amt\":\"20\"},{\"id\":6,\"name\":\"مرادی\",\"amt\":\"300\"},{\"id\":7,\"name\":\"رضایی \",\"amt\":\"50\"},{\"id\":8,\"name\":\"بانک ها\",\"amt\":\"0\"}],\"pettys\":[{\"id\":1,\"desc\":\"ملت 1\",\"amt\":\"137.7\"},{\"id\":2,\"desc\":\"ملت3\",\"amt\":\"695.6\"},{\"id\":3,\"desc\":\"مسکن1\",\"amt\":\"4\"},{\"id\":4,\"desc\":\"مسکن3\",\"amt\":\"221\"},{\"id\":5,\"desc\":\"رسالت\",\"amt\":\"60.160\"},{\"id\":6,\"desc\":\"شهر\",\"amt\":\"192.880\"},{\"id\":7,\"desc\":\"صندوق\",\"amt\":\"29.625\"},{\"id\":8,\"desc\":\"مسدودی حساب ملت3\",\"amt\":\"-300\"}],\"bankers\":[{\"id\":1,\"name\":\"کل\",\"amt\":\"33.243\"}],\"ceiling\":\"1000\",\"matrixValues\":{\"2_2\":\"\",\"2_3\":\"\",\"2_4\":\"\",\"2_5\":\"\",\"3_2\":\"\",\"3_3\":\"\",\"3_4\":\"\",\"3_5\":\"\",\"6_2\":\"\",\"6_3\":\"\",\"6_4\":\"\",\"6_5\":\"300\",\"7_2\":\"50\",\"7_3\":\"\",\"7_4\":\"\",\"7_5\":\"\",\"8_2\":\"\",\"8_3\":\"\",\"8_4\":\"27.130\",\"8_5\":\"\"},\"controlRows\":[],\"controlDescs\":[],\"dyn_items\":[{\"id\":3,\"gram\":138.86},{\"id\":4,\"gram\":10587.693},{\"id\":5,\"gram\":363.958},{\"id\":6,\"gram\":129.509}]}', '2026-05-30 10:25:46', '2026-06-01 07:49:19'),
(214, 19, '1405/03/05', '{\"debtors\":[{\"id\":1,\"name\":\"\",\"amt\":\"\"}],\"creditors\":[{\"id\":1,\"name\":\"\",\"amt\":\"\"}],\"pettys\":[{\"id\":1,\"desc\":\"\",\"amt\":\"\"}],\"bankers\":[{\"id\":1,\"name\":\"\",\"amt\":\"\"}],\"ceiling\":\"1000\",\"matrixValues\":{},\"controlRows\":[],\"controlDescs\":[],\"dyn_items\":[{\"id\":3,\"gram\":0},{\"id\":4,\"gram\":0},{\"id\":5,\"gram\":0},{\"id\":6,\"gram\":0}]}', '2026-05-30 10:38:28', '2026-05-30 10:38:28'),
(216, 19, '1405-03-09', '{\"debtors\":[{\"id\":1,\"name\":\"بانک ها\",\"amt\":\"175.748\"},{\"id\":2,\"name\":\"امینی\",\"amt\":\"1839\"},{\"id\":3,\"name\":\"امیر فرشباف\",\"amt\":\"20\"},{\"id\":4,\"name\":\"تیموری\",\"amt\":\"20\"},{\"id\":5,\"name\":\"جودیا\",\"amt\":\"20\"}],\"creditors\":[{\"id\":1,\"name\":\"فرشاب موتاب(ناهید حق گویی)\",\"amt\":\"200\"},{\"id\":2,\"name\":\"فریبا ساکن\",\"amt\":\"249\"},{\"id\":3,\"name\":\"اسمئیل(حنیفه)\",\"amt\":\"1175\"},{\"id\":4,\"name\":\"تاری زاده\",\"amt\":\"83\"},{\"id\":5,\"name\":\"قالیچی\",\"amt\":\"20\"},{\"id\":6,\"name\":\"دینی\",\"amt\":\"8.5\"},{\"id\":8,\"name\":\"کلاهبرداری\",\"amt\":\"300\"}],\"pettys\":[{\"id\":1,\"desc\":\"ملت1\",\"amt\":\"137.7\"},{\"id\":2,\"desc\":\"ملت3\",\"amt\":\"703.613\"},{\"id\":3,\"desc\":\"مسکن1\",\"amt\":\"4\"},{\"id\":4,\"desc\":\"مسکن3\",\"amt\":\"112.6\"},{\"id\":5,\"desc\":\"رسالت\",\"amt\":\"67.670\"},{\"id\":6,\"desc\":\"شهر\",\"amt\":\"130.390\"},{\"id\":7,\"desc\":\"صندوق\",\"amt\":\"19.775\"}],\"bankers\":[{\"id\":1,\"name\":\"\",\"amt\":\"\"}],\"ceiling\":\"1000\",\"matrixValues\":{\"1_1\":\"\",\"1_2\":\"\",\"1_3\":\"\",\"1_4\":\"\",\"1_5\":\"\",\"2_1\":\"\",\"2_2\":\"\",\"2_3\":\"\",\"2_4\":\"\",\"2_5\":\"\",\"3_1\":\"\",\"3_2\":\"\",\"3_3\":\"\",\"3_4\":\"\",\"3_5\":\"\",\"4_1\":\"\",\"4_2\":\"\",\"4_3\":\"\",\"4_4\":\"\",\"4_5\":\"\",\"5_1\":\"\",\"5_2\":\"\",\"5_3\":\"\",\"5_4\":\"\",\"5_5\":\"\",\"6_1\":\"\",\"6_2\":\"\",\"6_3\":\"\",\"6_4\":\"\",\"6_5\":\"\",\"8_1\":\"\",\"8_2\":\"\",\"8_3\":\"\",\"8_4\":\"\",\"8_5\":\"\"},\"controlRows\":[],\"controlDescs\":[],\"dyn_items\":[{\"id\":3,\"gram\":0},{\"id\":4,\"gram\":0},{\"id\":5,\"gram\":0},{\"id\":6,\"gram\":0}]}', '2026-05-30 10:44:27', '2026-05-30 17:58:51'),
(217, 19, '1405/03/02', '{\"debtors\":[{\"id\":1,\"name\":\"\",\"amt\":\"\"}],\"creditors\":[{\"id\":1,\"name\":\"\",\"amt\":\"\"}],\"pettys\":[{\"id\":1,\"desc\":\"\",\"amt\":\"\"}],\"bankers\":[{\"id\":1,\"name\":\"\",\"amt\":\"\"}],\"ceiling\":\"1000\",\"matrixValues\":{\"1_1\":\"\"},\"controlRows\":[],\"controlDescs\":[],\"dyn_items\":[{\"id\":3,\"gram\":0},{\"id\":4,\"gram\":0},{\"id\":5,\"gram\":0},{\"id\":6,\"gram\":0}]}', '2026-05-30 10:44:41', '2026-05-30 10:51:12'),
(218, 19, '1405/03/03', '{\"debtors\":[{\"id\":1,\"name\":\"\",\"amt\":\"\"}],\"creditors\":[{\"id\":1,\"name\":\"\",\"amt\":\"\"}],\"pettys\":[{\"id\":1,\"desc\":\"\",\"amt\":\"\"}],\"bankers\":[{\"id\":1,\"name\":\"\",\"amt\":\"\"}],\"ceiling\":\"1000\",\"matrixValues\":{},\"controlRows\":[],\"controlDescs\":[],\"dyn_items\":[{\"id\":3,\"gram\":0},{\"id\":4,\"gram\":0},{\"id\":5,\"gram\":0},{\"id\":6,\"gram\":0}]}', '2026-05-30 10:46:28', '2026-05-30 10:46:28'),
(219, 19, '1405-03-11', '{\"debtors\":[{\"id\":1,\"name\":\"امینی\",\"amt\":\"459.5\"},{\"id\":2,\"name\":\"جودیان\",\"amt\":\"20.2\"},{\"id\":3,\"name\":\"نگین\",\"amt\":\"0.2\"},{\"id\":7,\"name\":\"فخر زادخ\",\"amt\":\"549\"},{\"id\":8,\"name\":\"رضا عزیزی\",\"amt\":\"90\"}],\"creditors\":[{\"id\":1,\"name\":\"شمیم\",\"amt\":\"0.88\"},{\"id\":2,\"name\":\"دینی\",\"amt\":\"8.5\"},{\"id\":3,\"name\":\"قالیچی\",\"amt\":\"20\"},{\"id\":4,\"name\":\"رضایی\",\"amt\":\"547.5\"},{\"id\":5,\"name\":\"بهروز ناصری\",\"amt\":\"350\"},{\"id\":7,\"name\":\"بانک ها\",\"amt\":\"153.545\"}],\"pettys\":[{\"id\":1,\"desc\":\"ملت1\",\"amt\":\"159.710\"},{\"id\":2,\"desc\":\"ملت3\",\"amt\":\"466.32\"},{\"id\":3,\"desc\":\"مسکن1\",\"amt\":\"4\"},{\"id\":4,\"desc\":\"مسکن3\",\"amt\":\"221\"},{\"id\":5,\"desc\":\"رسالت\",\"amt\":\"54.460\"},{\"id\":6,\"desc\":\"شهر\",\"amt\":\"212.4\"},{\"id\":7,\"desc\":\"صندوق\",\"amt\":\"28.565\"},{\"id\":9,\"desc\":\"مسدودی ملت\",\"amt\":\"-300\"}],\"bankers\":[{\"id\":1,\"name\":\"کل\",\"amt\":\"63.605\"}],\"ceiling\":\"1000\",\"matrixValues\":{\"1_1\":\"\",\"1_2\":\"\",\"1_3\":\"\",\"1_7\":\"\",\"1_8\":\"\",\"2_1\":\"\",\"2_2\":\"\",\"2_3\":\"\",\"2_7\":\"\",\"2_8\":\"\",\"3_1\":\"\",\"3_2\":\"\",\"3_3\":\"\",\"3_7\":\"\",\"3_8\":\"\",\"4_1\":\"\",\"4_2\":\"\",\"4_3\":\"\",\"4_7\":\"549\",\"4_8\":\"\",\"5_1\":\"350\",\"5_2\":\"\",\"5_3\":\"\",\"5_7\":\"\",\"5_8\":\"\",\"7_1\":\"\",\"7_2\":\"\",\"7_3\":\"\",\"7_7\":\"\",\"7_8\":\"90\"},\"controlRows\":[],\"controlDescs\":[],\"dyn_items\":[{\"id\":3,\"gram\":150.79},{\"id\":4,\"gram\":10510.393},{\"id\":5,\"gram\":430.242},{\"id\":6,\"gram\":13.599}]}', '2026-05-30 13:55:50', '2026-06-01 17:45:21'),
(220, 19, '1405-03-12', '{\"debtors\":[{\"id\":2,\"name\":\"موسوی\",\"amt\":\"12\"},{\"id\":3,\"name\":\"امینی\",\"amt\":\"887.4\"},{\"id\":4,\"name\":\"رضایی\",\"amt\":\"44\"},{\"id\":5,\"name\":\"جودیان\",\"amt\":\"20\"}],\"creditors\":[{\"id\":2,\"name\":\"معامله نشده\",\"amt\":\"1.9\"},{\"id\":3,\"name\":\"اشرف زاده\",\"amt\":\"490\"},{\"id\":4,\"name\":\"ناصری\",\"amt\":\"350\"},{\"id\":5,\"name\":\"قالیچی\",\"amt\":\"20\"},{\"id\":6,\"name\":\"شمیم\",\"amt\":\"0.8\"},{\"id\":7,\"name\":\"دینی\",\"amt\":\"8.5\"},{\"id\":9,\"name\":\"بانک ها\",\"amt\":\"55.01\"}],\"pettys\":[{\"id\":1,\"desc\":\"ملت 1\",\"amt\":\"169.110\"},{\"id\":2,\"desc\":\"ملت3\",\"amt\":\"395.175\"},{\"id\":3,\"desc\":\"مسکن1\",\"amt\":\"4\"},{\"id\":4,\"desc\":\"مسکن3\",\"amt\":\"221\"},{\"id\":5,\"desc\":\"رسالت\",\"amt\":\"169.66\"},{\"id\":6,\"desc\":\"شهر\",\"amt\":\"257.480\"},{\"id\":7,\"desc\":\"صندوق\",\"amt\":\"28.565\"},{\"id\":9,\"desc\":\"مسدودی ملت3\",\"amt\":\"-300\"}],\"bankers\":[{\"id\":1,\"name\":\"\",\"amt\":\"\"}],\"ceiling\":\"1000\",\"matrixValues\":{\"2_2\":\"\",\"2_3\":\"\",\"2_4\":\"\",\"2_5\":\"\",\"3_2\":\"\",\"3_3\":\"\",\"3_4\":\"\",\"3_5\":\"\",\"4_2\":\"\",\"4_3\":\"\",\"4_4\":\"\",\"4_5\":\"\",\"5_2\":\"\",\"5_3\":\"\",\"5_4\":\"\",\"5_5\":\"\",\"6_2\":\"\",\"6_3\":\"\",\"6_4\":\"\",\"6_5\":\"\",\"7_2\":\"\",\"7_3\":\"\",\"7_4\":\"\",\"7_5\":\"\",\"9_2\":\"\",\"9_3\":\"\",\"9_4\":\"\",\"9_5\":\"\"},\"controlRows\":[],\"controlDescs\":[],\"dyn_items\":[{\"id\":3,\"gram\":0},{\"id\":4,\"gram\":0},{\"id\":5,\"gram\":0},{\"id\":6,\"gram\":0}]}', '2026-05-30 17:04:02', '2026-06-02 17:43:24'),
(221, 18, '1405-03-09', '{\"debtors\":[{\"id\":1,\"name\":\"کارتخوان سپه \",\"amt\":\"16.400\"},{\"id\":2,\"name\":\"کارتخوان رفاه\",\"amt\":\"10\"},{\"id\":3,\"name\":\"یاسر\",\"amt\":\"0.650\"},{\"id\":4,\"name\":\"هادی زارع\",\"amt\":\"0.750\"},{\"id\":5,\"name\":\"سحر رضایی\",\"amt\":\"8.140\"},{\"id\":6,\"name\":\"تنخواه\",\"amt\":\"181.817\"},{\"id\":7,\"name\":\"هزینه دیوار\",\"amt\":\"0.211\"}],\"creditors\":[{\"id\":1,\"name\":\"امینی\",\"amt\":\"217.968\"}],\"pettys\":[{\"id\":1,\"desc\":\"رفاه\",\"amt\":\"67.084\"},{\"id\":2,\"desc\":\"ملت\",\"amt\":\"261.937\"},{\"id\":3,\"desc\":\"مسکن\",\"amt\":\"263.199\"},{\"id\":4,\"desc\":\"پارسیان\",\"amt\":\"266.610\"},{\"id\":5,\"desc\":\"سپه\",\"amt\":\"4.482\"},{\"id\":6,\"desc\":\"صندوق\",\"amt\":\"18.505\"}],\"bankers\":[{\"id\":1,\"name\":\"امینی\",\"amt\":\"38.649\"},{\"id\":2,\"name\":\"جودیان\",\"amt\":\"17\"},{\"id\":3,\"name\":\"شمیم\",\"amt\":\"1.69\"}],\"ceiling\":\"700\",\"matrixValues\":{\"1_1\":\"\",\"1_2\":\"\",\"1_3\":\"\",\"1_4\":\"\",\"1_5\":\"\",\"1_6\":\"\",\"1_7\":\"\"},\"controlRows\":[],\"controlDescs\":[],\"dyn_items\":[{\"id\":3,\"gram\":150.384},{\"id\":4,\"gram\":0},{\"id\":5,\"gram\":11.77},{\"id\":6,\"gram\":0}]}', '2026-05-30 17:13:44', '2026-05-30 17:28:07'),
(222, 31, '1405-03-09', '{\"debtors\":[{\"id\":1,\"name\":\"آبشده امینی\",\"amt\":\"118.420\"}],\"creditors\":[{\"id\":1,\"name\":\"تنخواه\",\"amt\":\"118.420\"}],\"pettys\":[{\"id\":1,\"desc\":\"بانک مهر\",\"amt\":\"202\"},{\"id\":2,\"desc\":\"بانک مسکن\",\"amt\":\"10\"},{\"id\":3,\"desc\":\"بانک کشاورزی\",\"amt\":\"159.580\"},{\"id\":4,\"desc\":\"صندوق\",\"amt\":\"10\"}],\"bankers\":[{\"id\":1,\"name\":\"آبشده امینی\",\"amt\":\"40.39\"},{\"id\":2,\"name\":\"نفیس گلد\",\"amt\":\"-0.033\"}],\"ceiling\":\"500\",\"matrixValues\":{\"1_1\":\"118.420\"},\"controlRows\":[],\"controlDescs\":[],\"dyn_items\":[{\"id\":3,\"gram\":39284},{\"id\":4,\"gram\":0},{\"id\":5,\"gram\":57525},{\"id\":6,\"gram\":3800}]}', '2026-05-30 17:36:09', '2026-05-30 17:40:25'),
(223, 19, '1405-03-27', '{\"debtors\":[{\"id\":1,\"name\":\"رضایی\",\"amt\":\"0.2\"},{\"id\":2,\"name\":\"امینی\",\"amt\":\"633.2\"}],\"creditors\":[{\"id\":1,\"name\":\"شمیم\",\"amt\":\"0.88\"},{\"id\":2,\"name\":\"قالیچی\",\"amt\":\"20\"},{\"id\":3,\"name\":\"جودیان\",\"amt\":\"0.2\"},{\"id\":4,\"name\":\"بانک ها\",\"amt\":\"111.475\"},{\"id\":5,\"name\":\"علی اکبر عبدالعلی پور\",\"amt\":\"300\"},{\"id\":6,\"name\":\"ایلین مهدی مطلق\",\"amt\":\"180\"},{\"id\":7,\"name\":\"امین\",\"amt\":\"12.256\"}],\"pettys\":[{\"id\":1,\"desc\":\"ملت1\",\"amt\":\"378.9\"},{\"id\":2,\"desc\":\"ملت3\",\"amt\":\"684.750\"},{\"id\":3,\"desc\":\"مسکن1\",\"amt\":\"1\"},{\"id\":4,\"desc\":\"مسکن3\",\"amt\":\"3.870\"},{\"id\":5,\"desc\":\"رسالت\",\"amt\":\"9.660\"},{\"id\":6,\"desc\":\"شهر\",\"amt\":\"35.700\"},{\"id\":7,\"desc\":\"صندوق\",\"amt\":\"74.645\"},{\"id\":8,\"desc\":\"مسدودی ملت3\",\"amt\":\"-300\"}],\"bankers\":[{\"id\":1,\"name\":\"کل\",\"amt\":\"20.604\"}],\"ceiling\":\"1000\",\"matrixValues\":{\"1_1\":\"\",\"1_2\":\"\",\"2_1\":\"\",\"2_2\":\"\",\"3_1\":\"\",\"3_2\":\"\",\"4_1\":\"\",\"4_2\":\"\",\"5_1\":\"\",\"5_2\":\"\",\"6_1\":\"\",\"6_2\":\"\",\"7_1\":\"\",\"7_2\":\"\"},\"controlRows\":[],\"controlDescs\":[],\"dyn_items\":[{\"id\":3,\"gram\":123.951},{\"id\":4,\"gram\":10287.885},{\"id\":5,\"gram\":532.894},{\"id\":6,\"gram\":16.565}]}', '2026-05-31 15:19:54', '2026-06-18 07:39:32'),
(224, 18, '1405-03-10', '{\"debtors\":[{\"id\":1,\"name\":\"صمد رنجی\",\"amt\":\"200\"},{\"id\":2,\"name\":\"سحر رضایی\",\"amt\":\"8.140\"},{\"id\":3,\"name\":\"یاسر\",\"amt\":\"0.650\"},{\"id\":4,\"name\":\"هادی زارع\",\"amt\":\"0.750\"},{\"id\":6,\"name\":\"کارنخوان\",\"amt\":\"35\"}],\"creditors\":[{\"id\":1,\"name\":\"امینی\",\"amt\":\"229.968\"},{\"id\":2,\"name\":\"\",\"amt\":\"15.477\"}],\"pettys\":[{\"id\":1,\"desc\":\"ملت\",\"amt\":\"324.997\"},{\"id\":2,\"desc\":\"مسکن\",\"amt\":\"176.480\"},{\"id\":3,\"desc\":\"رفاه\",\"amt\":\"77.072\"},{\"id\":4,\"desc\":\"پارسیان\",\"amt\":\"66.610\"},{\"id\":5,\"desc\":\"سپه\",\"amt\":\"20.859\"},{\"id\":6,\"desc\":\"صندوق\",\"amt\":\"18.505\"}],\"bankers\":[{\"id\":1,\"name\":\"امینی\",\"amt\":\"50.347\"},{\"id\":2,\"name\":\"جودیان\",\"amt\":\"17\"},{\"id\":3,\"name\":\"شمیم\",\"amt\":\"1.69\"}],\"ceiling\":\"700\",\"matrixValues\":{\"1_1\":\"\",\"1_2\":\"\",\"1_3\":\"\",\"1_4\":\"\",\"1_6\":\"\",\"2_1\":\"\",\"2_2\":\"\",\"2_3\":\"\",\"2_4\":\"\",\"2_6\":\"\"},\"controlRows\":[],\"controlDescs\":[],\"dyn_items\":[{\"id\":3,\"gram\":136.736},{\"id\":4,\"gram\":0},{\"id\":5,\"gram\":11},{\"id\":6,\"gram\":0}]}', '2026-05-31 17:00:42', '2026-06-01 07:53:21'),
(225, 19, '1405-03-31', '{\"debtors\":[{\"id\":1,\"name\":\"بانک ها\",\"amt\":\"243.596\"},{\"id\":2,\"name\":\"امینی\",\"amt\":\"95\"},{\"id\":4,\"name\":\"محاسنی\",\"amt\":\"0.3\"},{\"id\":5,\"name\":\"احمدیان\",\"amt\":\"3.2\"},{\"id\":7,\"name\":\"معامله نشده\",\"amt\":\"35\"}],\"creditors\":[{\"id\":1,\"name\":\"نور افکن-آرمان ایازلو\",\"amt\":\"320\"},{\"id\":2,\"name\":\"سپرده گذاران\",\"amt\":\"24\"},{\"id\":3,\"name\":\"امین\",\"amt\":\"12.256\"},{\"id\":4,\"name\":\"شمیم\",\"amt\":\"0.88\"},{\"id\":5,\"name\":\"قالیچی\",\"amt\":\"20\"}],\"pettys\":[{\"id\":1,\"desc\":\"ملت1\",\"amt\":\"33.405\"},{\"id\":2,\"desc\":\"ملت3\",\"amt\":\"300.660\"},{\"id\":3,\"desc\":\"مسکن1\",\"amt\":\"1\"},{\"id\":4,\"desc\":\"مسکن3\",\"amt\":\"454.940\"},{\"id\":5,\"desc\":\"رسالت\",\"amt\":\"99.338\"},{\"id\":6,\"desc\":\"شهر\",\"amt\":\"275.108\"},{\"id\":7,\"desc\":\"صندوق\",\"amt\":\"79.145\"}],\"bankers\":[{\"id\":1,\"name\":\"کل\",\"amt\":\"19.897\"}],\"ceiling\":\"1000\",\"matrixValues\":{\"1_1\":\"225\",\"1_2\":\"95\",\"1_4\":\"\",\"1_5\":\"\",\"1_7\":\"\",\"2_1\":\"\",\"2_2\":\"\",\"2_4\":\"\",\"2_5\":\"\",\"2_7\":\"\",\"3_1\":\"\",\"3_2\":\"\",\"3_4\":\"\",\"3_5\":\"\",\"3_7\":\"\",\"4_1\":\"\",\"4_2\":\"\",\"4_4\":\"\",\"4_5\":\"\",\"4_7\":\"\",\"5_1\":\"\",\"5_2\":\"\",\"5_4\":\"\",\"5_5\":\"\",\"5_7\":\"\"},\"controlRows\":[[\"\",\"\"]],\"controlDescs\":[[\"\",\"\"]],\"dyn_items\":[{\"id\":3,\"gram\":290.2},{\"id\":4,\"gram\":1082.254},{\"id\":5,\"gram\":805.407},{\"id\":6,\"gram\":5.052}]}', '2026-05-31 17:26:17', '2026-06-21 19:36:46'),
(226, 31, '1405-03-10', '{\"debtors\":[{\"id\":1,\"name\":\"مرضیه کربلایی\",\"amt\":\"90\"},{\"id\":2,\"name\":\"تنخواه\",\"amt\":\"12.58\"}],\"creditors\":[{\"id\":1,\"name\":\"آبشده امینی\",\"amt\":\"102.580\"}],\"pettys\":[{\"id\":1,\"desc\":\"بانک مهر\",\"amt\":\"332.915\"},{\"id\":2,\"desc\":\"بانک کشاورزی\",\"amt\":\"159.580\"},{\"id\":3,\"desc\":\"بانک مسمن\",\"amt\":\"10\"},{\"id\":4,\"desc\":\"صندوق\",\"amt\":\"10\"}],\"bankers\":[{\"id\":1,\"name\":\"آبشده امینی\",\"amt\":\"9.601\"},{\"id\":2,\"name\":\"آبشده نفیس\",\"amt\":\"4.992\"}],\"ceiling\":\"500\",\"matrixValues\":{\"1_1\":\"90\",\"1_2\":\"12.58\"},\"controlRows\":[],\"controlDescs\":[],\"dyn_items\":[{\"id\":3,\"gram\":0},{\"id\":4,\"gram\":0},{\"id\":5,\"gram\":0},{\"id\":6,\"gram\":0}]}', '2026-05-31 17:30:04', '2026-05-31 17:35:58'),
(227, 18, '1405-03-11', '{\"debtors\":[{\"id\":1,\"name\":\"سلطانی\",\"amt\":\"2.600\"},{\"id\":2,\"name\":\"یاسر\",\"amt\":\"0.650\"},{\"id\":3,\"name\":\"هادی زارع\",\"amt\":\"0.750\"},{\"id\":4,\"name\":\"کارتخوان\",\"amt\":\"11\"},{\"id\":5,\"name\":\"تنخواه\",\"amt\":\"365.996\"},{\"id\":6,\"name\":\"\",\"amt\":\"0.072\"}],\"creditors\":[{\"id\":1,\"name\":\"امینی\",\"amt\":\"381.068\"}],\"pettys\":[{\"id\":1,\"desc\":\"ملت\",\"amt\":\"602.997\"},{\"id\":2,\"desc\":\"مسکن\",\"amt\":\"195.737\"},{\"id\":3,\"desc\":\"رفاه\",\"amt\":\"141.265\"},{\"id\":4,\"desc\":\"پارسیان\",\"amt\":\"86.610\"},{\"id\":5,\"desc\":\"سپه\",\"amt\":\"20.882\"},{\"id\":6,\"desc\":\"صندوق\",\"amt\":\"18.505\"}],\"bankers\":[{\"id\":1,\"name\":\"امینی\",\"amt\":\"69.215\"},{\"id\":2,\"name\":\"جودیان\",\"amt\":\"17\"},{\"id\":3,\"name\":\"شمیم\",\"amt\":\"1.69\"}],\"ceiling\":\"700\",\"matrixValues\":{\"1_1\":\"\",\"1_2\":\"\",\"1_3\":\"\",\"1_4\":\"\",\"1_5\":\"\",\"1_6\":\"\"},\"controlRows\":[],\"controlDescs\":[],\"dyn_items\":[{\"id\":3,\"gram\":136.736},{\"id\":4,\"gram\":0},{\"id\":5,\"gram\":11.77},{\"id\":6,\"gram\":0}]}', '2026-06-01 07:51:53', '2026-06-01 16:51:05'),
(228, 31, '1405-03-11', '{\"debtors\":[{\"id\":1,\"name\":\"تنخواه\",\"amt\":\"149.350\"}],\"creditors\":[{\"id\":1,\"name\":\"آبشده امینی\",\"amt\":\"149.350\"}],\"pettys\":[{\"id\":1,\"desc\":\"بانک مهر\",\"amt\":\"469.680\"},{\"id\":2,\"desc\":\"بانک کشاورزی\",\"amt\":\"159.580\"},{\"id\":3,\"desc\":\"بانک مسکن\",\"amt\":\"10\"},{\"id\":4,\"desc\":\"صندوق\",\"amt\":\"10\"}],\"bankers\":[{\"id\":1,\"name\":\"آبشده امینی\",\"amt\":\"17.793\"}],\"ceiling\":\"500\",\"matrixValues\":{\"1_1\":\"149.350\"},\"controlRows\":[],\"controlDescs\":[],\"dyn_items\":[{\"id\":3,\"gram\":39.284},{\"id\":4,\"gram\":0},{\"id\":5,\"gram\":40157},{\"id\":6,\"gram\":5.52}]}', '2026-06-01 16:30:15', '2026-06-01 16:57:13'),
(229, 18, '1405-03-12', '{\"debtors\":[{\"id\":1,\"name\":\"یاسر\",\"amt\":\"0.650\"},{\"id\":2,\"name\":\"هادی\",\"amt\":\"0.750\"},{\"id\":3,\"name\":\"کارتخوان رفاه\",\"amt\":\"2.6\"},{\"id\":4,\"name\":\"کارتخوان سپه\",\"amt\":\"7.540\"},{\"id\":5,\"name\":\"بانک ها\",\"amt\":\"96.227\"}],\"creditors\":[{\"id\":1,\"name\":\"امینی\",\"amt\":\"103.888\"},{\"id\":3,\"name\":\"طلای جا مانده\",\"amt\":\"3.879\"},{\"id\":4,\"name\":\"بانک ها\",\"amt\":\"0\"}],\"pettys\":[{\"id\":1,\"desc\":\"ملت\",\"amt\":\"290.525\"},{\"id\":2,\"desc\":\"مسکن\",\"amt\":\"69.263\"},{\"id\":3,\"desc\":\"رفاه\",\"amt\":\"249.262\"},{\"id\":4,\"desc\":\"پارسیان\",\"amt\":\"147.810\"},{\"id\":5,\"desc\":\"سپه\",\"amt\":\"20.882\"},{\"id\":6,\"desc\":\"صندوق\",\"amt\":\"18.485\"}],\"bankers\":[{\"id\":1,\"name\":\"امینی\",\"amt\":\"74.845\"},{\"id\":2,\"name\":\"شمیم\",\"amt\":\"1.69\"},{\"id\":3,\"name\":\"جودیان\",\"amt\":\"17\"}],\"ceiling\":\"700\",\"matrixValues\":{\"1_1\":\"\",\"1_2\":\"\",\"1_3\":\"\",\"1_4\":\"\",\"1_5\":\"103.888\",\"3_1\":\"\",\"3_2\":\"\",\"3_3\":\"\",\"3_4\":\"\",\"3_5\":\"3.879\",\"4_1\":\"0.65\",\"4_2\":\"0.75\",\"4_3\":\"2.6\",\"4_4\":\"7.54\",\"4_5\":\"\"},\"controlRows\":[[\"\",\"\",\"\",\"\",\"\",\"\"]],\"controlDescs\":[[\"\",\"\",\"\",\"\",\"\",\"\"]],\"dyn_items\":[{\"id\":3,\"gram\":136.736},{\"id\":4,\"gram\":0},{\"id\":5,\"gram\":11.77},{\"id\":6,\"gram\":0}]}', '2026-06-02 14:32:56', '2026-06-03 10:02:55'),
(230, 31, '1405-03-12', '{\"debtors\":[{\"id\":1,\"name\":\"پریسا پیرساقی\",\"amt\":\"130\"},{\"id\":2,\"name\":\"لیلا عدلی\",\"amt\":\"63.5\"},{\"id\":3,\"name\":\"تنخواه\",\"amt\":\"52.85\"}],\"creditors\":[{\"id\":1,\"name\":\"آبشده امینی\",\"amt\":\"246.350\"}],\"pettys\":[{\"id\":1,\"desc\":\"مهر\",\"amt\":\"373.080\"},{\"id\":2,\"desc\":\"کشاورزی\",\"amt\":\"159.580\"},{\"id\":3,\"desc\":\"مسکن\",\"amt\":\"10\"},{\"id\":4,\"desc\":\"صندوق\",\"amt\":\"10\"}],\"bankers\":[{\"id\":1,\"name\":\"آبشده امینی\",\"amt\":\"31.362\"},{\"id\":2,\"name\":\"آبشده نفیس\",\"amt\":\"4.062\"}],\"ceiling\":\"500\",\"matrixValues\":{\"1_1\":\"130\",\"1_2\":\"63.5\",\"1_3\":\"52.850\"},\"controlRows\":[],\"controlDescs\":[],\"dyn_items\":[{\"id\":3,\"gram\":39.284},{\"id\":4,\"gram\":0},{\"id\":5,\"gram\":39.978},{\"id\":6,\"gram\":8.52}]}', '2026-06-02 17:33:15', '2026-06-03 09:36:57'),
(231, 19, '1405-03-25', '{\"debtors\":[{\"id\":3,\"name\":\"یاسر\",\"amt\":\"4.5\"},{\"id\":4,\"name\":\"محاسنی\",\"amt\":\"0.2\"},{\"id\":7,\"name\":\"بانک ها\",\"amt\":\"30.528\"},{\"id\":9,\"name\":\"بانک مسکن\",\"amt\":\"255.4\"},{\"id\":10,\"name\":\"نگین\",\"amt\":\"0.22\"},{\"id\":11,\"name\":\"امینی\",\"amt\":\"47\"}],\"creditors\":[{\"id\":3,\"name\":\"قالیچی\",\"amt\":\"20\"},{\"id\":4,\"name\":\"جودیان\",\"amt\":\"0.2\"},{\"id\":5,\"name\":\"شمیم\",\"amt\":\"0.88\"},{\"id\":6,\"name\":\"رضایی\",\"amt\":\"253.5\"},{\"id\":7,\"name\":\"معامله نشده\",\"amt\":\"63\"},{\"id\":9,\"name\":\"بانک ها\",\"amt\":\"0\"}],\"pettys\":[{\"id\":1,\"desc\":\"ملت1\",\"amt\":\"380.194\"},{\"id\":2,\"desc\":\"ملت3\",\"amt\":\"649.754\"},{\"id\":3,\"desc\":\"مسکن1\",\"amt\":\"1\"},{\"id\":4,\"desc\":\"مسکن3\",\"amt\":\"2\"},{\"id\":5,\"desc\":\"رسالت\",\"amt\":\"7.670\"},{\"id\":6,\"desc\":\"شهر\",\"amt\":\"213.150\"},{\"id\":7,\"desc\":\"صندوق\",\"amt\":\"74.645\"},{\"id\":8,\"desc\":\"مسدودی ملت3\",\"amt\":\"-300\"}],\"bankers\":[{\"id\":1,\"name\":\"کل\",\"amt\":\"108.803\"}],\"ceiling\":\"1000\",\"matrixValues\":{\"3_3\":\"\",\"3_4\":\"\",\"3_7\":\"\",\"3_9\":\"\",\"3_10\":\"\",\"3_11\":\"\",\"4_3\":\"\",\"4_4\":\"\",\"4_7\":\"\",\"4_9\":\"\",\"4_10\":\"\",\"4_11\":\"\",\"5_3\":\"\",\"5_4\":\"\",\"5_7\":\"\",\"5_9\":\"\",\"5_10\":\"\",\"5_11\":\"\",\"6_3\":\"\",\"6_4\":\"\",\"6_7\":\"253.5\",\"6_9\":\"\",\"6_10\":\"\",\"6_11\":\"\",\"7_3\":\"\",\"7_4\":\"\",\"7_7\":\"\",\"7_9\":\"\",\"7_10\":\"\",\"7_11\":\"47\",\"9_3\":\"4.5\",\"9_4\":\"0.2\",\"9_7\":\"\",\"9_9\":\"255.4\",\"9_10\":\"\",\"9_11\":\"\"},\"controlRows\":[[\"253.5\",\"47\",\"4.5\",\"\",\"255.4\"],[\"0\",\"\",\"\",\"\",\"\"]],\"controlDescs\":[[\"از مسکن 3\",\"به خودش\",\"به ملت3\",\"\",\"به مسکن3\"],[\"\",\"\",\"\",\"\",\"\"]],\"dyn_items\":[{\"id\":3,\"gram\":114.627},{\"id\":4,\"gram\":10345.724},{\"id\":5,\"gram\":530.717},{\"id\":6,\"gram\":16}]}', '2026-06-03 07:32:30', '2026-06-16 09:09:22'),
(232, 18, '1405-03-13', '{\"debtors\":[{\"id\":1,\"name\":\"یاسر\",\"amt\":\"0.650\"},{\"id\":2,\"name\":\"هادی\",\"amt\":\"0.750\"},{\"id\":3,\"name\":\"امینی\",\"amt\":\"115.034\"},{\"id\":4,\"name\":\"کارتخوان رفاه\",\"amt\":\"2.5\"},{\"id\":5,\"name\":\"هزینه \",\"amt\":\"0.15\"}],\"creditors\":[{\"id\":1,\"name\":\"تنخواه\",\"amt\":\"119.084\"}],\"pettys\":[{\"id\":1,\"desc\":\"رفاه\",\"amt\":\"27.461\"},{\"id\":2,\"desc\":\"ملت\",\"amt\":\"189.524\"},{\"id\":3,\"desc\":\"مسکن\",\"amt\":\"169.263\"},{\"id\":4,\"desc\":\"پارسیان\",\"amt\":\"147.785\"},{\"id\":5,\"desc\":\"سپه\",\"amt\":\"28.398\"},{\"id\":6,\"desc\":\"صندوق\",\"amt\":\"18.485\"}],\"bankers\":[{\"id\":1,\"name\":\"امینی\",\"amt\":\"16.373\"},{\"id\":2,\"name\":\"جودیان\",\"amt\":\"17\"}],\"ceiling\":\"700\",\"matrixValues\":{\"1_1\":\"\",\"1_2\":\"\",\"1_3\":\"\",\"1_4\":\"\",\"1_5\":\"\"},\"controlRows\":[],\"controlDescs\":[],\"dyn_items\":[{\"id\":3,\"gram\":177.457},{\"id\":4,\"gram\":0},{\"id\":5,\"gram\":11.77},{\"id\":6,\"gram\":0}]}', '2026-06-03 07:54:25', '2026-06-03 17:12:09'),
(233, 19, '1405-03-18', '{\"debtors\":[{\"id\":8,\"name\":\"امینی\",\"amt\":\"143.3\"},{\"id\":9,\"name\":\"فخرزاده\",\"amt\":\"182.5\"},{\"id\":10,\"name\":\"پروین احمدی \",\"amt\":\"3.670\"},{\"id\":12,\"name\":\"حمید حمیدی \",\"amt\":\"7\"},{\"id\":14,\"name\":\"معامله نشده\",\"amt\":\"174.319\"}],\"creditors\":[{\"id\":1,\"name\":\"قالیچی\",\"amt\":\"20\"},{\"id\":2,\"name\":\"دینی\",\"amt\":\"8.5\"},{\"id\":3,\"name\":\"رضایی \",\"amt\":\"181.5\"},{\"id\":5,\"name\":\"تاری زاده\",\"amt\":\"82\"},{\"id\":6,\"name\":\"بانک ها\",\"amt\":\"183.789\"}],\"pettys\":[{\"id\":1,\"desc\":\"ملت1\",\"amt\":\"54.150\"},{\"id\":2,\"desc\":\"ملت3\",\"amt\":\"302.716\"},{\"id\":3,\"desc\":\"مسکن1\",\"amt\":\"4\"},{\"id\":4,\"desc\":\"مسکن3\",\"amt\":\"0\"},{\"id\":5,\"desc\":\"رسالت\",\"amt\":\"580.48\"},{\"id\":6,\"desc\":\"شهر\",\"amt\":\"110.350\"},{\"id\":7,\"desc\":\"صندوق\",\"amt\":\"64.515\"},{\"id\":8,\"desc\":\"مسدودی ملت3\",\"amt\":\"-300\"}],\"bankers\":[{\"id\":1,\"name\":\"کل\",\"amt\":\"77.560\"}],\"ceiling\":\"1000\",\"matrixValues\":{\"1_8\":\"\",\"1_9\":\"\",\"1_10\":\"\",\"1_12\":\"\",\"1_14\":\"\",\"2_8\":\"\",\"2_9\":\"\",\"2_10\":\"\",\"2_12\":\"\",\"2_14\":\"\",\"3_8\":\"\",\"3_9\":\"182.5\",\"3_10\":\"\",\"3_12\":\"\",\"3_14\":\"\",\"5_8\":\"82\",\"5_9\":\"\",\"5_10\":\"\",\"5_12\":\"\",\"5_14\":\"\",\"6_8\":\"60\",\"6_9\":\"\",\"6_10\":\"\",\"6_12\":\"\",\"6_14\":\"\"},\"controlRows\":[],\"controlDescs\":[],\"dyn_items\":[{\"id\":3,\"gram\":140.516},{\"id\":4,\"gram\":10480.301},{\"id\":5,\"gram\":533.216},{\"id\":6,\"gram\":43.478}]}', '2026-06-03 08:56:03', '2026-06-08 17:42:03'),
(234, 19, '1405-03-13', '{\"debtors\":[{\"id\":3,\"name\":\"امینی\",\"amt\":\"311\"},{\"id\":4,\"name\":\"فخر زاده\",\"amt\":\"367\"},{\"id\":5,\"name\":\"فاطمه ملکی\",\"amt\":\"2050\"},{\"id\":6,\"name\":\"فتوحی\",\"amt\":\"45.7\"},{\"id\":12,\"name\":\"بانک ها\",\"amt\":\"0\"},{\"id\":15,\"name\":\"اقای فرشباف\",\"amt\":\"9.604\"}],\"creditors\":[{\"id\":1,\"name\":\"دینی\",\"amt\":\"8.5\"},{\"id\":2,\"name\":\"بانک ها\",\"amt\":\"246.84\"},{\"id\":6,\"name\":\"قالیچی\",\"amt\":\"20\"},{\"id\":7,\"name\":\"جودیان\",\"amt\":\"1704\"},{\"id\":8,\"name\":\"رضایی\",\"amt\":\"362\"},{\"id\":9,\"name\":\"زهرا افتخاری\",\"amt\":\"83.5\"},{\"id\":10,\"name\":\"سمیرا عبدالعلی پور(علی اکبر عبدالعلی پور)\",\"amt\":\"200\"},{\"id\":11,\"name\":\"هاله پور امین\",\"amt\":\"118.73\"},{\"id\":15,\"name\":\"شمیم\",\"amt\":\"0.88\"},{\"id\":16,\"name\":\"\",\"amt\":\"\"}],\"pettys\":[{\"id\":1,\"desc\":\"ملت1\",\"amt\":\"121.41\"},{\"id\":2,\"desc\":\"ملت3\",\"amt\":\"395.175\"},{\"id\":3,\"desc\":\"مسکن1\",\"amt\":\"4\"},{\"id\":4,\"desc\":\"مسکن3\",\"amt\":\"0.7\"},{\"id\":5,\"desc\":\"رسالت\",\"amt\":\"200\"},{\"id\":6,\"desc\":\"شهر\",\"amt\":\"302.2\"},{\"id\":7,\"desc\":\"صندوق\",\"amt\":\"29.675\"},{\"id\":9,\"desc\":\"مسدودی حساب ملت\",\"amt\":\"-300\"}],\"bankers\":[{\"id\":1,\"name\":\"جودیان\",\"amt\":\"94.040\"}],\"ceiling\":\"1000\",\"matrixValues\":{\"1_3\":\"\",\"1_4\":\"\",\"1_5\":\"\",\"1_6\":\"\",\"1_12\":\"\",\"1_15\":\"\",\"2_3\":\"30\",\"2_4\":\"167\",\"2_5\":\"\",\"2_6\":\"45.7\",\"2_12\":\"\",\"2_15\":\"\",\"6_3\":\"\",\"6_4\":\"\",\"6_5\":\"\",\"6_6\":\"\",\"6_12\":\"\",\"6_15\":\"\",\"7_3\":\"\",\"7_4\":\"\",\"7_5\":\"1700\",\"7_6\":\"\",\"7_12\":\"4\",\"7_15\":\"\",\"8_3\":\"\",\"8_4\":\"\",\"8_5\":\"350\",\"8_6\":\"\",\"8_12\":\"12\",\"8_15\":\"\",\"9_3\":\"83\",\"9_4\":\"\",\"9_5\":\"\",\"9_6\":\"\",\"9_12\":\"0.5\",\"9_15\":\"\",\"10_3\":\"\",\"10_4\":\"200\",\"10_5\":\"\",\"10_6\":\"\",\"10_12\":\"\",\"10_15\":\"\",\"11_3\":\"118\",\"11_4\":\"\",\"11_5\":\"\",\"11_6\":\"\",\"11_12\":\"0.73\",\"11_15\":\"\",\"15_3\":\"\",\"15_4\":\"\",\"15_5\":\"\",\"15_6\":\"\",\"15_12\":\"\",\"15_15\":\"\",\"16_3\":\"\",\"16_4\":\"\",\"16_5\":\"\",\"16_6\":\"\",\"16_12\":\"\",\"16_15\":\"\"},\"controlRows\":[[\"0\",\"\",\"\",\"\",\"\",\"\",\"\",\"\",\"\",\"\",\"\",\"\"],[\"0\",\"\",\"\",\"\",\"\",\"\",\"\",\"\",\"\",\"\",\"\",\"\"],[\"0\",\"\",\"\",\"\",\"\",\"\",\"\",\"\",\"\",\"\",\"\",\"\"]],\"controlDescs\":[[\"\",\"\",\"\",\"\",\"\",\"\",\"\",\"\",\"\",\"\",\"\",\"\"],[\"\",\"\",\"\",\"\",\"\",\"\",\"\",\"\",\"\",\"\",\"\",\"\"],[\"\",\"\",\"\",\"\",\"\",\"\",\"\",\"\",\"\",\"\",\"\",\"\"]],\"dyn_items\":[{\"id\":3,\"gram\":0},{\"id\":4,\"gram\":0},{\"id\":5,\"gram\":0},{\"id\":6,\"gram\":0}]}', '2026-06-03 16:21:50', '2026-06-06 17:48:34'),
(235, 31, '1405-03-13', '{\"debtors\":[{\"id\":1,\"name\":\"تنخواه\",\"amt\":\"6.6\"}],\"creditors\":[{\"id\":1,\"name\":\"آبشده امینی\",\"amt\":\"6.6\"}],\"pettys\":[{\"id\":1,\"desc\":\"مهر\",\"amt\":\"348\"},{\"id\":2,\"desc\":\"کشاورزی\",\"amt\":\"159.580\"},{\"id\":3,\"desc\":\"مسکن\",\"amt\":\"10\"},{\"id\":4,\"desc\":\"صندوق\",\"amt\":\"12.6\"}],\"bankers\":[{\"id\":1,\"name\":\"آبشده امینی\",\"amt\":\"31.718\"},{\"id\":2,\"name\":\"نفیس گلد\",\"amt\":\"4.062\"}],\"ceiling\":\"500\",\"matrixValues\":{\"1_1\":\"6.6\"},\"controlRows\":[],\"controlDescs\":[],\"dyn_items\":[{\"id\":3,\"gram\":39.284},{\"id\":4,\"gram\":0},{\"id\":5,\"gram\":38.877},{\"id\":6,\"gram\":8.52}]}', '2026-06-03 17:35:53', '2026-06-03 17:43:49'),
(236, 19, '1405-03-16', '{\"debtors\":[{\"id\":2,\"name\":\"زهرا ناصری\",\"amt\":\"350\"},{\"id\":4,\"name\":\"امینی\",\"amt\":\"243\"},{\"id\":5,\"name\":\"رضایی\",\"amt\":\"9.8\"},{\"id\":6,\"name\":\"فتوحی\",\"amt\":\"5.7\"}],\"creditors\":[{\"id\":1,\"name\":\"حمید حمیدی\",\"amt\":\"60.8\"},{\"id\":2,\"name\":\"قالیچی\",\"amt\":\"20.6\"},{\"id\":3,\"name\":\"شمیم\",\"amt\":\"0.88\"},{\"id\":4,\"name\":\"دینی\",\"amt\":\"8.5\"},{\"id\":5,\"name\":\"جودیان\",\"amt\":\"364.2\"},{\"id\":6,\"name\":\"بانک ها\",\"amt\":\"115.565\"}],\"pettys\":[{\"id\":1,\"desc\":\"ملت1\",\"amt\":\"95\"},{\"id\":2,\"desc\":\"ملت3\",\"amt\":\"302.200\"},{\"id\":3,\"desc\":\"مسکن1\",\"amt\":\"4\"},{\"id\":4,\"desc\":\"مسکن3\",\"amt\":\"0\"},{\"id\":5,\"desc\":\"رسالت\",\"amt\":\"411\"},{\"id\":6,\"desc\":\"شهر\",\"amt\":\"312.620\"},{\"id\":7,\"desc\":\"صندوق\",\"amt\":\"59.615\"},{\"id\":8,\"desc\":\"مسدودی ملت\",\"amt\":\"-300\"}],\"bankers\":[{\"id\":1,\"name\":\"امینی\",\"amt\":\"-7.249\"},{\"id\":2,\"name\":\"جودیان\",\"amt\":\"113\"},{\"id\":3,\"name\":\"قالیچی\",\"amt\":\"4.821\"},{\"id\":4,\"name\":\"دینی\",\"amt\":\"0.134\"},{\"id\":5,\"name\":\"نگین\",\"amt\":\"0.007\"},{\"id\":6,\"name\":\"شمیم\",\"amt\":\"-0.75\"}],\"ceiling\":\"1000\",\"matrixValues\":{\"1_2\":\"\",\"1_4\":\"\",\"1_5\":\"\",\"1_6\":\"\",\"2_2\":\"\",\"2_4\":\"\",\"2_5\":\"\",\"2_6\":\"\",\"3_2\":\"\",\"3_4\":\"\",\"3_5\":\"\",\"3_6\":\"\",\"4_2\":\"\",\"4_4\":\"\",\"4_5\":\"\",\"4_6\":\"\",\"5_2\":\"350\",\"5_4\":\"\",\"5_5\":\"\",\"5_6\":\"\",\"6_2\":\"\",\"6_4\":\"160\",\"6_5\":\"\",\"6_6\":\"5.7\"},\"controlRows\":[[\"100\",\"\",\"5.7\"],[\"200\",\"\",\"\"]],\"controlDescs\":[[\"\",\"\",\"به رسالت\"],[\"\",\"\",\"\"]],\"dyn_items\":[{\"id\":3,\"gram\":140.516},{\"id\":4,\"gram\":10495.1},{\"id\":5,\"gram\":525.366},{\"id\":6,\"gram\":30.334}]}', '2026-06-06 14:54:04', '2026-06-06 21:40:48');
INSERT INTO `daily_reports` (`id`, `user_id`, `report_date`, `report_data`, `created_at`, `updated_at`) VALUES
(237, 18, '1405-03-16', '{\"debtors\":[{\"id\":1,\"name\":\"امینی\",\"amt\":\"20.934\"},{\"id\":2,\"name\":\"یاسر\",\"amt\":\"0.650\"},{\"id\":3,\"name\":\"هادی\",\"amt\":\"0.750\"},{\"id\":4,\"name\":\"\",\"amt\":\"\"}],\"creditors\":[{\"id\":1,\"name\":\"تنخواه\",\"amt\":\"22.194\"},{\"id\":2,\"name\":\"اضافه مانده\",\"amt\":\"0.14\"}],\"pettys\":[{\"id\":1,\"desc\":\"ملت\",\"amt\":\"133.017\"},{\"id\":2,\"desc\":\"مسکن\",\"amt\":\"267.860\"},{\"id\":3,\"desc\":\"رفاه\",\"amt\":\"82.261\"},{\"id\":4,\"desc\":\"پارسیان\",\"amt\":\"147.785\"},{\"id\":5,\"desc\":\"سپه\",\"amt\":\"28.398\"},{\"id\":6,\"desc\":\"صندوق\",\"amt\":\"18.485\"}],\"bankers\":[{\"id\":1,\"name\":\"امینی\",\"amt\":\"12.098\"},{\"id\":2,\"name\":\"جودیان\",\"amt\":\"17\"}],\"ceiling\":\"700\",\"matrixValues\":{\"1_1\":\"\",\"1_2\":\"\",\"1_3\":\"\",\"1_4\":\"\",\"2_1\":\"\",\"2_2\":\"\",\"2_3\":\"\",\"2_4\":\"\"},\"controlRows\":[],\"controlDescs\":[],\"dyn_items\":[{\"id\":3,\"gram\":177.457},{\"id\":4,\"gram\":0},{\"id\":5,\"gram\":12.131},{\"id\":6,\"gram\":0}]}', '2026-06-06 16:49:07', '2026-06-06 17:27:44'),
(238, 31, '1405-03-16', '{\"debtors\":[{\"id\":1,\"name\":\"مسعود حسن زاده\",\"amt\":\"870\"},{\"id\":2,\"name\":\"آبشده امینی\",\"amt\":\"1.1\"},{\"id\":3,\"name\":\"تنخواه\",\"amt\":\"28.9\"}],\"creditors\":[{\"id\":1,\"name\":\"سکه ایراندوست(رضایی)\",\"amt\":\"900\"}],\"pettys\":[{\"id\":1,\"desc\":\"بانک مهر\",\"amt\":\"349\"},{\"id\":2,\"desc\":\"بانک کشاورزی\",\"amt\":\"159.580\"},{\"id\":3,\"desc\":\"بانک مسکن\",\"amt\":\"10\"},{\"id\":4,\"desc\":\"صندوق\",\"amt\":\"10\"}],\"bankers\":[{\"id\":1,\"name\":\"آبشده امینی\",\"amt\":\"34.384\"},{\"id\":2,\"name\":\"نفیس گلد\",\"amt\":\"4.062\"},{\"id\":3,\"name\":\"سکه رضایی( تمام سکه 86)\",\"amt\":\"5\"}],\"ceiling\":\"500\",\"matrixValues\":{\"1_1\":\"870\",\"1_2\":\"1.1\",\"1_3\":\"28.9\"},\"controlRows\":[],\"controlDescs\":[],\"dyn_items\":[{\"id\":3,\"gram\":39.284},{\"id\":4,\"gram\":0},{\"id\":5,\"gram\":38.535},{\"id\":6,\"gram\":9.92}]}', '2026-06-06 17:10:13', '2026-06-06 17:17:09'),
(239, 18, '1405-03-17', '{\"debtors\":[{\"id\":1,\"name\":\"امینی\",\"amt\":\"122.764\"},{\"id\":2,\"name\":\"امتیاز رسالت\",\"amt\":\"110.700\"},{\"id\":3,\"name\":\"یاسر\",\"amt\":\"0.650\"},{\"id\":4,\"name\":\"هادی\",\"amt\":\"0.750\"},{\"id\":5,\"name\":\"کارتخوان سپه\",\"amt\":\"20.20\"},{\"id\":6,\"name\":\"\",\"amt\":\"\"}],\"creditors\":[{\"id\":1,\"name\":\"فرهمند\",\"amt\":\"100\"},{\"id\":2,\"name\":\"تنخواه\",\"amt\":\"155.003\"}],\"pettys\":[{\"id\":1,\"desc\":\"رفاه\",\"amt\":\"94.561\"},{\"id\":2,\"desc\":\"پارسیان\",\"amt\":\"133.129\"},{\"id\":3,\"desc\":\"مسکن \",\"amt\":\"152.816\"},{\"id\":4,\"desc\":\"ملت\",\"amt\":\"117.612\"},{\"id\":5,\"desc\":\"سپه\",\"amt\":\"28.394\"},{\"id\":6,\"desc\":\"صندوق\",\"amt\":\"18.485\"}],\"bankers\":[{\"id\":1,\"name\":\"شمیم\",\"amt\":\"16.669\"},{\"id\":2,\"name\":\"جودیان\",\"amt\":\"17\"}],\"ceiling\":\"700\",\"matrixValues\":{\"1_1\":\"\",\"1_2\":\"\",\"1_3\":\"\",\"1_4\":\"\",\"1_5\":\"\",\"1_6\":\"\",\"2_1\":\"\",\"2_2\":\"\",\"2_3\":\"\",\"2_4\":\"\",\"2_5\":\"\",\"2_6\":\"\"},\"controlRows\":[],\"controlDescs\":[],\"dyn_items\":[{\"id\":3,\"gram\":177.457},{\"id\":4,\"gram\":0},{\"id\":5,\"gram\":10.487},{\"id\":6,\"gram\":0}]}', '2026-06-07 16:25:12', '2026-06-08 16:48:36'),
(240, 19, '1405-03-17', '{\"debtors\":[{\"id\":1,\"name\":\"امینی\",\"amt\":\"394.68\"},{\"id\":5,\"name\":\"ایسان احمدی\",\"amt\":\"20\"},{\"id\":6,\"name\":\"حمید حمیدی\",\"amt\":\"7\"},{\"id\":8,\"name\":\"بانک ها\",\"amt\":\"89.533\"},{\"id\":9,\"name\":\"پرویز بالو\",\"amt\":\"13.4\"},{\"id\":11,\"name\":\"جواد فتحی\",\"amt\":\"18.3\"}],\"creditors\":[{\"id\":1,\"name\":\"قالیچی\",\"amt\":\"20\"},{\"id\":2,\"name\":\"دینی\",\"amt\":\"8.5\"},{\"id\":3,\"name\":\"جودیان\",\"amt\":\"10\"},{\"id\":4,\"name\":\"رضایی\",\"amt\":\"46\"},{\"id\":6,\"name\":\"نیر حسین زاده\",\"amt\":\"401.2\"}],\"pettys\":[{\"id\":1,\"desc\":\"ملت1\",\"amt\":\"208.618\"},{\"id\":2,\"desc\":\"ملت3\",\"amt\":\"302.220\"},{\"id\":3,\"desc\":\"مسکن1\",\"amt\":\"4\"},{\"id\":4,\"desc\":\"مسکن3\",\"amt\":\"0\"},{\"id\":5,\"desc\":\"رسالت\",\"amt\":\"624.250\"},{\"id\":6,\"desc\":\"شهر\",\"amt\":\"190.830\"},{\"id\":7,\"desc\":\"صندوق\",\"amt\":\"59.615\"},{\"id\":8,\"desc\":\"مسدودی ملت3\",\"amt\":\"-300\"}],\"bankers\":[{\"id\":1,\"name\":\"کل\",\"amt\":\"105.55\"}],\"ceiling\":\"1000\",\"matrixValues\":{\"1_1\":\"\",\"1_5\":\"\",\"1_6\":\"\",\"1_8\":\"\",\"1_9\":\"\",\"1_11\":\"\",\"2_1\":\"\",\"2_5\":\"\",\"2_6\":\"\",\"2_8\":\"\",\"2_9\":\"\",\"2_11\":\"\",\"3_1\":\"\",\"3_5\":\"\",\"3_6\":\"\",\"3_8\":\"\",\"3_9\":\"\",\"3_11\":\"\",\"4_1\":\"\",\"4_5\":\"\",\"4_6\":\"\",\"4_8\":\"\",\"4_9\":\"\",\"4_11\":\"\",\"6_1\":\"390\",\"6_5\":\"\",\"6_6\":\"\",\"6_8\":\"\",\"6_9\":\"\",\"6_11\":\"\"},\"controlRows\":[],\"controlDescs\":[],\"dyn_items\":[{\"id\":3,\"gram\":140.516},{\"id\":4,\"gram\":10484.951},{\"id\":5,\"gram\":533.506},{\"id\":6,\"gram\":33.675}]}', '2026-06-07 17:15:57', '2026-06-08 13:41:44'),
(241, 31, '1405-03-17', '{\"debtors\":[{\"id\":1,\"name\":\"فرزاد محمدزاده\",\"amt\":\"164.4\"},{\"id\":2,\"name\":\"حامد عشایری\",\"amt\":\"140\"},{\"id\":3,\"name\":\"تنخواه\",\"amt\":\"122.7\"}],\"creditors\":[{\"id\":1,\"name\":\"\",\"amt\":\"427.1\"}],\"pettys\":[{\"id\":2,\"desc\":\"مهر\",\"amt\":\"438.790\"},{\"id\":3,\"desc\":\"کشاورزی\",\"amt\":\"159.580\"},{\"id\":4,\"desc\":\"مسکن\",\"amt\":\"10\"},{\"id\":5,\"desc\":\"صندوق\",\"amt\":\"13.3\"}],\"bankers\":[{\"id\":1,\"name\":\"آبشده امینی\",\"amt\":\"55.7\"},{\"id\":2,\"name\":\"نفیس گلد\",\"amt\":\"4.062\"}],\"ceiling\":\"500\",\"matrixValues\":{\"1_1\":\"164.4\",\"1_2\":\"140\",\"1_3\":\"122.7\"},\"controlRows\":[],\"controlDescs\":[],\"dyn_items\":[{\"id\":3,\"gram\":24.126},{\"id\":4,\"gram\":0},{\"id\":5,\"gram\":38.809},{\"id\":6,\"gram\":9.54}]}', '2026-06-07 18:12:29', '2026-06-07 18:32:11'),
(242, 18, '1405-03-18', '{\"debtors\":[{\"id\":1,\"name\":\"امینی\",\"amt\":\"26.264\"},{\"id\":2,\"name\":\"هادی\",\"amt\":\"0.750\"},{\"id\":3,\"name\":\"یاسر\",\"amt\":\"0.650\"},{\"id\":4,\"name\":\"امتیاز رسالت\",\"amt\":\"110.700\"},{\"id\":5,\"name\":\"\",\"amt\":\"\"}],\"creditors\":[{\"id\":1,\"name\":\"تنخواه\",\"amt\":\"138.303\"}],\"pettys\":[{\"id\":1,\"desc\":\"رفاه\",\"amt\":\"94.561\"},{\"id\":2,\"desc\":\"پارسیان\",\"amt\":\"129.629\"},{\"id\":3,\"desc\":\"مسکن \",\"amt\":\"152.816\"},{\"id\":4,\"desc\":\"ملت\",\"amt\":\"117.612\"},{\"id\":5,\"desc\":\"سپه\",\"amt\":\"48.594\"},{\"id\":6,\"desc\":\"صندوق\",\"amt\":\"18.485\"}],\"bankers\":[{\"id\":1,\"name\":\"امینی\",\"amt\":\"16.669\"},{\"id\":2,\"name\":\"جودیان\",\"amt\":\"17\"}],\"ceiling\":\"700\",\"matrixValues\":{\"1_1\":\"\",\"1_2\":\"\",\"1_3\":\"\",\"1_4\":\"\",\"1_5\":\"\"},\"controlRows\":[],\"controlDescs\":[],\"dyn_items\":[{\"id\":3,\"gram\":177.457},{\"id\":4,\"gram\":0},{\"id\":5,\"gram\":10.487},{\"id\":6,\"gram\":0}]}', '2026-06-08 16:31:26', '2026-06-08 17:01:08'),
(243, 31, '1405-03-18', '{\"debtors\":[{\"id\":1,\"name\":\"آبشده امینی\",\"amt\":\"160.2\"}],\"creditors\":[{\"id\":1,\"name\":\"حسن عزیزپور\",\"amt\":\"108.9\"},{\"id\":2,\"name\":\"تنخواه\",\"amt\":\"51.3\"}],\"pettys\":[{\"id\":1,\"desc\":\"مهر\",\"amt\":\"265.870\"},{\"id\":2,\"desc\":\"کشاورزی\",\"amt\":\"159.580\"},{\"id\":3,\"desc\":\"مسکن\",\"amt\":\"10\"},{\"id\":4,\"desc\":\"صندوق\",\"amt\":\"13.3\"}],\"bankers\":[{\"id\":1,\"name\":\"آبشده امینی\",\"amt\":\"13.215\"},{\"id\":2,\"name\":\"نفیس گلد\",\"amt\":\"4.062\"}],\"ceiling\":\"500\",\"matrixValues\":{\"1_1\":\"108.9\",\"2_1\":\"51.3\"},\"controlRows\":[],\"controlDescs\":[],\"dyn_items\":[{\"id\":3,\"gram\":57.701},{\"id\":4,\"gram\":0},{\"id\":5,\"gram\":38.809},{\"id\":6,\"gram\":12.45}]}', '2026-06-08 17:19:12', '2026-06-08 17:26:58'),
(244, 31, '1405-03-19', '{\"debtors\":[{\"id\":1,\"name\":\"آبشده امینی\",\"amt\":\"52.2\"},{\"id\":2,\"name\":\"شلاله ادیبی وام رسالت\",\"amt\":\"50.7\"}],\"creditors\":[{\"id\":1,\"name\":\"تنخواه\",\"amt\":\"102.9\"}],\"pettys\":[{\"id\":1,\"desc\":\"بانک مهر\",\"amt\":\"214.4\"},{\"id\":2,\"desc\":\"بانک کشاورزی\",\"amt\":\"159.580\"},{\"id\":3,\"desc\":\"بانک مسکن\",\"amt\":\"10\"},{\"id\":4,\"desc\":\"صندوق\",\"amt\":\"13.3\"}],\"bankers\":[{\"id\":1,\"name\":\"آبشده امینی\",\"amt\":\"13.215\"},{\"id\":2,\"name\":\"نفبس گلد\",\"amt\":\"4.062\"}],\"ceiling\":\"500\",\"matrixValues\":{\"1_1\":\"52.2\",\"1_2\":\"50.7\"},\"controlRows\":[],\"controlDescs\":[],\"dyn_items\":[{\"id\":3,\"gram\":57.701},{\"id\":4,\"gram\":0},{\"id\":5,\"gram\":38.809},{\"id\":6,\"gram\":12.45}]}', '2026-06-09 08:39:04', '2026-06-09 17:25:53'),
(245, 18, '1405-03-19', '{\"debtors\":[{\"id\":1,\"name\":\"امینی\",\"amt\":\"453.164\"},{\"id\":2,\"name\":\"امتیاز رسالت\",\"amt\":\"110.700\"},{\"id\":3,\"name\":\"هادی\",\"amt\":\"0.750\"},{\"id\":4,\"name\":\"یاسر\",\"amt\":\"0.650\"},{\"id\":5,\"name\":\"هزینه مغازه و اعتبار سنجی\",\"amt\":\"0.428\"}],\"creditors\":[{\"id\":1,\"name\":\"فریبا نریمان\",\"amt\":\"300\"},{\"id\":2,\"name\":\"تنخواه\",\"amt\":\"265.692\"}],\"pettys\":[{\"id\":1,\"desc\":\"ملت\",\"amt\":\"0.225\"},{\"id\":2,\"desc\":\"مسکن\",\"amt\":\"142.812\"},{\"id\":3,\"desc\":\"سپه\",\"amt\":\"48.598\"},{\"id\":4,\"desc\":\"پارسیان\",\"amt\":\"129.627\"},{\"id\":5,\"desc\":\"رفاه \",\"amt\":\"94.561\"},{\"id\":6,\"desc\":\"صندوق\",\"amt\":\"18.485\"}],\"bankers\":[{\"id\":1,\"name\":\"امینی\",\"amt\":\"2.679\"},{\"id\":2,\"name\":\"جودیان\",\"amt\":\"7\"}],\"ceiling\":\"700\",\"matrixValues\":{\"1_1\":\"\",\"1_2\":\"\",\"1_3\":\"\",\"1_4\":\"\",\"1_5\":\"\",\"2_1\":\"\",\"2_2\":\"\",\"2_3\":\"\",\"2_4\":\"\",\"2_5\":\"\"},\"controlRows\":[],\"controlDescs\":[],\"dyn_items\":[{\"id\":3,\"gram\":177.457},{\"id\":4,\"gram\":0},{\"id\":5,\"gram\":10.487},{\"id\":6,\"gram\":0}]}', '2026-06-09 16:45:04', '2026-06-09 16:57:48'),
(246, 19, '1405-03-19', '{\"debtors\":[{\"id\":1,\"name\":\"یاسر\",\"amt\":\"2\"},{\"id\":6,\"name\":\"رضایی\",\"amt\":\"86.6\"},{\"id\":7,\"name\":\"امینی\",\"amt\":\"1847.5\"},{\"id\":8,\"name\":\"فاطمه صمندر\",\"amt\":\"14\"},{\"id\":9,\"name\":\"حمید حمیدی\",\"amt\":\"7\"},{\"id\":10,\"name\":\"بانک ها\",\"amt\":\"0\"}],\"creditors\":[{\"id\":1,\"name\":\"بانک ها\",\"amt\":\"502.275\"},{\"id\":2,\"name\":\"دینی\",\"amt\":\"8.5\"},{\"id\":3,\"name\":\"قالیچی\",\"amt\":\"20\"},{\"id\":4,\"name\":\"ابراهیمی\",\"amt\":\"1173.5\"},{\"id\":5,\"name\":\"کریمی زاد\",\"amt\":\"178.2\"},{\"id\":6,\"name\":\"شمیم\",\"amt\":\"0.88\"}],\"pettys\":[{\"id\":1,\"desc\":\"ملت1\",\"amt\":\"18.7\"},{\"id\":2,\"desc\":\"ملت3\",\"amt\":\"365.2\"},{\"id\":3,\"desc\":\"مسکن 1\",\"amt\":\"2\"},{\"id\":4,\"desc\":\"مسکن3\",\"amt\":\"0\"},{\"id\":5,\"desc\":\"رسالت\",\"amt\":\"300.6\"},{\"id\":6,\"desc\":\"شهر\",\"amt\":\"30.4\"},{\"id\":7,\"desc\":\"صندوق\",\"amt\":\"80.825\"},{\"id\":8,\"desc\":\"مسدودی ملت3\",\"amt\":\"-300\"}],\"bankers\":[{\"id\":1,\"name\":\"\",\"amt\":\"\"}],\"ceiling\":\"1000\",\"matrixValues\":{\"1_1\":\"\",\"1_6\":\"86\",\"1_7\":\"490\",\"1_8\":\"\",\"1_9\":\"\",\"1_10\":\"\",\"2_1\":\"\",\"2_6\":\"\",\"2_7\":\"\",\"2_8\":\"\",\"2_9\":\"\",\"2_10\":\"\",\"3_1\":\"\",\"3_6\":\"\",\"3_7\":\"\",\"3_8\":\"\",\"3_9\":\"\",\"3_10\":\"\",\"4_1\":\"\",\"4_6\":\"\",\"4_7\":\"1173\",\"4_8\":\"\",\"4_9\":\"\",\"4_10\":\"0.5\",\"5_1\":\"\",\"5_6\":\"\",\"5_7\":\"177\",\"5_8\":\"\",\"5_9\":\"\",\"5_10\":\"1.2\",\"6_1\":\"\",\"6_6\":\"\",\"6_7\":\"\",\"6_8\":\"\",\"6_9\":\"\",\"6_10\":\"\"},\"controlRows\":[[\"86\",\"490\",\"200\",\"0.5\",\"126\",\"1.2\"],[\"\",\"\",\"170\",\"\",\"51\",\"\"],[\"\",\"\",\"800\",\"\",\"\",\"\"],[\"\",\"\",\"\",\"\",\"\",\"\"],[\"\",\"\",\"\",\"\",\"\",\"\"]],\"controlDescs\":[[\"\",\"\",\"\",\"\",\"\",\"\"],[\"\",\"\",\"\",\"\",\"\",\"\"],[\"\",\"\",\"\",\"\",\"\",\"\"],[\"\",\"\",\"\",\"\",\"\",\"\"],[\"\",\"\",\"\",\"\",\"\",\"\"]],\"dyn_items\":[{\"id\":3,\"gram\":140.516},{\"id\":4,\"gram\":0},{\"id\":5,\"gram\":0},{\"id\":6,\"gram\":139.775}]}', '2026-06-09 17:26:37', '2026-06-10 16:52:11'),
(247, 18, '1405-03-20', '{\"debtors\":[{\"id\":1,\"name\":\"امتیاز رسالت\",\"amt\":\"110.700\"},{\"id\":2,\"name\":\"یاسر\",\"amt\":\"0.650\"},{\"id\":3,\"name\":\"هادی\",\"amt\":\"0.750\"},{\"id\":4,\"name\":\"امیرآقا(آتیه)\",\"amt\":\"35.700\"},{\"id\":5,\"name\":\"هزینه مانده از دیروز \",\"amt\":\"0.467\"}],\"creditors\":[{\"id\":1,\"name\":\"امینی\",\"amt\":\"41.965\"},{\"id\":2,\"name\":\"تنخواه\",\"amt\":\"106.302\"}],\"pettys\":[{\"id\":1,\"desc\":\"ملت\",\"amt\":\"159.615\"},{\"id\":2,\"desc\":\"سپه\",\"amt\":\"48.598\"},{\"id\":3,\"desc\":\"مسکن\",\"amt\":\"142.812\"},{\"id\":4,\"desc\":\"پارسیان\",\"amt\":\"129.627\"},{\"id\":5,\"desc\":\"رفاه\",\"amt\":\"94.561\"},{\"id\":6,\"desc\":\"صندوق\",\"amt\":\"18.485\"}],\"bankers\":[{\"id\":1,\"name\":\"امینی\",\"amt\":\"5.213\"},{\"id\":2,\"name\":\"جودیان\",\"amt\":\"7\"}],\"ceiling\":\"700\",\"matrixValues\":{\"1_1\":\"\",\"1_2\":\"\",\"1_3\":\"\",\"1_4\":\"\",\"1_5\":\"\",\"2_1\":\"\",\"2_2\":\"\",\"2_3\":\"\",\"2_4\":\"\",\"2_5\":\"\"},\"controlRows\":[],\"controlDescs\":[],\"dyn_items\":[{\"id\":3,\"gram\":177.457},{\"id\":4,\"gram\":0},{\"id\":5,\"gram\":12.487},{\"id\":6,\"gram\":0}]}', '2026-06-10 16:36:59', '2026-06-10 17:10:30'),
(248, 31, '1405-03-20', '{\"debtors\":[{\"id\":1,\"name\":\"تنخواه\",\"amt\":\"50.9\"}],\"creditors\":[{\"id\":1,\"name\":\"آبشده امینی\",\"amt\":\"50.9\"}],\"pettys\":[{\"id\":1,\"desc\":\"مهر\",\"amt\":\"316.880\"},{\"id\":2,\"desc\":\"کشاورزی\",\"amt\":\"159.580\"},{\"id\":3,\"desc\":\"مسکن\",\"amt\":\"10\"},{\"id\":4,\"desc\":\"صندوق\",\"amt\":\"13.3\"}],\"bankers\":[{\"id\":1,\"name\":\"آبشده امینی\",\"amt\":\"16.072\"},{\"id\":2,\"name\":\"نفیس گلد\",\"amt\":\"4.062\"}],\"ceiling\":\"500\",\"matrixValues\":{\"1_1\":\"50.9\"},\"controlRows\":[],\"controlDescs\":[],\"dyn_items\":[{\"id\":3,\"gram\":57.701},{\"id\":4,\"gram\":0},{\"id\":5,\"gram\":38.809},{\"id\":6,\"gram\":12.45}]}', '2026-06-10 17:07:58', '2026-06-10 17:16:18'),
(249, 19, '1405-03-20', '{\"debtors\":[{\"id\":1,\"name\":\"بانک ها\",\"amt\":\"578.525\"},{\"id\":2,\"name\":\"امینی\",\"amt\":\"1279\"},{\"id\":3,\"name\":\"فاطمه سمندر\",\"amt\":\"14\"},{\"id\":4,\"name\":\"حمید حمیدی\",\"amt\":\"7\"},{\"id\":5,\"name\":\"یاسر\",\"amt\":\"2\"}],\"creditors\":[{\"id\":2,\"name\":\"رضایی\",\"amt\":\"872\"},{\"id\":3,\"name\":\"نادر مهری لطیفه گنجی\",\"amt\":\"831\"},{\"id\":4,\"name\":\"فاطمه شجاعان سعید شجاعان\",\"amt\":\"88.1\"},{\"id\":5,\"name\":\"قالیچی\",\"amt\":\"20\"},{\"id\":7,\"name\":\"دینی\",\"amt\":\"8.5\"}],\"pettys\":[{\"id\":1,\"desc\":\"ملت1\",\"amt\":\"89\"},{\"id\":2,\"desc\":\"ملت3\",\"amt\":\"1006.4\"},{\"id\":3,\"desc\":\"مسکن1\",\"amt\":\"2\"},{\"id\":4,\"desc\":\"مسکن3\",\"amt\":\"0\"},{\"id\":5,\"desc\":\"رسالت\",\"amt\":\"571.8\"},{\"id\":6,\"desc\":\"شهر\",\"amt\":\"139\"},{\"id\":7,\"desc\":\"صندوق\",\"amt\":\"70.325\"},{\"id\":9,\"desc\":\"مسدودی ملت3\",\"amt\":\"-300\"}],\"bankers\":[{\"id\":1,\"name\":\"کل\",\"amt\":\"302.760\"}],\"ceiling\":\"1000\",\"matrixValues\":{\"2_1\":\"\",\"2_2\":\"\",\"2_3\":\"\",\"2_4\":\"\",\"2_5\":\"\",\"3_1\":\"\",\"3_2\":\"\",\"3_3\":\"\",\"3_4\":\"\",\"3_5\":\"\",\"4_1\":\"\",\"4_2\":\"\",\"4_3\":\"\",\"4_4\":\"\",\"4_5\":\"\",\"5_1\":\"\",\"5_2\":\"\",\"5_3\":\"\",\"5_4\":\"\",\"5_5\":\"\",\"7_1\":\"\",\"7_2\":\"\",\"7_3\":\"\",\"7_4\":\"\",\"7_5\":\"\"},\"controlRows\":[],\"controlDescs\":[],\"dyn_items\":[{\"id\":3,\"gram\":331.898},{\"id\":4,\"gram\":10418.212},{\"id\":5,\"gram\":527.869},{\"id\":6,\"gram\":111.244}]}', '2026-06-10 17:16:29', '2026-06-10 17:32:25'),
(250, 19, '1405-03-21', '{\"debtors\":[{\"id\":1,\"name\":\"تیموری\",\"amt\":\"24\"},{\"id\":2,\"name\":\"بانک ها\",\"amt\":\"533.872\"},{\"id\":3,\"name\":\"امینی\",\"amt\":\"1161\"},{\"id\":6,\"name\":\"حمید حمیدی\",\"amt\":\"7\"},{\"id\":7,\"name\":\"یاسر\",\"amt\":\"2\"},{\"id\":9,\"name\":\"فاطمه سمندر\",\"amt\":\"14\"},{\"id\":11,\"name\":\"امیر فرشباف\",\"amt\":\"0.154\"}],\"creditors\":[{\"id\":1,\"name\":\"نادر مهری لطیفه گنجی\",\"amt\":\"831\"},{\"id\":2,\"name\":\"رضایی\",\"amt\":\"821\"},{\"id\":3,\"name\":\"قالیچی\",\"amt\":\"20\"},{\"id\":4,\"name\":\"شمیم\",\"amt\":\"0.88\"},{\"id\":5,\"name\":\"جودیان\",\"amt\":\"0.24\"},{\"id\":8,\"name\":\"دینی\",\"amt\":\"8.5\"},{\"id\":10,\"name\":\"بانک ها\",\"amt\":\"0\"}],\"pettys\":[{\"id\":1,\"desc\":\"ملت1\",\"amt\":\"98.11\"},{\"id\":2,\"desc\":\"ملت3\",\"amt\":\"867\"},{\"id\":3,\"desc\":\"مسکن1\",\"amt\":\"2\"},{\"id\":4,\"desc\":\"مسکن3\",\"amt\":\"50\"},{\"id\":5,\"desc\":\"رسالت\",\"amt\":\"553.92\"},{\"id\":6,\"desc\":\"شهر\",\"amt\":\"192.647\"},{\"id\":7,\"desc\":\"صندوق\",\"amt\":\"70.195\"},{\"id\":8,\"desc\":\"مسدودی ملت3\",\"amt\":\"-300\"}],\"bankers\":[{\"id\":1,\"name\":\"کل\",\"amt\":\"91.905\"}],\"ceiling\":\"1000\",\"matrixValues\":{\"1_1\":\"\",\"1_2\":\"1\",\"1_3\":\"830\",\"1_6\":\"\",\"1_7\":\"\",\"1_9\":\"\",\"1_11\":\"\",\"2_1\":\"\",\"2_2\":\"521\",\"2_3\":\"300\",\"2_6\":\"\",\"2_7\":\"\",\"2_9\":\"\",\"2_11\":\"\",\"3_1\":\"\",\"3_2\":\"\",\"3_3\":\"\",\"3_6\":\"\",\"3_7\":\"\",\"3_9\":\"\",\"3_11\":\"\",\"4_1\":\"\",\"4_2\":\"\",\"4_3\":\"\",\"4_6\":\"\",\"4_7\":\"\",\"4_9\":\"\",\"4_11\":\"\",\"5_1\":\"\",\"5_2\":\"\",\"5_3\":\"\",\"5_6\":\"\",\"5_7\":\"\",\"5_9\":\"\",\"5_11\":\"\",\"8_1\":\"\",\"8_2\":\"\",\"8_3\":\"\",\"8_6\":\"\",\"8_7\":\"\",\"8_9\":\"\",\"8_11\":\"\",\"10_1\":\"24\",\"10_2\":\"\",\"10_3\":\"\",\"10_6\":\"\",\"10_7\":\"\",\"10_9\":\"\",\"10_11\":\"\"},\"controlRows\":[[\"1\",\"500\",\"200\",\"80\",\"24\"],[\"0\",\"200\",\"100\",\"\",\"\"],[\"\",\"130\",\"191\",\"\",\"\"],[\"\",\"\",\"30\",\"\",\"\"]],\"controlDescs\":[[\"\",\"\",\"\",\"\",\"\"],[\"\",\"\",\"\",\"\",\"\"],[\"\",\"\",\"\",\"\",\"\"],[\"\",\"\",\"\",\"\",\"\"]],\"dyn_items\":[{\"id\":3,\"gram\":127.588},{\"id\":4,\"gram\":10418.212},{\"id\":5,\"gram\":525.505},{\"id\":6,\"gram\":9.123}]}', '2026-06-11 09:07:49', '2026-06-13 15:22:56'),
(251, 18, '1405-03-21', '{\"debtors\":[{\"id\":1,\"name\":\"اقای فرشباف\",\"amt\":\"35.700\"},{\"id\":2,\"name\":\"امتیاز رسالت\",\"amt\":\"110.700\"},{\"id\":3,\"name\":\"هادی\",\"amt\":\"0.750\"},{\"id\":4,\"name\":\"یاسر\",\"amt\":\"0.650\"},{\"id\":5,\"name\":\"هزینه\",\"amt\":\"0.56\"}],\"creditors\":[{\"id\":1,\"name\":\"امینی\",\"amt\":\"21.915\"},{\"id\":2,\"name\":\"تنخواه\",\"amt\":\"126.445\"}],\"pettys\":[{\"id\":1,\"desc\":\"ملت\",\"amt\":\"159.530\"},{\"id\":2,\"desc\":\"مسکن\",\"amt\":\"122.758\"},{\"id\":3,\"desc\":\"رفاه\",\"amt\":\"94.561\"},{\"id\":4,\"desc\":\"پارسیان\",\"amt\":\"129.627\"},{\"id\":5,\"desc\":\"سپه\",\"amt\":\"48.594\"},{\"id\":6,\"desc\":\"اسکناس\",\"amt\":\"18.485\"}],\"bankers\":[{\"id\":1,\"name\":\"امینی\",\"amt\":\"4.09\"},{\"id\":2,\"name\":\"جودیان\",\"amt\":\"7\"}],\"ceiling\":\"700\",\"matrixValues\":{\"1_1\":\"\",\"1_2\":\"\",\"1_3\":\"\",\"1_4\":\"\",\"1_5\":\"\",\"2_1\":\"\",\"2_2\":\"\",\"2_3\":\"\",\"2_4\":\"\",\"2_5\":\"\"},\"controlRows\":[],\"controlDescs\":[],\"dyn_items\":[{\"id\":3,\"gram\":177.457},{\"id\":4,\"gram\":0},{\"id\":5,\"gram\":11.362},{\"id\":6,\"gram\":0}]}', '2026-06-11 16:13:32', '2026-06-11 16:21:47'),
(252, 31, '1405-03-21', '{\"debtors\":[{\"id\":1,\"name\":\"کیومرت تقی پور\",\"amt\":\"500\"},{\"id\":2,\"name\":\"میلاد پیرا\",\"amt\":\"200\"},{\"id\":3,\"name\":\"تنخواه\",\"amt\":\"142.1\"},{\"id\":4,\"name\":\"شلاله ادیبی\",\"amt\":\"50.9\"}],\"creditors\":[{\"id\":1,\"name\":\"آبشده امینی\",\"amt\":\"893\"}],\"pettys\":[{\"id\":1,\"desc\":\"بانک مهر\",\"amt\":\"455.280\"},{\"id\":2,\"desc\":\"بانک مسکن\",\"amt\":\"10\"},{\"id\":3,\"desc\":\"بانک کشاورزی\",\"amt\":\"159.580\"},{\"id\":4,\"desc\":\"بانک شهر\",\"amt\":\"4\"},{\"id\":5,\"desc\":\"صندوق\",\"amt\":\"13.3\"}],\"bankers\":[{\"id\":1,\"name\":\"آبشده امینی\",\"amt\":\"63.171\"},{\"id\":2,\"name\":\"نفیس گلد\",\"amt\":\"4.062\"}],\"ceiling\":\"500\",\"matrixValues\":{\"1_1\":\"500\",\"1_2\":\"200\",\"1_3\":\"142.1\",\"1_4\":\"50.9\"},\"controlRows\":[],\"controlDescs\":[],\"dyn_items\":[{\"id\":3,\"gram\":11.934},{\"id\":4,\"gram\":0},{\"id\":5,\"gram\":38.699},{\"id\":6,\"gram\":12.45}]}', '2026-06-11 16:25:23', '2026-06-11 16:46:48'),
(253, 18, '1405-03-23', '{\"debtors\":[{\"id\":1,\"name\":\"امتیاز رسالت\",\"amt\":\"110.700\"},{\"id\":2,\"name\":\"یاسر\",\"amt\":\"0.650\"},{\"id\":3,\"name\":\"امیر اقا\",\"amt\":\"35.7\"},{\"id\":4,\"name\":\"\",\"amt\":\"\"}],\"creditors\":[{\"id\":1,\"name\":\"امینی\",\"amt\":\"80.655\"},{\"id\":2,\"name\":\"تنخواه\",\"amt\":\"66.395\"}],\"pettys\":[{\"id\":1,\"desc\":\"ملت\",\"amt\":\"160.030\"},{\"id\":2,\"desc\":\"مسکن\",\"amt\":\"133.408\"},{\"id\":3,\"desc\":\"رفاه\",\"amt\":\"143.461\"},{\"id\":4,\"desc\":\"پارسیان\",\"amt\":\"129.627\"},{\"id\":5,\"desc\":\"سپه\",\"amt\":\"48.594\"},{\"id\":6,\"desc\":\"صندوق\",\"amt\":\"18.485\"}],\"bankers\":[{\"id\":1,\"name\":\"امینی\",\"amt\":\"7.49\"},{\"id\":2,\"name\":\"جودیان\",\"amt\":\"7\"}],\"ceiling\":\"700\",\"matrixValues\":{\"1_1\":\"\",\"1_2\":\"\",\"1_3\":\"\",\"1_4\":\"\",\"2_1\":\"\",\"2_2\":\"\",\"2_3\":\"\",\"2_4\":\"\"},\"controlRows\":[],\"controlDescs\":[],\"dyn_items\":[{\"id\":3,\"gram\":177.457},{\"id\":4,\"gram\":0},{\"id\":5,\"gram\":11.362},{\"id\":6,\"gram\":0}]}', '2026-06-13 16:49:23', '2026-06-13 17:09:35'),
(254, 19, '1405-03-23', '{\"debtors\":[{\"id\":1,\"name\":\"فاطمه سمندر\",\"amt\":\"14\"},{\"id\":2,\"name\":\"امینی\",\"amt\":\"469.6\"},{\"id\":3,\"name\":\"آقا زاده\",\"amt\":\"220\"},{\"id\":4,\"name\":\"بانک ها\",\"amt\":\"27.893\"},{\"id\":6,\"name\":\"یاسر\",\"amt\":\"2\"},{\"id\":8,\"name\":\"فتوحی\",\"amt\":\"4\"},{\"id\":9,\"name\":\"احمد محاسنی\",\"amt\":\"0.2\"}],\"creditors\":[{\"id\":1,\"name\":\"دینی\",\"amt\":\"8.5\"},{\"id\":2,\"name\":\"جودیان\",\"amt\":\"0.25\"},{\"id\":3,\"name\":\"شمیم\",\"amt\":\"0.88\"},{\"id\":4,\"name\":\"قالیچی\",\"amt\":\"20\"},{\"id\":5,\"name\":\"محمد کریمی زاد\",\"amt\":\"52.35\"},{\"id\":6,\"name\":\"رضایی\",\"amt\":\"20\"},{\"id\":7,\"name\":\"آروین فارضی\",\"amt\":\"571.8\"}],\"pettys\":[{\"id\":1,\"desc\":\"ملت1\",\"amt\":\"10.130\"},{\"id\":2,\"desc\":\"ملت3\",\"amt\":\"494.890\"},{\"id\":3,\"desc\":\"مسکن1\",\"amt\":\"0.998\"},{\"id\":4,\"desc\":\"مسکن3\",\"amt\":\"50\"},{\"id\":5,\"desc\":\"رسالت\",\"amt\":\"602.890\"},{\"id\":6,\"desc\":\"شهر\",\"amt\":\"109.390\"},{\"id\":7,\"desc\":\"صندوق\",\"amt\":\"59.595\"},{\"id\":9,\"desc\":\"مسدودی حساب\",\"amt\":\"-300\"}],\"bankers\":[{\"id\":1,\"name\":\"امینی\",\"amt\":\"88.661\"},{\"id\":2,\"name\":\"جودیان\",\"amt\":\"5.549\"},{\"id\":3,\"name\":\"شمیم\",\"amt\":\"-0.75\"},{\"id\":4,\"name\":\"نگین\",\"amt\":\"0.007\"},{\"id\":5,\"name\":\"قالیچی\",\"amt\":\"4.821\"},{\"id\":6,\"name\":\"دینی\",\"amt\":\"0.134\"}],\"ceiling\":\"1000\",\"matrixValues\":{\"1_1\":\"\",\"1_2\":\"\",\"1_3\":\"\",\"1_4\":\"\",\"1_6\":\"\",\"1_8\":\"\",\"1_9\":\"\",\"2_1\":\"\",\"2_2\":\"\",\"2_3\":\"\",\"2_4\":\"\",\"2_6\":\"\",\"2_8\":\"\",\"2_9\":\"\",\"3_1\":\"\",\"3_2\":\"\",\"3_3\":\"\",\"3_4\":\"\",\"3_6\":\"\",\"3_8\":\"\",\"3_9\":\"\",\"4_1\":\"\",\"4_2\":\"\",\"4_3\":\"\",\"4_4\":\"\",\"4_6\":\"\",\"4_8\":\"\",\"4_9\":\"\",\"5_1\":\"\",\"5_2\":\"\",\"5_3\":\"52\",\"5_4\":\"0.35\",\"5_6\":\"\",\"5_8\":\"\",\"5_9\":\"\",\"6_1\":\"\",\"6_2\":\"\",\"6_3\":\"\",\"6_4\":\"20\",\"6_6\":\"\",\"6_8\":\"\",\"6_9\":\"\",\"7_1\":\"\",\"7_2\":\"403\",\"7_3\":\"168\",\"7_4\":\"0.8\",\"7_6\":\"\",\"7_8\":\"\",\"7_9\":\"\"},\"controlRows\":[[\"\",\"0.35\",\"20\",\"403\",\"\",\"0.8\"],[\"\",\"\",\"\",\"\",\"\",\"\"]],\"controlDescs\":[[\"\",\"از بانک شهر\",\"از بانک شهر\",\"از مسعود امینی\",\"\",\"از بانک شهر\"],[\"\",\"\",\"\",\"\",\"\",\"\"]],\"dyn_items\":[{\"id\":3,\"gram\":114.627},{\"id\":4,\"gram\":10347.886},{\"id\":5,\"gram\":525.651},{\"id\":6,\"gram\":16.918}]}', '2026-06-13 16:50:05', '2026-06-14 14:24:54'),
(255, 31, '1405-03-23', '{\"debtors\":[{\"id\":1,\"name\":\"کیومرث تقی پور\",\"amt\":\"59.3\"},{\"id\":2,\"name\":\"شلاله ادیبی(وام رسالت)\",\"amt\":\"50.9\"},{\"id\":3,\"name\":\"تنخواه\",\"amt\":\"7.5\"}],\"creditors\":[{\"id\":1,\"name\":\"آبشده امینی\",\"amt\":\"117.7\"}],\"pettys\":[{\"id\":1,\"desc\":\"مهر\",\"amt\":\"325.280\"},{\"id\":2,\"desc\":\"کشاورزی\",\"amt\":\"154.970\"},{\"id\":3,\"desc\":\"مسکن\",\"amt\":\"10\"},{\"id\":4,\"desc\":\"شهر\",\"amt\":\"4\"},{\"id\":5,\"desc\":\"صندوق\",\"amt\":\"13.3\"}],\"bankers\":[{\"id\":1,\"name\":\"آبشده امینی\",\"amt\":\"66.317\"},{\"id\":2,\"name\":\"نفیس گلد\",\"amt\":\"4.069\"}],\"ceiling\":\"500\",\"matrixValues\":{\"1_1\":\"59.3\",\"1_2\":\"50.9\",\"1_3\":\"7.5\"},\"controlRows\":[],\"controlDescs\":[],\"dyn_items\":[{\"id\":3,\"gram\":11.934},{\"id\":4,\"gram\":0},{\"id\":5,\"gram\":38.699},{\"id\":6,\"gram\":12.72}]}', '2026-06-13 16:57:18', '2026-06-13 17:04:14'),
(256, 19, '1405-03-24', '{\"debtors\":[{\"id\":1,\"name\":\"بانک ها\",\"amt\":\"84.59\"},{\"id\":2,\"name\":\"اقا زاده\",\"amt\":\"220\"},{\"id\":3,\"name\":\"یاسر\",\"amt\":\"4.5\"},{\"id\":4,\"name\":\"محاسنی\",\"amt\":\"0.2\"},{\"id\":5,\"name\":\"یاسر\",\"amt\":\"850\"},{\"id\":6,\"name\":\"ناصری\",\"amt\":\"172.2\"}],\"creditors\":[{\"id\":1,\"name\":\"دینی\",\"amt\":\"8.5\"},{\"id\":2,\"name\":\"جودیان\",\"amt\":\"0.3\"},{\"id\":3,\"name\":\"شمیم\",\"amt\":\"0.9\"},{\"id\":4,\"name\":\"قالیچی\",\"amt\":\"20\"},{\"id\":5,\"name\":\"کریمی زاد\",\"amt\":\"52\"},{\"id\":6,\"name\":\"آروین فارضی\",\"amt\":\"168\"},{\"id\":7,\"name\":\"فخرزاده توحید\",\"amt\":\"850\"},{\"id\":8,\"name\":\"امینی\",\"amt\":\"179\"},{\"id\":10,\"name\":\"بانک ها\",\"amt\":\"0\"}],\"pettys\":[{\"id\":1,\"desc\":\"ملت1\",\"amt\":\"362.044\"},{\"id\":2,\"desc\":\"ملت3\",\"amt\":\"787.960\"},{\"id\":3,\"desc\":\"مسکن1\",\"amt\":\"1\"},{\"id\":4,\"desc\":\"مسکن3\",\"amt\":\"50\"},{\"id\":5,\"desc\":\"رسالت\",\"amt\":\"10\"},{\"id\":6,\"desc\":\"شهر\",\"amt\":\"98.741\"},{\"id\":7,\"desc\":\"صندوق\",\"amt\":\"74.845\"},{\"id\":9,\"desc\":\"مسدودی ملت3\",\"amt\":\"-300\"}],\"bankers\":[{\"id\":1,\"name\":\"کل\",\"amt\":\"112.708\"}],\"ceiling\":\"1000\",\"matrixValues\":{\"1_1\":\"\",\"1_2\":\"\",\"1_3\":\"\",\"1_4\":\"\",\"1_5\":\"\",\"1_6\":\"\",\"2_1\":\"\",\"2_2\":\"\",\"2_3\":\"\",\"2_4\":\"\",\"2_5\":\"\",\"2_6\":\"\",\"3_1\":\"\",\"3_2\":\"\",\"3_3\":\"\",\"3_4\":\"\",\"3_5\":\"\",\"3_6\":\"\",\"4_1\":\"\",\"4_2\":\"\",\"4_3\":\"\",\"4_4\":\"\",\"4_5\":\"\",\"4_6\":\"\",\"5_1\":\"52\",\"5_2\":\"\",\"5_3\":\"\",\"5_4\":\"\",\"5_5\":\"\",\"5_6\":\"\",\"6_1\":\"\",\"6_2\":\"\",\"6_3\":\"\",\"6_4\":\"\",\"6_5\":\"\",\"6_6\":\"168\",\"7_1\":\"\",\"7_2\":\"\",\"7_3\":\"\",\"7_4\":\"\",\"7_5\":\"850\",\"7_6\":\"\",\"8_1\":\"179\",\"8_2\":\"\",\"8_3\":\"\",\"8_4\":\"\",\"8_5\":\"\",\"8_6\":\"\",\"10_1\":\"\",\"10_2\":\"220\",\"10_3\":\"4.5\",\"10_4\":\"0.2\",\"10_5\":\"\",\"10_6\":\"4.2\"},\"controlRows\":[[\"52\",\"168\",\"\",\"98\",\"\",\"\",\"\",\"\"],[\"\",\"\",\"\",\"31\",\"\",\"\",\"\",\"\"],[\"\",\"\",\"\",\"50\",\"\",\"\",\"\",\"\"]],\"controlDescs\":[[\"ملت امیر فرشباف\",\"\",\"\",\"از شهر\",\"\",\"\",\"\",\"\"],[\"\",\"\",\"\",\"از ملت امیرفرشباف\",\"\",\"\",\"\",\"\"],[\"\",\"\",\"\",\"از مسکن امیر فرشباف\",\"\",\"\",\"\",\"\"]],\"dyn_items\":[{\"id\":3,\"gram\":114.627},{\"id\":4,\"gram\":10345.232},{\"id\":5,\"gram\":533.041},{\"id\":6,\"gram\":16.918}]}', '2026-06-14 16:48:00', '2026-06-15 09:50:10'),
(257, 18, '1405-03-24', '{\"debtors\":[{\"id\":1,\"name\":\"امتایز رسالت \",\"amt\":\"110.700\"},{\"id\":2,\"name\":\"یاسر\",\"amt\":\"0.650\"},{\"id\":3,\"name\":\"هزینه سایت\",\"amt\":\"0.51\"}],\"creditors\":[{\"id\":1,\"name\":\"امینی\",\"amt\":\"9.655\"},{\"id\":2,\"name\":\"تنخواه\",\"amt\":\"102.205\"}],\"pettys\":[{\"id\":1,\"desc\":\"ملت \",\"amt\":\"123.860\"},{\"id\":2,\"desc\":\"مسکن\",\"amt\":\"133.408\"},{\"id\":3,\"desc\":\"پارسیان\",\"amt\":\"129.627\"},{\"id\":4,\"desc\":\"سپه\",\"amt\":\"48.594\"},{\"id\":5,\"desc\":\"رفاه\",\"amt\":\"143.461\"},{\"id\":6,\"desc\":\"صندوق\",\"amt\":\"18.845\"}],\"bankers\":[{\"id\":1,\"name\":\"جودیان\",\"amt\":\"7\"},{\"id\":2,\"name\":\"امینی\",\"amt\":\"8.017\"}],\"ceiling\":\"700\",\"matrixValues\":{\"1_1\":\"\",\"1_2\":\"\",\"1_3\":\"\",\"2_1\":\"\",\"2_2\":\"\",\"2_3\":\"\"},\"controlRows\":[],\"controlDescs\":[],\"dyn_items\":[{\"id\":3,\"gram\":177.457},{\"id\":4,\"gram\":0},{\"id\":5,\"gram\":11.888},{\"id\":6,\"gram\":0}]}', '2026-06-14 17:02:15', '2026-06-15 17:18:56'),
(258, 31, '1405-03-24', '{\"debtors\":[{\"id\":1,\"name\":\"کیومرث تقی پور\",\"amt\":\"125\"},{\"id\":2,\"name\":\"فرزاد محمدزاده\",\"amt\":\"18.5\"},{\"id\":3,\"name\":\"تنخواه\",\"amt\":\"165.2\"}],\"creditors\":[{\"id\":1,\"name\":\"آبشده امینی\",\"amt\":\"308.7\"}],\"pettys\":[{\"id\":1,\"desc\":\"مهر\",\"amt\":\"469.5\"},{\"id\":2,\"desc\":\"کشاورزی\",\"amt\":\"121.770\"},{\"id\":3,\"desc\":\"مسکن\",\"amt\":\"10\"},{\"id\":4,\"desc\":\"صندوق\",\"amt\":\"13.3\"}],\"bankers\":[{\"id\":1,\"name\":\"آبشده امینی\",\"amt\":\"23.455\"},{\"id\":2,\"name\":\"نفیس گلد\",\"amt\":\"4.062\"}],\"ceiling\":\"500\",\"matrixValues\":{\"1_1\":\"125\",\"1_2\":\"18.5\",\"1_3\":\"165.2\"},\"controlRows\":[],\"controlDescs\":[],\"dyn_items\":[{\"id\":3,\"gram\":60.967},{\"id\":4,\"gram\":0},{\"id\":5,\"gram\":36.699},{\"id\":6,\"gram\":12.72}]}', '2026-06-14 17:35:02', '2026-06-14 17:41:40'),
(259, 18, '1405-03-25', '{\"debtors\":[{\"id\":1,\"name\":\"امتیاز رسالت\",\"amt\":\"110.700\"},{\"id\":2,\"name\":\"یاسر\",\"amt\":\"0.650\"},{\"id\":3,\"name\":\"هزینه سایت\",\"amt\":\"0.51\"}],\"creditors\":[{\"id\":1,\"name\":\"امینی\",\"amt\":\"9.655\"},{\"id\":2,\"name\":\"تنخواه\",\"amt\":\"102.205\"}],\"pettys\":[{\"id\":1,\"desc\":\"ملت\",\"amt\":\"123.860\"},{\"id\":2,\"desc\":\"مسکن\",\"amt\":\"133.408\"},{\"id\":3,\"desc\":\"پارسیان\",\"amt\":\"129.627\"},{\"id\":4,\"desc\":\"سپه\",\"amt\":\"48.594\"},{\"id\":5,\"desc\":\"رفاه\",\"amt\":\"143.461\"},{\"id\":6,\"desc\":\"صندوق\",\"amt\":\"18.845\"}],\"bankers\":[{\"id\":1,\"name\":\"امینی\",\"amt\":\"8.017\"},{\"id\":2,\"name\":\"جودیان\",\"amt\":\"7\"}],\"ceiling\":\"700\",\"matrixValues\":{\"1_1\":\"\",\"1_2\":\"\",\"1_3\":\"\",\"2_1\":\"\",\"2_2\":\"\",\"2_3\":\"\"},\"controlRows\":[],\"controlDescs\":[],\"dyn_items\":[{\"id\":3,\"gram\":177.457},{\"id\":4,\"gram\":0},{\"id\":5,\"gram\":11.888},{\"id\":6,\"gram\":102.862}]}', '2026-06-15 16:50:38', '2026-06-15 17:19:47'),
(260, 31, '1405-03-25', '{\"debtors\":[{\"id\":1,\"name\":\"کیومرث تقی پور\",\"amt\":\"250\"},{\"id\":2,\"name\":\"شلاله ادیبی وام رسالت\",\"amt\":\"50.9\"},{\"id\":3,\"name\":\"تنخواه\",\"amt\":\"21.1\"}],\"creditors\":[{\"id\":1,\"name\":\"آبشده امینی\",\"amt\":\"322\"}],\"pettys\":[{\"id\":1,\"desc\":\"مهر\",\"amt\":\"352.6\"},{\"id\":2,\"desc\":\"کشاورزی\",\"amt\":\"140.270\"},{\"id\":3,\"desc\":\"مسکن\",\"amt\":\"10\"},{\"id\":4,\"desc\":\"صندوق\",\"amt\":\"13.3\"}],\"bankers\":[{\"id\":1,\"name\":\"آبشده امینی\",\"amt\":\"42.559\"},{\"id\":2,\"name\":\"نفس گلد\",\"amt\":\"4.062\"}],\"ceiling\":\"500\",\"matrixValues\":{\"1_1\":\"250\",\"1_2\":\"50.9\",\"1_3\":\"21.1\"},\"controlRows\":[],\"controlDescs\":[],\"dyn_items\":[{\"id\":3,\"gram\":42.721},{\"id\":4,\"gram\":0},{\"id\":5,\"gram\":38.707},{\"id\":6,\"gram\":12.72}]}', '2026-06-15 16:58:16', '2026-06-15 17:24:29'),
(261, 31, '1405-03-26', '{\"debtors\":[{\"id\":1,\"name\":\"آبشده امینی\",\"amt\":\"32\"},{\"id\":2,\"name\":\"شلاله ادیبی وام رسالت\",\"amt\":\"50.9\"}],\"creditors\":[{\"id\":1,\"name\":\"تنخواه\",\"amt\":\"82.9\"}],\"pettys\":[{\"id\":1,\"desc\":\"مهر\",\"amt\":\"253.460\"},{\"id\":2,\"desc\":\"کشاورزی\",\"amt\":\"140.270\"},{\"id\":3,\"desc\":\"مسکن\",\"amt\":\"10\"},{\"id\":4,\"desc\":\"صندوق\",\"amt\":\"13.3\"}],\"bankers\":[{\"id\":1,\"name\":\"آبشده امینی\",\"amt\":\"40.875\"},{\"id\":2,\"name\":\"نفیس گلد\",\"amt\":\"4.062\"}],\"ceiling\":\"500\",\"matrixValues\":{\"1_1\":\"32\",\"1_2\":\"50.9\"},\"controlRows\":[],\"controlDescs\":[],\"dyn_items\":[{\"id\":3,\"gram\":42.721},{\"id\":4,\"gram\":0},{\"id\":5,\"gram\":36.701},{\"id\":6,\"gram\":12.72}]}', '2026-06-16 16:57:35', '2026-06-16 17:03:48'),
(262, 18, '1405-03-26', '{\"debtors\":[{\"id\":1,\"name\":\"محمد امیدی\",\"amt\":\"160.800\"},{\"id\":2,\"name\":\"امتیاز رسالت\",\"amt\":\"110.700\"},{\"id\":3,\"name\":\"یاسر\",\"amt\":\"0.650\"},{\"id\":4,\"name\":\"کارتخوان رفاه\",\"amt\":\"55\"},{\"id\":5,\"name\":\"کارتخوان سپه\",\"amt\":\"71\"},{\"id\":6,\"name\":\"تنخواه\",\"amt\":\"118.54\"},{\"id\":7,\"name\":\"هزینه\",\"amt\":\"0.115\"}],\"creditors\":[{\"id\":1,\"name\":\"امینی\",\"amt\":\"516.805\"}],\"pettys\":[{\"id\":1,\"desc\":\"ملت\",\"amt\":\"123.552\"},{\"id\":2,\"desc\":\"رفاه\",\"amt\":\"375.164\"},{\"id\":3,\"desc\":\"سپه\",\"amt\":\"48.594\"},{\"id\":4,\"desc\":\"مسکن\",\"amt\":\"122.758\"},{\"id\":5,\"desc\":\"پارسیان\",\"amt\":\"129.627\"},{\"id\":6,\"desc\":\"صندوق\",\"amt\":\"18.845\"}],\"bankers\":[{\"id\":1,\"name\":\"امینی\",\"amt\":\"40.442\"},{\"id\":2,\"name\":\"جودیان\",\"amt\":\"7\"}],\"ceiling\":\"700\",\"matrixValues\":{\"1_1\":\"\",\"1_2\":\"\",\"1_3\":\"\",\"1_4\":\"\",\"1_5\":\"\",\"1_6\":\"\",\"1_7\":\"\"},\"controlRows\":[],\"controlDescs\":[],\"dyn_items\":[{\"id\":3,\"gram\":177.457},{\"id\":4,\"gram\":0},{\"id\":5,\"gram\":11.888},{\"id\":6,\"gram\":102.862}]}', '2026-06-16 16:59:42', '2026-06-17 17:14:30'),
(263, 19, '1405-03-26', '{\"debtors\":[{\"id\":2,\"name\":\"علیرضا\",\"amt\":\"10\"},{\"id\":3,\"name\":\"رضایی\",\"amt\":\"0.2\"},{\"id\":4,\"name\":\"امینی\",\"amt\":\"1110.800\"},{\"id\":6,\"name\":\"بانک ها\",\"amt\":\"0\"}],\"creditors\":[{\"id\":2,\"name\":\"شمیم\",\"amt\":\"0.88\"},{\"id\":3,\"name\":\"قالیچی\",\"amt\":\"20\"},{\"id\":4,\"name\":\"نویدی پسر\",\"amt\":\"12.256\"},{\"id\":7,\"name\":\"دانشور\",\"amt\":\"228.100\"},{\"id\":8,\"name\":\"بانک ها\",\"amt\":\"11.579\"},{\"id\":9,\"name\":\"هادی محمدی\",\"amt\":\"495\"},{\"id\":10,\"name\":\"فاطمه بزمی\",\"amt\":\"333\"},{\"id\":11,\"name\":\"جودیان\",\"amt\":\"0.2\"},{\"id\":12,\"name\":\"معامله نشده\",\"amt\":\"20\"}],\"pettys\":[{\"id\":1,\"desc\":\"ملت1\",\"amt\":\"381.294\"},{\"id\":2,\"desc\":\"ملت3\",\"amt\":\"617.754\"},{\"id\":3,\"desc\":\"مسکن1\",\"amt\":\"1\"},{\"id\":4,\"desc\":\"مسکن3\",\"amt\":\"3.910\"},{\"id\":5,\"desc\":\"رسالت\",\"amt\":\"26.970\"},{\"id\":6,\"desc\":\"شهر\",\"amt\":\"182.848\"},{\"id\":7,\"desc\":\"صندوق\",\"amt\":\"74.645\"},{\"id\":8,\"desc\":\"مسدودی ملت3\",\"amt\":\"-300\"}],\"bankers\":[{\"id\":1,\"name\":\"کل\",\"amt\":\"67.478\"}],\"ceiling\":\"1000\",\"matrixValues\":{\"2_2\":\"\",\"2_3\":\"\",\"2_4\":\"\",\"2_6\":\"\",\"3_2\":\"\",\"3_3\":\"\",\"3_4\":\"\",\"3_6\":\"\",\"4_2\":\"\",\"4_3\":\"\",\"4_4\":\"\",\"4_6\":\"\",\"7_2\":\"\",\"7_3\":\"\",\"7_4\":\"228\",\"7_6\":\"0.1\",\"8_2\":\"\",\"8_3\":\"\",\"8_4\":\"57\",\"8_6\":\"\",\"9_2\":\"\",\"9_3\":\"\",\"9_4\":\"495\",\"9_6\":\"\",\"10_2\":\"\",\"10_3\":\"\",\"10_4\":\"330\",\"10_6\":\"3\",\"11_2\":\"\",\"11_3\":\"\",\"11_4\":\"\",\"11_6\":\"\",\"12_2\":\"\",\"12_3\":\"\",\"12_4\":\"\",\"12_6\":\"\"},\"controlRows\":[[\"228\",\"0.1\",\"57\",\"495\",\"330\",\"3\"]],\"controlDescs\":[[\"\",\"\",\"\",\"\",\"\",\"\"]],\"dyn_items\":[{\"id\":3,\"gram\":124.19},{\"id\":4,\"gram\":10325.815},{\"id\":5,\"gram\":531.317},{\"id\":6,\"gram\":38.432}]}', '2026-06-16 17:04:11', '2026-06-17 14:28:40'),
(264, 31, '1405-03-27', '{\"debtors\":[{\"id\":1,\"name\":\"آبشده امینی\",\"amt\":\"30\"},{\"id\":2,\"name\":\"شلاله ادیبی\",\"amt\":\"50.9\"}],\"creditors\":[{\"id\":1,\"name\":\"تنخواه\",\"amt\":\"80.9\"}],\"pettys\":[{\"id\":1,\"desc\":\"مهر\",\"amt\":\"255.3\"},{\"id\":2,\"desc\":\"کشاورزی\",\"amt\":\"140.270\"},{\"id\":3,\"desc\":\"مسکن\",\"amt\":\"10\"},{\"id\":4,\"desc\":\"صندوق\",\"amt\":\"13.3\"}],\"bankers\":[{\"id\":1,\"name\":\"آبشده امینی\",\"amt\":\"34.275\"},{\"id\":2,\"name\":\"نفیس گلد\",\"amt\":\"4.062\"}],\"ceiling\":\"500\",\"matrixValues\":{\"1_1\":\"30\",\"1_2\":\"50.9\"},\"controlRows\":[],\"controlDescs\":[],\"dyn_items\":[{\"id\":3,\"gram\":42.721},{\"id\":4,\"gram\":0},{\"id\":5,\"gram\":36.074},{\"id\":6,\"gram\":12.72}]}', '2026-06-17 10:40:57', '2026-06-17 17:47:42'),
(265, 18, '1405-03-27', '{\"debtors\":[{\"id\":1,\"name\":\"امتیاز رسالت\",\"amt\":\"110.700\"},{\"id\":2,\"name\":\"یاسر \",\"amt\":\"0.650\"},{\"id\":3,\"name\":\"محمد امیدی\",\"amt\":\"0.800\"},{\"id\":4,\"name\":\"خانم رحیمی\",\"amt\":\"18.500\"},{\"id\":5,\"name\":\"کارتخوان سپه\",\"amt\":\"33.7\"},{\"id\":6,\"name\":\"کارتخوان رفاه\",\"amt\":\"38.40\"},{\"id\":7,\"name\":\"تنخواه\",\"amt\":\"8.777\"}],\"creditors\":[{\"id\":1,\"name\":\"امینی\",\"amt\":\"141.527\"},{\"id\":2,\"name\":\"حقوق\",\"amt\":\"70\"}],\"pettys\":[{\"id\":1,\"desc\":\"رفاه\",\"amt\":\"197.014\"},{\"id\":2,\"desc\":\"ملت\",\"amt\":\"182.963\"},{\"id\":3,\"desc\":\"سپه\",\"amt\":\"119.580\"},{\"id\":4,\"desc\":\"پارسیان\",\"amt\":\"129.627\"},{\"id\":5,\"desc\":\"مسکن\",\"amt\":\"62.748\"},{\"id\":6,\"desc\":\"صندوق\",\"amt\":\"16.845\"}],\"bankers\":[{\"id\":1,\"name\":\"امینی\",\"amt\":\"48.786\"},{\"id\":2,\"name\":\"جودیان\",\"amt\":\"7\"}],\"ceiling\":\"700\",\"matrixValues\":{\"1_1\":\"\",\"1_2\":\"\",\"1_3\":\"\",\"1_4\":\"\",\"1_5\":\"\",\"1_6\":\"\",\"1_7\":\"\",\"2_1\":\"\",\"2_2\":\"\",\"2_3\":\"\",\"2_4\":\"\",\"2_5\":\"\",\"2_6\":\"\",\"2_7\":\"\"},\"controlRows\":[],\"controlDescs\":[],\"dyn_items\":[{\"id\":3,\"gram\":177.457},{\"id\":4,\"gram\":0},{\"id\":5,\"gram\":11.888},{\"id\":6,\"gram\":102.862}]}', '2026-06-17 17:02:04', '2026-06-17 17:14:58'),
(266, 19, '1405-03-28', '{\"debtors\":[{\"id\":1,\"name\":\"امینی\",\"amt\":\"463\"},{\"id\":2,\"name\":\"حسین زاهدان\",\"amt\":\"200\"},{\"id\":4,\"name\":\"فهیمه محمدزاده\",\"amt\":\"0.36\"},{\"id\":5,\"name\":\"نگین\",\"amt\":\"0.22\"},{\"id\":6,\"name\":\"حاج احمد محاسنی\",\"amt\":\"0.2\"},{\"id\":7,\"name\":\"لیلا نقی یان(وام رسالت)\",\"amt\":\"0.154\"},{\"id\":9,\"name\":\"اقای فرشباف\",\"amt\":\"5.3\"},{\"id\":10,\"name\":\"معامله نشده\",\"amt\":\"2.142\"}],\"creditors\":[{\"id\":1,\"name\":\"شمیم\",\"amt\":\"0.88\"},{\"id\":2,\"name\":\"امین\",\"amt\":\"12.256\"},{\"id\":3,\"name\":\"قالیچی\",\"amt\":\"20\"},{\"id\":4,\"name\":\"آیلن مهدی مطلق\",\"amt\":\"180\"},{\"id\":5,\"name\":\"جودیان\",\"amt\":\"262.85\"},{\"id\":11,\"name\":\"بانک ها\",\"amt\":\"195.39\"}],\"pettys\":[{\"id\":1,\"desc\":\"ملت1\",\"amt\":\"279.870\"},{\"id\":2,\"desc\":\"ملت3\",\"amt\":\"686.745\"},{\"id\":3,\"desc\":\"مسکن1\",\"amt\":\"1\"},{\"id\":4,\"desc\":\"مسکن3\",\"amt\":\"3.870\"},{\"id\":5,\"desc\":\"رسالت\",\"amt\":\"14.1\"},{\"id\":6,\"desc\":\"شهر\",\"amt\":\"47.88\"},{\"id\":7,\"desc\":\"صندوق\",\"amt\":\"71.145\"}],\"bankers\":[{\"id\":1,\"name\":\"کل\",\"amt\":\"23.398\"}],\"ceiling\":\"1300\",\"matrixValues\":{\"1_1\":\"\",\"1_2\":\"\",\"1_4\":\"\",\"1_5\":\"\",\"1_6\":\"\",\"1_7\":\"\",\"1_9\":\"\",\"1_10\":\"\",\"2_1\":\"\",\"2_2\":\"\",\"2_4\":\"\",\"2_5\":\"\",\"2_6\":\"\",\"2_7\":\"\",\"2_9\":\"\",\"2_10\":\"\",\"3_1\":\"\",\"3_2\":\"\",\"3_4\":\"\",\"3_5\":\"\",\"3_6\":\"\",\"3_7\":\"\",\"3_9\":\"\",\"3_10\":\"\",\"4_1\":\"180\",\"4_2\":\"\",\"4_4\":\"\",\"4_5\":\"\",\"4_6\":\"\",\"4_7\":\"\",\"4_9\":\"\",\"4_10\":\"\",\"5_1\":\"260\",\"5_2\":\"\",\"5_4\":\"\",\"5_5\":\"\",\"5_6\":\"\",\"5_7\":\"\",\"5_9\":\"\",\"5_10\":\"\",\"11_1\":\"\",\"11_2\":\"\",\"11_4\":\"\",\"11_5\":\"\",\"11_6\":\"\",\"11_7\":\"\",\"11_9\":\"\",\"11_10\":\"\"},\"controlRows\":[[\"\",\"\"]],\"controlDescs\":[[\"\",\"\"]],\"dyn_items\":[{\"id\":3,\"gram\":93.974},{\"id\":4,\"gram\":10287.885},{\"id\":5,\"gram\":545.882},{\"id\":6,\"gram\":16.603}]}', '2026-06-18 07:47:37', '2026-06-20 15:29:21'),
(267, 18, '1405-03-28', '{\"debtors\":[{\"id\":1,\"name\":\"رسالت\",\"amt\":\"110.700\"},{\"id\":2,\"name\":\"صمد رنجبر\",\"amt\":\"210\"},{\"id\":3,\"name\":\"یاسر\",\"amt\":\"0.650\"},{\"id\":4,\"name\":\"امیدی\",\"amt\":\"0.800\"},{\"id\":7,\"name\":\"کارتخوان رفاه\",\"amt\":\"20\"},{\"id\":8,\"name\":\"تنخواه\",\"amt\":\"105.641\"},{\"id\":10,\"name\":\"هزینه بانکی\",\"amt\":\"0.006\"}],\"creditors\":[{\"id\":1,\"name\":\"امینی\",\"amt\":\"447.797\"}],\"pettys\":[{\"id\":1,\"desc\":\"ملت\",\"amt\":\"199.253\"},{\"id\":2,\"desc\":\"رفاه\",\"amt\":\"251.209\"},{\"id\":3,\"desc\":\"مسکن\",\"amt\":\"125.448\"},{\"id\":4,\"desc\":\"سپه\",\"amt\":\"83.259\"},{\"id\":5,\"desc\":\"پارسیان\",\"amt\":\"129.627\"},{\"id\":6,\"desc\":\"صندوق\",\"amt\":\"16.845\"}],\"bankers\":[{\"id\":1,\"name\":\"امینی\",\"amt\":\"\"},{\"id\":2,\"name\":\"جودیان\",\"amt\":\"7\"}],\"ceiling\":\"700\",\"matrixValues\":{\"1_1\":\"\",\"1_2\":\"\",\"1_3\":\"\",\"1_4\":\"\",\"1_7\":\"\",\"1_8\":\"\",\"1_10\":\"\"},\"controlRows\":[],\"controlDescs\":[],\"dyn_items\":[{\"id\":3,\"gram\":163.528},{\"id\":4,\"gram\":0},{\"id\":5,\"gram\":11.88},{\"id\":6,\"gram\":98.456}]}', '2026-06-18 16:03:18', '2026-06-18 16:31:39'),
(268, 31, '1405-03-28', '{\"debtors\":[{\"id\":1,\"name\":\"شلاله ادیبی وام رسالت\",\"amt\":\"50.9\"},{\"id\":2,\"name\":\"آرش فخرائی فر\",\"amt\":\"115\"},{\"id\":3,\"name\":\"آبشده امینی\",\"amt\":\"19.7\"}],\"creditors\":[{\"id\":1,\"name\":\"سکه رضایی ( ایراندوست)\",\"amt\":\"129.7\"},{\"id\":2,\"name\":\"تنخواه\",\"amt\":\"55.9\"}],\"pettys\":[{\"id\":1,\"desc\":\"مهر\",\"amt\":\"274.8\"},{\"id\":2,\"desc\":\"کشاورزی\",\"amt\":\"140.270\"},{\"id\":3,\"desc\":\"مسکن\",\"amt\":\"10\"},{\"id\":4,\"desc\":\"صندوق \",\"amt\":\"17.3\"}],\"bankers\":[{\"id\":1,\"name\":\"آبشده امینی\",\"amt\":\"34.927\"},{\"id\":2,\"name\":\"نفیس گلد\",\"amt\":\"4.062\"},{\"id\":3,\"name\":\"سکه رضایی ایراندوست یک عدد ربع سکه و یک عدد نیم سکه\",\"amt\":\"\"}],\"ceiling\":\"500\",\"matrixValues\":{\"1_1\":\"\",\"1_2\":\"115\",\"1_3\":\"14.7\",\"2_1\":\"50.9\",\"2_2\":\"\",\"2_3\":\"5\"},\"controlRows\":[],\"controlDescs\":[],\"dyn_items\":[{\"id\":3,\"gram\":42.721},{\"id\":4,\"gram\":0},{\"id\":5,\"gram\":36.575},{\"id\":6,\"gram\":12.72}]}', '2026-06-18 16:10:49', '2026-06-18 16:23:56'),
(269, 19, '1405-03-30', '{\"debtors\":[{\"id\":1,\"name\":\"نسرین احمدیان\",\"amt\":\"84\"},{\"id\":2,\"name\":\"تیموری\",\"amt\":\"11\"},{\"id\":3,\"name\":\"مسکن\",\"amt\":\"751.1\"},{\"id\":4,\"name\":\"امینی\",\"amt\":\"925.14\"},{\"id\":5,\"name\":\"جودیان\",\"amt\":\"2.150\"},{\"id\":6,\"name\":\"احمد محاسنی\",\"amt\":\"0.2\"},{\"id\":7,\"name\":\"نقیان\",\"amt\":\"0.154\"},{\"id\":10,\"name\":\"نگین\",\"amt\":\"0.22\"},{\"id\":12,\"name\":\"بانک ها \",\"amt\":\"0\"}],\"creditors\":[{\"id\":1,\"name\":\"شهین احمدی\",\"amt\":\"300\"},{\"id\":2,\"name\":\"رضایی\",\"amt\":\"745.6\"},{\"id\":3,\"name\":\"آیلین مهدی مطلق\",\"amt\":\"180\"},{\"id\":4,\"name\":\"تاری زاده\",\"amt\":\"135\"},{\"id\":5,\"name\":\"زهرا طاهری-احسان\",\"amt\":\"90\"},{\"id\":6,\"name\":\"بانک ها\",\"amt\":\"167.39\"},{\"id\":8,\"name\":\"قالیچی\",\"amt\":\"20\"},{\"id\":9,\"name\":\"شمیم\",\"amt\":\"0.88\"},{\"id\":11,\"name\":\"امین\",\"amt\":\"12.256\"},{\"id\":13,\"name\":\"چک امیر فرشباف \",\"amt\":\"125\"}],\"pettys\":[{\"id\":1,\"desc\":\"ملت1\",\"amt\":\"295.245\"},{\"id\":2,\"desc\":\"ملت3\",\"amt\":\"564.260\"},{\"id\":3,\"desc\":\"مسکن1\",\"amt\":\"1\"},{\"id\":4,\"desc\":\"مسکن3\",\"amt\":\"3.870\"},{\"id\":5,\"desc\":\"رسالت\",\"amt\":\"14.276\"},{\"id\":6,\"desc\":\"شهر\",\"amt\":\"182.814\"},{\"id\":7,\"desc\":\"صندوق\",\"amt\":\"71.145\"}],\"bankers\":[{\"id\":1,\"name\":\"\",\"amt\":\"2.160\"}],\"ceiling\":\"1300\",\"matrixValues\":{\"1_1\":\"\",\"1_2\":\"\",\"1_3\":\"\",\"1_4\":\"300\",\"1_5\":\"\",\"1_6\":\"\",\"1_7\":\"\",\"1_10\":\"\",\"1_12\":\"\",\"2_1\":\"\",\"2_2\":\"\",\"2_3\":\"\",\"2_4\":\"\",\"2_5\":\"\",\"2_6\":\"\",\"2_7\":\"\",\"2_10\":\"\",\"2_12\":\"745.6\",\"3_1\":\"\",\"3_2\":\"\",\"3_3\":\"\",\"3_4\":\"180\",\"3_5\":\"\",\"3_6\":\"\",\"3_7\":\"\",\"3_10\":\"\",\"3_12\":\"\",\"4_1\":\"\",\"4_2\":\"\",\"4_3\":\"\",\"4_4\":\"135\",\"4_5\":\"\",\"4_6\":\"\",\"4_7\":\"\",\"4_10\":\"\",\"4_12\":\"\",\"5_1\":\"\",\"5_2\":\"\",\"5_3\":\"\",\"5_4\":\"90\",\"5_5\":\"\",\"5_6\":\"\",\"5_7\":\"\",\"5_10\":\"\",\"5_12\":\"\",\"6_1\":\"84\",\"6_2\":\"11\",\"6_3\":\"751.1\",\"6_4\":\"200\",\"6_5\":\"\",\"6_6\":\"\",\"6_7\":\"\",\"6_10\":\"\",\"6_12\":\"\",\"8_1\":\"\",\"8_2\":\"\",\"8_3\":\"\",\"8_4\":\"\",\"8_5\":\"\",\"8_6\":\"\",\"8_7\":\"\",\"8_10\":\"\",\"8_12\":\"\",\"9_1\":\"\",\"9_2\":\"\",\"9_3\":\"\",\"9_4\":\"\",\"9_5\":\"\",\"9_6\":\"\",\"9_7\":\"\",\"9_10\":\"\",\"9_12\":\"\",\"11_1\":\"\",\"11_2\":\"\",\"11_3\":\"\",\"11_4\":\"\",\"11_5\":\"\",\"11_6\":\"\",\"11_7\":\"\",\"11_10\":\"\",\"11_12\":\"\",\"13_1\":\"\",\"13_2\":\"\",\"13_3\":\"\",\"13_4\":\"\",\"13_5\":\"\",\"13_6\":\"\",\"13_7\":\"\",\"13_10\":\"\",\"13_12\":\"\"},\"controlRows\":[[\"0\",\"\",\"\",\"\",\"\",\"\",\"\",\"\",\"\"]],\"controlDescs\":[[\"\",\"\",\"\",\"\",\"\",\"\",\"\",\"\",\"\"]],\"dyn_items\":[{\"id\":3,\"gram\":93.974},{\"id\":4,\"gram\":10277.736},{\"id\":5,\"gram\":536.868},{\"id\":6,\"gram\":22.344}]}', '2026-06-20 09:16:06', '2026-06-20 18:18:18'),
(270, 18, '1405-03-30', '{\"debtors\":[{\"id\":1,\"name\":\"امتیار رسالت\",\"amt\":\"110.700\"},{\"id\":2,\"name\":\"یاسر \",\"amt\":\"0.650\"},{\"id\":3,\"name\":\"امیدی\",\"amt\":\"0.800\"},{\"id\":4,\"name\":\"کارتخوان\",\"amt\":\"39\"},{\"id\":5,\"name\":\"تنخواه\",\"amt\":\"33.04\"},{\"id\":6,\"name\":\"کارمزد تامین اجتماعی\",\"amt\":\"26.523\"}],\"creditors\":[{\"id\":1,\"name\":\"امینی\",\"amt\":\"210.716\"}],\"pettys\":[{\"id\":1,\"desc\":\"ملت\",\"amt\":\"192.192\"},{\"id\":2,\"desc\":\"رفاه\",\"amt\":\"103.173\"},{\"id\":3,\"desc\":\"مسکن\",\"amt\":\"164.948\"},{\"id\":4,\"desc\":\"پارساین\",\"amt\":\"172.623\"},{\"id\":5,\"desc\":\"سپه\",\"amt\":\"83.259\"},{\"id\":6,\"desc\":\"صندوق\",\"amt\":\"16.845\"}],\"bankers\":[{\"id\":1,\"name\":\"امینی\",\"amt\":\"19.484\"},{\"id\":2,\"name\":\"جودیان\",\"amt\":\"7\"}],\"ceiling\":\"700\",\"matrixValues\":{\"1_1\":\"\",\"1_2\":\"\",\"1_3\":\"\",\"1_4\":\"\",\"1_5\":\"\",\"1_6\":\"\"},\"controlRows\":[],\"controlDescs\":[],\"dyn_items\":[{\"id\":3,\"gram\":224.829},{\"id\":4,\"gram\":0},{\"id\":5,\"gram\":11.88},{\"id\":6,\"gram\":96.738}]}', '2026-06-20 16:55:18', '2026-06-20 17:18:44'),
(271, 31, '1405-03-30', '{\"debtors\":[{\"id\":1,\"name\":\"آرش فخرائی فر\",\"amt\":\"40\"},{\"id\":2,\"name\":\"آبشده امینی\",\"amt\":\"628.2\"},{\"id\":3,\"name\":\"شلاله ادیبی وام رسالت\",\"amt\":\"50.9\"}],\"creditors\":[{\"id\":1,\"name\":\"مهری کاظمی\",\"amt\":\"396\"},{\"id\":2,\"name\":\"رضا کارگر\",\"amt\":\"247.5\"},{\"id\":3,\"name\":\"تنخواه\",\"amt\":\"75.6\"}],\"pettys\":[{\"id\":1,\"desc\":\"مهر\",\"amt\":\"255\"},{\"id\":2,\"desc\":\"کشاورزی\",\"amt\":\"140.27\"},{\"id\":3,\"desc\":\"مسکن\",\"amt\":\"10\"},{\"id\":4,\"desc\":\"صندوق\",\"amt\":\"18.3\"}],\"bankers\":[{\"id\":1,\"name\":\"آبشده امینی\",\"amt\":\"-2.946\"},{\"id\":2,\"name\":\"نفیس گلد\",\"amt\":\"4.062\"}],\"ceiling\":\"500\",\"matrixValues\":{\"1_1\":\"40\",\"1_2\":\"356\",\"1_3\":\"\",\"2_1\":\"\",\"2_2\":\"196.6\",\"2_3\":\"50.9\",\"3_1\":\"\",\"3_2\":\"75.6\",\"3_3\":\"\"},\"controlRows\":[],\"controlDescs\":[],\"dyn_items\":[{\"id\":3,\"gram\":42.721},{\"id\":4,\"gram\":0},{\"id\":5,\"gram\":38.709},{\"id\":6,\"gram\":12.72}]}', '2026-06-20 17:22:53', '2026-06-20 17:49:19'),
(272, 18, '1405-03-31', '{\"debtors\":[{\"id\":1,\"name\":\"رسالت\",\"amt\":\"110.700\"},{\"id\":2,\"name\":\"مهدیه مداحی \",\"amt\":\"31.100\"},{\"id\":3,\"name\":\"مهدیه مداحی (وجوه در راه)\",\"amt\":\"35\"},{\"id\":4,\"name\":\"یاسر \",\"amt\":\"0.650\"},{\"id\":5,\"name\":\"کارتخوان\",\"amt\":\"0.500\"},{\"id\":7,\"name\":\"تنخواه\",\"amt\":\"26.408\"},{\"id\":10,\"name\":\"هزینه ی قبوض\",\"amt\":\"0.500\"},{\"id\":11,\"name\":\"هزینه ی تامین اجتماعی + مغازه\",\"amt\":\"27.198\"}],\"creditors\":[{\"id\":1,\"name\":\"امینی\",\"amt\":\"232.056\"}],\"pettys\":[{\"id\":1,\"desc\":\"ملت\",\"amt\":\"125.194\"},{\"id\":2,\"desc\":\"رفاه\",\"amt\":\"184.913\"},{\"id\":3,\"desc\":\"مسکن\",\"amt\":\"104.942\"},{\"id\":4,\"desc\":\"پارسیان\",\"amt\":\"172.623\"},{\"id\":5,\"desc\":\"سپه\",\"amt\":\"122.751\"},{\"id\":6,\"desc\":\"صندوق\",\"amt\":\"15.985\"}],\"bankers\":[{\"id\":1,\"name\":\"امینی\",\"amt\":\"33.872\"},{\"id\":2,\"name\":\"جودیان\",\"amt\":\"7\"}],\"ceiling\":\"700\",\"matrixValues\":{\"1_1\":\"\",\"1_2\":\"\",\"1_3\":\"\",\"1_4\":\"\",\"1_5\":\"\",\"1_7\":\"\",\"1_10\":\"\",\"1_11\":\"\"},\"controlRows\":[],\"controlDescs\":[],\"dyn_items\":[{\"id\":3,\"gram\":224.829},{\"id\":4,\"gram\":0},{\"id\":5,\"gram\":11.888},{\"id\":6,\"gram\":0}]}', '2026-06-21 16:44:10', '2026-06-21 17:35:20'),
(273, 31, '1405-03-31', '{\"debtors\":[{\"id\":1,\"name\":\"شلاله ادیبی وام رسالت\",\"amt\":\"50.9\"},{\"id\":2,\"name\":\"تنخواه\",\"amt\":\"178.1\"}],\"creditors\":[{\"id\":1,\"name\":\"زهرا رضایی\",\"amt\":\"99\"},{\"id\":2,\"name\":\"آبشده امینی\",\"amt\":\"130\"}],\"pettys\":[{\"id\":1,\"desc\":\"مهر\",\"amt\":\"509\"},{\"id\":2,\"desc\":\"کشاورزی\",\"amt\":\"140.270\"},{\"id\":3,\"desc\":\"مسکن\",\"amt\":\"10\"},{\"id\":4,\"desc\":\"صندوق\",\"amt\":\"19.5\"}],\"bankers\":[{\"id\":1,\"name\":\"\",\"amt\":\"\"}],\"ceiling\":\"500\",\"matrixValues\":{\"1_1\":\"50.9\",\"1_2\":\"48.1\",\"2_1\":\"\",\"2_2\":\"130\"},\"controlRows\":[],\"controlDescs\":[],\"dyn_items\":[{\"id\":3,\"gram\":24.604},{\"id\":4,\"gram\":0},{\"id\":5,\"gram\":38.709},{\"id\":6,\"gram\":12.72}]}', '2026-06-21 17:38:46', '2026-06-21 17:46:47');
INSERT INTO `daily_reports` (`id`, `user_id`, `report_date`, `report_data`, `created_at`, `updated_at`) VALUES
(274, 19, '1405-04-01', '{\"debtors\":[{\"id\":1,\"name\":\"بانک ها\",\"amt\":\"332.79\"},{\"id\":2,\"name\":\"زهرا ناصری\",\"amt\":\"246.280\"},{\"id\":4,\"name\":\"بهروز ناصری\",\"amt\":\"3.9\"},{\"id\":5,\"name\":\"جودیان\",\"amt\":\"2.1\"},{\"id\":6,\"name\":\"نگین\",\"amt\":\"0.22\"},{\"id\":7,\"name\":\"محاسنی\",\"amt\":\"0.2\"},{\"id\":9,\"name\":\"سپرده گذاران\",\"amt\":\"10.86\"},{\"id\":11,\"name\":\"معامله نشده\",\"amt\":\"91\"}],\"creditors\":[{\"id\":1,\"name\":\"شهین احمدی\",\"amt\":\"408.2\"},{\"id\":2,\"name\":\"امینی\",\"amt\":\"245.6\"},{\"id\":3,\"name\":\"قالیچی\",\"amt\":\"20\"},{\"id\":4,\"name\":\"امین\",\"amt\":\"12.256\"},{\"id\":5,\"name\":\"شمیم\",\"amt\":\"0.88\"},{\"id\":6,\"name\":\"رضایی\",\"amt\":\"0.2\"},{\"id\":7,\"name\":\"بانک ها\",\"amt\":\"0\"}],\"pettys\":[{\"id\":1,\"desc\":\"ملت1\",\"amt\":\"174.226\"},{\"id\":2,\"desc\":\"ملت3\",\"amt\":\"301.582\"},{\"id\":3,\"desc\":\"مسکن1\",\"amt\":\"1\"},{\"id\":4,\"desc\":\"مسکن3\",\"amt\":\"180\"},{\"id\":5,\"desc\":\"رسالت\",\"amt\":\"12.127\"},{\"id\":6,\"desc\":\"شهر\",\"amt\":\"603\"},{\"id\":7,\"desc\":\"صندوق\",\"amt\":\"60.855\"}],\"bankers\":[{\"id\":1,\"name\":\"کل\",\"amt\":\"30\"}],\"ceiling\":\"1000\",\"matrixValues\":{\"1_1\":\"408.2\",\"1_2\":\"\",\"1_4\":\"\",\"1_5\":\"\",\"1_6\":\"\",\"1_7\":\"\",\"1_9\":\"\",\"1_11\":\"\",\"2_1\":\"\",\"2_2\":\"242\",\"2_4\":\"\",\"2_5\":\"\",\"2_6\":\"\",\"2_7\":\"\",\"2_9\":\"\",\"2_11\":\"\",\"3_1\":\"\",\"3_2\":\"\",\"3_4\":\"\",\"3_5\":\"\",\"3_6\":\"\",\"3_7\":\"\",\"3_9\":\"\",\"3_11\":\"\",\"4_1\":\"\",\"4_2\":\"\",\"4_4\":\"\",\"4_5\":\"\",\"4_6\":\"\",\"4_7\":\"\",\"4_9\":\"\",\"4_11\":\"\",\"5_1\":\"\",\"5_2\":\"\",\"5_4\":\"\",\"5_5\":\"\",\"5_6\":\"\",\"5_7\":\"\",\"5_9\":\"\",\"5_11\":\"\",\"6_1\":\"\",\"6_2\":\"\",\"6_4\":\"\",\"6_5\":\"\",\"6_6\":\"\",\"6_7\":\"\",\"6_9\":\"\",\"6_11\":\"\",\"7_1\":\"\",\"7_2\":\"4.28\",\"7_4\":\"3.9\",\"7_5\":\"\",\"7_6\":\"\",\"7_7\":\"0.2\",\"7_9\":\"10.860\",\"7_11\":\"91\"},\"controlRows\":[[\"0\",\"228.420\",\"0\",\"\",\"\",\"\",\"\"],[\"0\",\"\",\"\",\"\",\"\",\"\",\"\"]],\"controlDescs\":[[\"\",\"به مشتری\",\"\",\"\",\"\",\"\",\"\"],[\"\",\"\",\"\",\"\",\"\",\"\",\"\"]],\"dyn_items\":[{\"id\":3,\"gram\":84.694},{\"id\":4,\"gram\":9909.475},{\"id\":5,\"gram\":786.173},{\"id\":6,\"gram\":8.289}]}', '2026-06-22 09:04:15', '2026-06-23 10:26:57'),
(275, 18, '1405-04-01', '{\"debtors\":[{\"id\":1,\"name\":\"امتیاز رسالت \",\"amt\":\"110.700\"},{\"id\":2,\"name\":\"کارمزد تامین اجتماعی \",\"amt\":\"26.523\"},{\"id\":3,\"name\":\"یاسر  \",\"amt\":\"0.650\"},{\"id\":4,\"name\":\"کارتخوان سپه \",\"amt\":\"5.200\"},{\"id\":5,\"name\":\"امتیاز رسالت (صالحی)\",\"amt\":\"30\"},{\"id\":6,\"name\":\"امیر اقا\",\"amt\":\"15\"},{\"id\":8,\"name\":\"تنخواه\",\"amt\":\"190.014\"}],\"creditors\":[{\"id\":1,\"name\":\"امینی\",\"amt\":\"378.087\"}],\"pettys\":[{\"id\":1,\"desc\":\"ملت\",\"amt\":\"215.863\"},{\"id\":2,\"desc\":\"رفاه\",\"amt\":\"303.086\"},{\"id\":3,\"desc\":\"پارسیان\",\"amt\":\"157.618\"},{\"id\":4,\"desc\":\"مسکن\",\"amt\":\"104.942\"},{\"id\":5,\"desc\":\"\",\"amt\":\"92.645\"},{\"id\":6,\"desc\":\"\",\"amt\":\"15.860\"}],\"bankers\":[{\"id\":1,\"name\":\"امینی\",\"amt\":\"43.031\"},{\"id\":2,\"name\":\"جودیان\",\"amt\":\"7\"}],\"ceiling\":\"700\",\"matrixValues\":{\"1_1\":\"\",\"1_2\":\"\",\"1_3\":\"\",\"1_4\":\"\",\"1_5\":\"\",\"1_6\":\"\",\"1_8\":\"\"},\"controlRows\":[],\"controlDescs\":[],\"dyn_items\":[{\"id\":3,\"gram\":224.829},{\"id\":4,\"gram\":0},{\"id\":5,\"gram\":10.947},{\"id\":6,\"gram\":89.192}]}', '2026-06-22 16:36:12', '2026-06-22 17:12:15'),
(276, 31, '1405-04-01', '{\"debtors\":[{\"id\":1,\"name\":\"شلاله ادیبی وام رسالت\",\"amt\":\"50.9\"},{\"id\":2,\"name\":\"رضا جلیل زاده\",\"amt\":\"40\"},{\"id\":3,\"name\":\"تنخواه\",\"amt\":\"206.3\"}],\"creditors\":[{\"id\":1,\"name\":\"آبشده امینی\",\"amt\":\"297.2\"}],\"pettys\":[{\"id\":1,\"desc\":\"مهر\",\"amt\":\"548.750\"},{\"id\":2,\"desc\":\"کشاورزی\",\"amt\":\"130.27\"},{\"id\":3,\"desc\":\"مسکن\",\"amt\":\"10\"},{\"id\":4,\"desc\":\"صندوق\",\"amt\":\"17.2\"}],\"bankers\":[{\"id\":1,\"name\":\"آبشده امینی\",\"amt\":\"33.595\"},{\"id\":2,\"name\":\"نفیس گلد\",\"amt\":\"4.062\"}],\"ceiling\":\"500\",\"matrixValues\":{\"1_1\":\"50.9\",\"1_2\":\"40\",\"1_3\":\"206.3\"},\"controlRows\":[],\"controlDescs\":[],\"dyn_items\":[{\"id\":3,\"gram\":24.604},{\"id\":4,\"gram\":0},{\"id\":5,\"gram\":38.084},{\"id\":6,\"gram\":12.72}]}', '2026-06-22 16:59:24', '2026-06-22 17:15:39'),
(277, 18, '1405-04-02', '{\"debtors\":[{\"id\":1,\"name\":\"یاسر\",\"amt\":\"16.250\"},{\"id\":2,\"name\":\"تنخواه\",\"amt\":\"510.377\"},{\"id\":3,\"name\":\"امتیاز رسالت\",\"amt\":\"110.700\"},{\"id\":4,\"name\":\"کارمزد تامین اجتماعی\",\"amt\":\"26.523\"},{\"id\":5,\"name\":\"کارتخوان سپه\",\"amt\":\"49.750\"},{\"id\":6,\"name\":\"امتیاز رسالت صالحی\",\"amt\":\"30\"},{\"id\":8,\"name\":\"یلدا قاسم زاده\",\"amt\":\"441\"}],\"creditors\":[{\"id\":1,\"name\":\"رضایی\",\"amt\":\"210.600\"},{\"id\":2,\"name\":\"امینی\",\"amt\":\"953.028\"},{\"id\":3,\"name\":\"هزینه\",\"amt\":\"0.372\"},{\"id\":4,\"name\":\"هزینه\",\"amt\":\"20.6\"}],\"pettys\":[{\"id\":1,\"desc\":\"ملت\",\"amt\":\"232.863\"},{\"id\":2,\"desc\":\"مسکن\",\"amt\":\"355.192\"},{\"id\":3,\"desc\":\"سپه\",\"amt\":\"58.036\"},{\"id\":4,\"desc\":\"رفاه\",\"amt\":\"360.918\"},{\"id\":5,\"desc\":\"پارسیان\",\"amt\":\"187.618\"},{\"id\":6,\"desc\":\"اسکناس\",\"amt\":\"15.750\"}],\"bankers\":[{\"id\":1,\"name\":\"امینی\",\"amt\":\"82.362\"},{\"id\":2,\"name\":\"جودیان\",\"amt\":\"7\"}],\"ceiling\":\"700\",\"matrixValues\":{\"1_1\":\"\",\"1_2\":\"\",\"1_3\":\"\",\"1_4\":\"\",\"1_5\":\"\",\"1_6\":\"\",\"1_8\":\"\",\"2_1\":\"\",\"2_2\":\"\",\"2_3\":\"\",\"2_4\":\"\",\"2_5\":\"\",\"2_6\":\"\",\"2_8\":\"\",\"3_1\":\"\",\"3_2\":\"\",\"3_3\":\"\",\"3_4\":\"\",\"3_5\":\"\",\"3_6\":\"\",\"3_8\":\"\",\"4_1\":\"\",\"4_2\":\"\",\"4_3\":\"\",\"4_4\":\"\",\"4_5\":\"\",\"4_6\":\"\",\"4_8\":\"\"},\"controlRows\":[],\"controlDescs\":[],\"dyn_items\":[{\"id\":3,\"gram\":0},{\"id\":4,\"gram\":0},{\"id\":5,\"gram\":0},{\"id\":6,\"gram\":0}]}', '2026-06-23 14:00:02', '2026-06-27 10:22:37'),
(278, 19, '1405-04-02', '{\"debtors\":[{\"id\":1,\"name\":\"بانک ها\",\"amt\":\"79.247\"},{\"id\":2,\"name\":\"امینی\",\"amt\":\"22.9\"},{\"id\":3,\"name\":\"زهرا ناصری\",\"amt\":\"17.860\"},{\"id\":4,\"name\":\"جودیان\",\"amt\":\"2.1\"},{\"id\":5,\"name\":\"نگین\",\"amt\":\"0.22\"},{\"id\":6,\"name\":\"محاسنی\",\"amt\":\"0.2\"},{\"id\":7,\"name\":\"لیلا نقی یان\",\"amt\":\"0.154\"}],\"creditors\":[{\"id\":1,\"name\":\"شمیم\",\"amt\":\"0.88\"},{\"id\":2,\"name\":\"قالیچی\",\"amt\":\"20\"},{\"id\":3,\"name\":\"امین\",\"amt\":\"12.256\"},{\"id\":4,\"name\":\"رضایی\",\"amt\":\"0.2\"},{\"id\":5,\"name\":\"حمید حمیدی\",\"amt\":\"41.5\"},{\"id\":7,\"name\":\"سپرده گذاران\",\"amt\":\"20.5\"},{\"id\":8,\"name\":\"معامله نشده\",\"amt\":\"27.345\"},{\"id\":9,\"name\":\"بانک ها \",\"amt\":\"0\"}],\"pettys\":[{\"id\":1,\"desc\":\"ملت1\",\"amt\":\"43.330\"},{\"id\":2,\"desc\":\"ملت3\",\"amt\":\"301.582\"},{\"id\":3,\"desc\":\"مسکن1\",\"amt\":\"1\"},{\"id\":4,\"desc\":\"مسکن3\",\"amt\":\"0.060\"},{\"id\":5,\"desc\":\"رسالت\",\"amt\":\"26.105\"},{\"id\":6,\"desc\":\"شهر\",\"amt\":\"653.340\"},{\"id\":7,\"desc\":\"صندوق\",\"amt\":\"53.830\"}],\"bankers\":[{\"id\":1,\"name\":\"کل\",\"amt\":\"31.035\"}],\"ceiling\":\"1000\",\"matrixValues\":{\"1_1\":\"\",\"1_2\":\"\",\"1_3\":\"\",\"1_4\":\"\",\"1_5\":\"\",\"1_6\":\"\",\"1_7\":\"\",\"2_1\":\"\",\"2_2\":\"\",\"2_3\":\"\",\"2_4\":\"\",\"2_5\":\"\",\"2_6\":\"\",\"2_7\":\"\",\"3_1\":\"\",\"3_2\":\"\",\"3_3\":\"\",\"3_4\":\"\",\"3_5\":\"\",\"3_6\":\"\",\"3_7\":\"\",\"4_1\":\"\",\"4_2\":\"\",\"4_3\":\"\",\"4_4\":\"\",\"4_5\":\"\",\"4_6\":\"\",\"4_7\":\"\",\"5_1\":\"\",\"5_2\":\"\",\"5_3\":\"\",\"5_4\":\"\",\"5_5\":\"\",\"5_6\":\"\",\"5_7\":\"\",\"7_1\":\"20.5\",\"7_2\":\"\",\"7_3\":\"\",\"7_4\":\"\",\"7_5\":\"\",\"7_6\":\"\",\"7_7\":\"\",\"8_1\":\"27.345\",\"8_2\":\"\",\"8_3\":\"\",\"8_4\":\"\",\"8_5\":\"\",\"8_6\":\"\",\"8_7\":\"\",\"9_1\":\"\",\"9_2\":\"\",\"9_3\":\"17.86\",\"9_4\":\"\",\"9_5\":\"\",\"9_6\":\"\",\"9_7\":\"\"},\"controlRows\":[],\"controlDescs\":[],\"dyn_items\":[{\"id\":3,\"gram\":84.694},{\"id\":4,\"gram\":9912.65},{\"id\":5,\"gram\":783.334},{\"id\":6,\"gram\":8.289}]}', '2026-06-23 16:37:48', '2026-06-26 16:50:21'),
(279, 31, '1405-04-02', '{\"debtors\":[{\"id\":1,\"name\":\"شلاله ادیبی وام رسالت\",\"amt\":\"50.9\"},{\"id\":2,\"name\":\"عزیزعه صفرنژاد\",\"amt\":\"0.587\"},{\"id\":3,\"name\":\"رضا جلیل زاده سامع\",\"amt\":\"40\"},{\"id\":4,\"name\":\"تنخواه\",\"amt\":\"199.5\"}],\"creditors\":[{\"id\":1,\"name\":\"آبشده امینی\",\"amt\":\"290.987\"}],\"pettys\":[{\"id\":1,\"desc\":\"مهر\",\"amt\":\"541.9\"},{\"id\":2,\"desc\":\"کشاورزی\",\"amt\":\"130.270\"},{\"id\":3,\"desc\":\"مسکن\",\"amt\":\"10\"},{\"id\":4,\"desc\":\"صندوق\",\"amt\":\"17.2\"}],\"bankers\":[{\"id\":1,\"name\":\"آبشده امینی\",\"amt\":\"33.206\"},{\"id\":2,\"name\":\"نفیس گلد\",\"amt\":\"4.062\"}],\"ceiling\":\"500\",\"matrixValues\":{\"1_1\":\"50.9\",\"1_2\":\"0.587\",\"1_3\":\"40\",\"1_4\":\"199.5\"},\"controlRows\":[],\"controlDescs\":[],\"dyn_items\":[{\"id\":3,\"gram\":24.604},{\"id\":4,\"gram\":0},{\"id\":5,\"gram\":38.084},{\"id\":6,\"gram\":13.71}]}', '2026-06-23 17:02:38', '2026-06-23 17:13:28'),
(280, 18, '1405-04-06', '{\"debtors\":[{\"id\":1,\"name\":\"یاسر\",\"amt\":\"16.550\"},{\"id\":2,\"name\":\"تنخواه\",\"amt\":\"610.694\"},{\"id\":3,\"name\":\"امتیاز رسالت \",\"amt\":\"141.300\"},{\"id\":4,\"name\":\"کارمزد تامین اجتماعی\",\"amt\":\"26.523\"},{\"id\":6,\"name\":\"یلدا قاسم زاده\",\"amt\":\"441\"},{\"id\":7,\"name\":\"کارتخوان\",\"amt\":\"2.150\"}],\"creditors\":[{\"id\":1,\"name\":\"امینی\",\"amt\":\"1027.598\"},{\"id\":2,\"name\":\"رضایی\",\"amt\":\"210.600\"},{\"id\":3,\"name\":\"هزینه ها\",\"amt\":\"0.019\"}],\"pettys\":[{\"id\":1,\"desc\":\"ملت\",\"amt\":\"224.860\"},{\"id\":2,\"desc\":\"مسکن\",\"amt\":\"355.192\"},{\"id\":3,\"desc\":\"سپه\",\"amt\":\"107.776\"},{\"id\":4,\"desc\":\"رفاه\",\"amt\":\"319.488\"},{\"id\":5,\"desc\":\"پارسیان\",\"amt\":\"287.618\"},{\"id\":6,\"desc\":\"اسکناس\",\"amt\":\"15.760\"}],\"bankers\":[{\"id\":1,\"name\":\"امینی\",\"amt\":\"86.904\"},{\"id\":2,\"name\":\"جودیان\",\"amt\":\"7\"}],\"ceiling\":\"700\",\"matrixValues\":{\"1_1\":\"\",\"1_2\":\"\",\"1_3\":\"\",\"1_4\":\"\",\"1_6\":\"\",\"1_7\":\"\",\"2_1\":\"\",\"2_2\":\"\",\"2_3\":\"\",\"2_4\":\"\",\"2_6\":\"\",\"2_7\":\"\",\"3_1\":\"\",\"3_2\":\"\",\"3_3\":\"\",\"3_4\":\"\",\"3_6\":\"\",\"3_7\":\"\"},\"controlRows\":[],\"controlDescs\":[],\"dyn_items\":[{\"id\":3,\"gram\":195.755},{\"id\":4,\"gram\":0},{\"id\":5,\"gram\":13.115},{\"id\":6,\"gram\":84.177}]}', '2026-06-27 08:26:00', '2026-06-27 17:17:43'),
(281, 19, '1405-04-06', '{\"debtors\":[{\"id\":1,\"name\":\"بانک ها\",\"amt\":\"162.232\"},{\"id\":2,\"name\":\"اسد عباسی\",\"amt\":\"164.2\"},{\"id\":6,\"name\":\"جودیان\",\"amt\":\"2.1\"}],\"creditors\":[{\"id\":1,\"name\":\"شمیم\",\"amt\":\"0.88\"},{\"id\":2,\"name\":\"امین\",\"amt\":\"12.256\"},{\"id\":3,\"name\":\"قالیچی\",\"amt\":\"20\"},{\"id\":4,\"name\":\"حمید حمیدی\",\"amt\":\"41.5\"},{\"id\":5,\"name\":\"امینی\",\"amt\":\"188.7\"},{\"id\":6,\"name\":\"رضایی\",\"amt\":\"0.2\"},{\"id\":7,\"name\":\"معامله نشده\",\"amt\":\"65\"}],\"pettys\":[{\"id\":1,\"desc\":\"ملت 1\",\"amt\":\"20.363\"},{\"id\":2,\"desc\":\"ملت3\",\"amt\":\"323.332\"},{\"id\":3,\"desc\":\"مسکن1\",\"amt\":\"32.803\"},{\"id\":4,\"desc\":\"مسکن3\",\"amt\":\"0\"},{\"id\":5,\"desc\":\"رسالت\",\"amt\":\"262.694\"},{\"id\":6,\"desc\":\"شهر\",\"amt\":\"474.575\"},{\"id\":7,\"desc\":\"صندوق\",\"amt\":\"48.465\"}],\"bankers\":[{\"id\":1,\"name\":\"کل\",\"amt\":\"43.822\"}],\"ceiling\":\"1000\",\"matrixValues\":{\"1_1\":\"\",\"1_2\":\"\",\"1_6\":\"\",\"2_1\":\"\",\"2_2\":\"\",\"2_6\":\"\",\"3_1\":\"\",\"3_2\":\"\",\"3_6\":\"\",\"4_1\":\"\",\"4_2\":\"\",\"4_6\":\"\",\"5_1\":\"23.8\",\"5_2\":\"164.2\",\"5_6\":\"\",\"6_1\":\"\",\"6_2\":\"\",\"6_6\":\"\",\"7_1\":\"\",\"7_2\":\"\",\"7_6\":\"\"},\"controlRows\":[[\"23.8\",\"164.2\"],[\"\",\"\"]],\"controlDescs\":[[\"\",\"\"],[\"\",\"\"]],\"dyn_items\":[{\"id\":3,\"gram\":97.369},{\"id\":4,\"gram\":9912.65},{\"id\":5,\"gram\":820.9},{\"id\":6,\"gram\":25.259}]}', '2026-06-27 09:07:37', '2026-06-28 09:08:25'),
(282, 31, '1405-04-06', '{\"debtors\":[{\"id\":1,\"name\":\"رضا سامع\",\"amt\":\"40\"},{\"id\":4,\"name\":\"تنخواه\",\"amt\":\"341.687\"}],\"creditors\":[{\"id\":1,\"name\":\"آبشده امینی\",\"amt\":\"381.687\"}],\"pettys\":[{\"id\":1,\"desc\":\"مهر\",\"amt\":\"699.07\"},{\"id\":2,\"desc\":\"کشاورزی\",\"amt\":\"115.260\"},{\"id\":3,\"desc\":\"مسکن\",\"amt\":\"10\"},{\"id\":4,\"desc\":\"صندوق\",\"amt\":\"17.2\"}],\"bankers\":[{\"id\":1,\"name\":\"آبشده امینی\",\"amt\":\"38.725\"},{\"id\":2,\"name\":\"نفیس گلد\",\"amt\":\"4.062\"}],\"ceiling\":\"500\",\"matrixValues\":{\"1_1\":\"40\",\"1_4\":\"341.687\"},\"controlRows\":[],\"controlDescs\":[],\"dyn_items\":[{\"id\":3,\"gram\":24.604},{\"id\":4,\"gram\":0},{\"id\":5,\"gram\":37.167},{\"id\":6,\"gram\":10.8}]}', '2026-06-27 17:08:17', '2026-06-27 17:25:46');

-- --------------------------------------------------------

--
-- Table structure for table `dynamic_items`
--

CREATE TABLE `dynamic_items` (
  `id` int(11) NOT NULL,
  `name` varchar(255) NOT NULL,
  `sort_order` int(11) DEFAULT 0,
  `active` tinyint(1) DEFAULT 1,
  `created_at` timestamp NOT NULL DEFAULT current_timestamp()
) ENGINE=InnoDB DEFAULT CHARSET=utf8mb4 COLLATE=utf8mb4_unicode_ci;

--
-- Dumping data for table `dynamic_items`
--

INSERT INTO `dynamic_items` (`id`, `name`, `sort_order`, `active`, `created_at`) VALUES
(3, 'آبشده مغازه', 0, 1, '2026-05-09 07:48:52'),
(4, 'سپرده گذاران مدت دار', 0, 1, '2026-05-09 07:49:15'),
(5, 'آتیه طلا', 0, 1, '2026-05-09 07:49:18'),
(6, 'مستعمل', 0, 1, '2026-05-09 17:03:34');

-- --------------------------------------------------------

--
-- Table structure for table `dynamic_records`
--

CREATE TABLE `dynamic_records` (
  `id` int(11) NOT NULL,
  `report_id` int(11) NOT NULL,
  `item_id` int(11) NOT NULL,
  `amount_gram` decimal(15,4) NOT NULL DEFAULT 0.0000,
  `amount_miz` decimal(15,4) NOT NULL DEFAULT 0.0000,
  `created_at` timestamp NOT NULL DEFAULT current_timestamp()
) ENGINE=InnoDB DEFAULT CHARSET=utf8mb4 COLLATE=utf8mb4_unicode_ci;

--
-- Dumping data for table `dynamic_records`
--

INSERT INTO `dynamic_records` (`id`, `report_id`, `item_id`, `amount_gram`, `amount_miz`, `created_at`) VALUES
(5, 110, 3, 90.0630, 0.0000, '2026-05-09 08:58:04'),
(6, 110, 5, 40.4080, 0.0000, '2026-05-09 08:58:04'),
(470, 117, 3, 290.0390, 0.0000, '2026-05-10 17:30:06'),
(471, 117, 5, 5.5520, 0.0000, '2026-05-10 17:30:06'),
(510, 130, 3, 90.0630, 0.0000, '2026-05-10 17:43:01'),
(511, 130, 5, 40.4080, 0.0000, '2026-05-10 17:43:01'),
(512, 130, 6, 17.7800, 0.0000, '2026-05-10 17:43:01'),
(882, 131, 3, 251.9810, 0.0000, '2026-05-11 17:14:19'),
(883, 131, 5, 5.7660, 0.0000, '2026-05-11 17:14:19'),
(893, 135, 3, 90.0630, 0.0000, '2026-05-11 17:17:15'),
(894, 135, 5, 40.4080, 0.0000, '2026-05-11 17:17:15'),
(895, 135, 6, 0.4800, 0.0000, '2026-05-11 17:17:15'),
(1306, 133, 3, 305.6180, 0.0000, '2026-05-12 14:12:45'),
(1307, 133, 4, 11048.0460, 0.0000, '2026-05-12 14:12:45'),
(1308, 133, 5, 271.5210, 0.0000, '2026-05-12 14:12:45'),
(1309, 133, 6, 192.9420, 0.0000, '2026-05-12 14:12:45'),
(1332, 134, 3, 240.4900, 0.0000, '2026-05-12 17:22:32'),
(1333, 134, 5, 5.7660, 0.0000, '2026-05-12 17:22:32'),
(1336, 137, 3, 119.9430, 0.0000, '2026-05-12 17:26:02'),
(1337, 137, 5, 47.4600, 0.0000, '2026-05-12 17:26:02'),
(1338, 137, 6, 0.4800, 0.0000, '2026-05-12 17:26:02'),
(1339, 138, 3, 240.4900, 0.0000, '2026-05-12 17:26:56'),
(1340, 138, 5, 5.7660, 0.0000, '2026-05-12 17:26:56'),
(1651, 140, 3, 119.9430, 0.0000, '2026-05-13 17:30:41'),
(1652, 140, 5, 48.2790, 0.0000, '2026-05-13 17:30:41'),
(1653, 140, 6, 2.9500, 0.0000, '2026-05-13 17:30:41'),
(1675, 141, 3, 240.0490, 0.0000, '2026-05-14 16:25:57'),
(1676, 141, 5, 5.7660, 0.0000, '2026-05-14 16:25:57'),
(1698, 139, 3, 305.6180, 0.0000, '2026-05-14 18:57:34'),
(1699, 139, 4, 11048.6170, 0.0000, '2026-05-14 18:57:34'),
(1700, 139, 5, 272.0260, 0.0000, '2026-05-14 18:57:34'),
(1701, 139, 6, 205.2640, 0.0000, '2026-05-14 18:57:34'),
(1702, 144, 3, 240.4900, 0.0000, '2026-05-15 19:20:17'),
(1703, 144, 5, 5.7660, 0.0000, '2026-05-15 19:20:17'),
(1712, 118, 3, 373.1610, 0.0000, '2026-05-16 08:16:02'),
(1713, 118, 4, 11058.2750, 0.0000, '2026-05-16 08:16:02'),
(1714, 118, 5, 268.3850, 0.0000, '2026-05-16 08:16:02'),
(1715, 118, 6, 203.9500, 0.0000, '2026-05-16 08:16:02'),
(1720, 145, 3, 305.6180, 0.0000, '2026-05-16 13:55:20'),
(1721, 145, 4, 11041.1610, 0.0000, '2026-05-16 13:55:20'),
(1722, 145, 5, 287.0920, 0.0000, '2026-05-16 13:55:20'),
(1723, 145, 6, 199.1760, 0.0000, '2026-05-16 13:55:20'),
(1726, 143, 3, 119.9430, 0.0000, '2026-05-16 17:15:17'),
(1727, 143, 5, 48.2790, 0.0000, '2026-05-16 17:15:17'),
(1728, 143, 6, 3.3100, 0.0000, '2026-05-16 17:15:17'),
(1729, 162, 3, 240.4900, 0.0000, '2026-05-16 17:16:46'),
(1730, 162, 5, 5.7660, 0.0000, '2026-05-16 17:16:46'),
(1731, 161, 3, 119.9430, 0.0000, '2026-05-16 17:20:44'),
(1732, 161, 5, 47.8790, 0.0000, '2026-05-16 17:20:44'),
(1733, 161, 6, 3.3100, 0.0000, '2026-05-16 17:20:44'),
(1750, 126, 3, 348.1080, 0.0000, '2026-05-17 16:37:12'),
(1751, 126, 4, 11057.2100, 0.0000, '2026-05-17 16:37:12'),
(1752, 126, 5, 272.0280, 0.0000, '2026-05-17 16:37:12'),
(1753, 126, 6, 174.1700, 0.0000, '2026-05-17 16:37:12'),
(1989, 164, 3, 240.4900, 0.0000, '2026-05-18 11:53:00'),
(1990, 164, 5, 5.7660, 0.0000, '2026-05-18 11:53:00'),
(1993, 166, 3, 240.4900, 0.0000, '2026-05-18 17:07:33'),
(1994, 166, 5, 5.7660, 0.0000, '2026-05-18 17:07:33'),
(2170, 165, 3, 119.9430, 0.0000, '2026-05-18 18:21:56'),
(2171, 165, 5, 42.9380, 0.0000, '2026-05-18 18:21:56'),
(2172, 165, 6, 3.7400, 0.0000, '2026-05-18 18:21:56'),
(2227, 170, 3, 119.9430, 0.0000, '2026-05-19 17:32:01'),
(2228, 170, 5, 53.1710, 0.0000, '2026-05-19 17:32:01'),
(2229, 170, 6, 7.4200, 0.0000, '2026-05-19 17:32:01'),
(2263, 184, 3, 240.4900, 0.0000, '2026-05-20 08:15:32'),
(2264, 184, 5, 5.7660, 0.0000, '2026-05-20 08:15:32'),
(2270, 185, 3, 258.5730, 0.0000, '2026-05-20 16:57:13'),
(2271, 185, 5, 6.4700, 0.0000, '2026-05-20 16:57:13'),
(2272, 187, 3, 119.9430, 0.0000, '2026-05-20 17:36:01'),
(2273, 187, 5, 53.6920, 0.0000, '2026-05-20 17:36:01'),
(2274, 187, 6, 7.4200, 0.0000, '2026-05-20 17:36:01'),
(2276, 163, 3, 513.9480, 0.0000, '2026-05-21 08:24:56'),
(2277, 163, 4, 11042.9680, 0.0000, '2026-05-21 08:24:56'),
(2278, 163, 5, 299.5250, 0.0000, '2026-05-21 08:24:56'),
(2292, 183, 3, 513.9280, 0.0000, '2026-05-21 09:16:17'),
(2293, 183, 4, 11035.3570, 0.0000, '2026-05-21 09:16:17'),
(2294, 183, 5, 299.3250, 0.0000, '2026-05-21 09:16:17'),
(2315, 160, 3, 241.3630, 0.0000, '2026-05-21 09:17:06'),
(2316, 160, 4, 11049.5680, 0.0000, '2026-05-21 09:17:06'),
(2317, 160, 5, 286.8780, 0.0000, '2026-05-21 09:17:06'),
(2318, 160, 6, 229.0460, 0.0000, '2026-05-21 09:17:06'),
(2341, 172, 3, 459.7080, 0.0000, '2026-05-21 09:21:53'),
(2342, 172, 4, 11046.3570, 0.0000, '2026-05-21 09:21:53'),
(2343, 172, 5, 306.7560, 0.0000, '2026-05-21 09:21:53'),
(2360, 142, 3, 305.6180, 0.0000, '2026-05-21 09:27:05'),
(2361, 142, 4, 11050.7610, 0.0000, '2026-05-21 09:27:05'),
(2362, 142, 5, 269.8820, 0.0000, '2026-05-21 09:27:05'),
(2363, 142, 6, 187.7400, 0.0000, '2026-05-21 09:27:05'),
(2384, 188, 3, 119.9430, 0.0000, '2026-05-21 16:19:03'),
(2385, 188, 5, 55.6920, 0.0000, '2026-05-21 16:19:03'),
(2386, 188, 6, 7.4200, 0.0000, '2026-05-21 16:19:03'),
(2415, 189, 3, 258.5730, 0.0000, '2026-05-23 10:11:46'),
(2416, 189, 5, 6.4700, 0.0000, '2026-05-23 10:11:46'),
(2683, 186, 3, 537.2280, 0.0000, '2026-05-23 18:23:47'),
(2684, 186, 4, 11081.9300, 0.0000, '2026-05-23 18:23:47'),
(2685, 186, 5, 307.3940, 0.0000, '2026-05-23 18:23:47'),
(2686, 186, 6, 20.5800, 0.0000, '2026-05-23 18:23:47'),
(2903, 190, 3, 537.2280, 0.0000, '2026-05-24 13:52:11'),
(2904, 190, 4, 11088.5310, 0.0000, '2026-05-24 13:52:11'),
(2905, 190, 5, 309.4870, 0.0000, '2026-05-24 13:52:11'),
(2906, 190, 6, 230.9900, 0.0000, '2026-05-24 13:52:11'),
(3351, 197, 3, 258.5730, 0.0000, '2026-05-25 17:07:42'),
(3352, 197, 5, 8.3270, 0.0000, '2026-05-25 17:07:42'),
(3760, 202, 3, 39.2840, 0.0000, '2026-05-28 08:02:46'),
(3761, 202, 5, 58.5250, 0.0000, '2026-05-28 08:02:46'),
(3762, 202, 6, 3.8000, 0.0000, '2026-05-28 08:02:46'),
(3763, 210, 3, 39.2840, 0.0000, '2026-05-28 08:15:39'),
(3764, 210, 5, 58.5250, 0.0000, '2026-05-28 08:15:39'),
(3765, 210, 6, 3.8000, 0.0000, '2026-05-28 08:15:39'),
(3778, 212, 3, 39.2840, 0.0000, '2026-05-28 16:23:01'),
(3779, 212, 5, 59.5250, 0.0000, '2026-05-28 16:23:01'),
(3780, 212, 6, 3.8000, 0.0000, '2026-05-28 16:23:01'),
(3782, 203, 3, 118.2030, 0.0000, '2026-05-28 16:24:44'),
(3783, 203, 5, 11.7700, 0.0000, '2026-05-28 16:24:44'),
(3820, 195, 3, 134.1650, 0.0000, '2026-05-30 17:23:49'),
(3821, 195, 4, 10679.2510, 0.0000, '2026-05-30 17:23:49'),
(3822, 195, 5, 386.5960, 0.0000, '2026-05-30 17:23:49'),
(3823, 195, 6, 53.3060, 0.0000, '2026-05-30 17:23:49'),
(3839, 211, 3, 118.2030, 0.0000, '2026-05-30 17:24:42'),
(3840, 211, 5, 11.7700, 0.0000, '2026-05-30 17:24:42'),
(3843, 221, 3, 150.3840, 0.0000, '2026-05-30 17:28:07'),
(3844, 221, 5, 11.7700, 0.0000, '2026-05-30 17:28:07'),
(3851, 222, 3, 39.2840, 0.0000, '2026-05-30 17:40:25'),
(3852, 222, 5, 57.5250, 0.0000, '2026-05-30 17:40:25'),
(3853, 222, 6, 3.8000, 0.0000, '2026-05-30 17:40:25'),
(4288, 224, 3, 136.7360, 0.0000, '2026-06-01 07:53:21'),
(4289, 224, 5, 11.0000, 0.0000, '2026-06-01 07:53:21'),
(4318, 213, 3, 138.8600, 0.0000, '2026-06-01 15:05:35'),
(4319, 213, 4, 10587.6930, 0.0000, '2026-06-01 15:05:35'),
(4320, 213, 5, 363.9580, 0.0000, '2026-06-01 15:05:35'),
(4321, 213, 6, 129.5090, 0.0000, '2026-06-01 15:05:35'),
(4419, 228, 3, 39.2840, 0.0000, '2026-06-01 17:08:23'),
(4420, 228, 5, 40.1570, 0.0000, '2026-06-01 17:08:23'),
(4421, 228, 6, 5.5200, 0.0000, '2026-06-01 17:08:23'),
(4624, 227, 3, 136.7360, 0.0000, '2026-06-02 17:50:01'),
(4625, 227, 5, 11.7700, 0.0000, '2026-06-02 17:50:01'),
(4694, 229, 3, 136.7360, 0.0000, '2026-06-03 10:03:49'),
(4695, 229, 5, 11.7700, 0.0000, '2026-06-03 10:03:49'),
(4699, 232, 3, 177.4570, 0.0000, '2026-06-03 17:12:10'),
(4700, 232, 5, 11.7700, 0.0000, '2026-06-03 17:12:10'),
(4701, 230, 3, 39.2840, 0.0000, '2026-06-03 17:42:27'),
(4702, 230, 5, 39.9780, 0.0000, '2026-06-03 17:42:27'),
(4703, 230, 6, 8.5200, 0.0000, '2026-06-03 17:42:27'),
(4719, 235, 3, 39.2840, 0.0000, '2026-06-06 17:11:53'),
(4720, 235, 5, 38.8770, 0.0000, '2026-06-06 17:11:53'),
(4721, 235, 6, 8.5200, 0.0000, '2026-06-06 17:11:53'),
(4747, 237, 3, 177.4570, 0.0000, '2026-06-06 17:27:44'),
(4748, 237, 5, 12.1310, 0.0000, '2026-06-06 17:27:44'),
(4888, 236, 3, 140.5160, 0.0000, '2026-06-06 21:41:08'),
(4889, 236, 4, 10495.1000, 0.0000, '2026-06-06 21:41:08'),
(4890, 236, 5, 525.3660, 0.0000, '2026-06-06 21:41:08'),
(4891, 236, 6, 30.3340, 0.0000, '2026-06-06 21:41:08'),
(4939, 238, 3, 39.2840, 0.0000, '2026-06-07 18:31:42'),
(4940, 238, 5, 38.5350, 0.0000, '2026-06-07 18:31:42'),
(4941, 238, 6, 9.9200, 0.0000, '2026-06-07 18:31:42'),
(4947, 241, 3, 24.1260, 0.0000, '2026-06-07 18:32:12'),
(4948, 241, 5, 38.8090, 0.0000, '2026-06-07 18:32:12'),
(4949, 241, 6, 9.5400, 0.0000, '2026-06-07 18:32:12'),
(4994, 239, 3, 177.4570, 0.0000, '2026-06-08 16:48:36'),
(4995, 239, 5, 10.4870, 0.0000, '2026-06-08 16:48:36'),
(5026, 243, 3, 57.7010, 0.0000, '2026-06-08 17:27:58'),
(5027, 243, 5, 38.8090, 0.0000, '2026-06-08 17:27:58'),
(5028, 243, 6, 12.4500, 0.0000, '2026-06-08 17:27:58'),
(5074, 233, 3, 140.5160, 0.0000, '2026-06-09 11:12:13'),
(5075, 233, 4, 10480.3010, 0.0000, '2026-06-09 11:12:13'),
(5076, 233, 5, 533.2160, 0.0000, '2026-06-09 11:12:13'),
(5077, 233, 6, 43.4780, 0.0000, '2026-06-09 11:12:13'),
(5079, 242, 3, 177.4570, 0.0000, '2026-06-09 16:55:04'),
(5080, 242, 5, 10.4870, 0.0000, '2026-06-09 16:55:04'),
(5097, 244, 3, 57.7010, 0.0000, '2026-06-09 17:26:55'),
(5098, 244, 5, 38.8090, 0.0000, '2026-06-09 17:26:55'),
(5099, 244, 6, 12.4500, 0.0000, '2026-06-09 17:26:55'),
(5240, 246, 3, 140.5160, 0.0000, '2026-06-10 16:52:22'),
(5241, 246, 6, 139.7750, 0.0000, '2026-06-10 16:52:22'),
(5252, 248, 3, 57.7010, 0.0000, '2026-06-10 17:16:19'),
(5253, 248, 5, 38.8090, 0.0000, '2026-06-10 17:16:19'),
(5254, 248, 6, 12.4500, 0.0000, '2026-06-10 17:16:19'),
(5404, 249, 3, 331.8980, 0.0000, '2026-06-10 17:32:25'),
(5405, 249, 4, 10418.2120, 0.0000, '2026-06-10 17:32:25'),
(5406, 249, 5, 527.8690, 0.0000, '2026-06-10 17:32:25'),
(5407, 249, 6, 111.2440, 0.0000, '2026-06-10 17:32:25'),
(5415, 247, 3, 177.4570, 0.0000, '2026-06-11 16:20:10'),
(5416, 247, 5, 12.4870, 0.0000, '2026-06-11 16:20:10'),
(5439, 252, 3, 11.9340, 0.0000, '2026-06-11 16:52:56'),
(5440, 252, 5, 38.6990, 0.0000, '2026-06-11 16:52:56'),
(5441, 252, 6, 12.4500, 0.0000, '2026-06-11 16:52:56'),
(5529, 251, 3, 177.4570, 0.0000, '2026-06-13 15:26:47'),
(5530, 251, 5, 11.3620, 0.0000, '2026-06-13 15:26:47'),
(5846, 240, 3, 140.5160, 0.0000, '2026-06-14 09:32:03'),
(5847, 240, 4, 10484.9510, 0.0000, '2026-06-14 09:32:03'),
(5848, 240, 5, 533.5060, 0.0000, '2026-06-14 09:32:03'),
(5849, 240, 6, 33.6750, 0.0000, '2026-06-14 09:32:03'),
(6154, 253, 3, 177.4570, 0.0000, '2026-06-14 17:16:36'),
(6155, 253, 5, 11.3620, 0.0000, '2026-06-14 17:16:36'),
(6164, 255, 3, 11.9340, 0.0000, '2026-06-14 17:40:57'),
(6165, 255, 5, 38.6990, 0.0000, '2026-06-14 17:40:57'),
(6166, 255, 6, 12.7200, 0.0000, '2026-06-14 17:40:57'),
(6180, 258, 3, 60.9670, 0.0000, '2026-06-14 17:41:42'),
(6181, 258, 5, 36.6990, 0.0000, '2026-06-14 17:41:42'),
(6182, 258, 6, 12.7200, 0.0000, '2026-06-14 17:41:42'),
(6398, 254, 3, 114.6270, 0.0000, '2026-06-15 16:45:40'),
(6399, 254, 4, 10347.8860, 0.0000, '2026-06-15 16:45:43'),
(6400, 254, 5, 525.6510, 0.0000, '2026-06-15 16:45:44'),
(6401, 254, 6, 16.9180, 0.0000, '2026-06-15 16:45:45'),
(6410, 256, 3, 114.6270, 0.0000, '2026-06-15 16:46:54'),
(6411, 256, 4, 10345.2320, 0.0000, '2026-06-15 16:46:54'),
(6412, 256, 5, 533.0410, 0.0000, '2026-06-15 16:46:54'),
(6413, 256, 6, 16.9180, 0.0000, '2026-06-15 16:46:54'),
(6488, 257, 3, 177.4570, 0.0000, '2026-06-15 17:19:09'),
(6489, 257, 5, 11.8880, 0.0000, '2026-06-15 17:19:09'),
(6535, 260, 3, 42.7210, 0.0000, '2026-06-15 17:24:44'),
(6536, 260, 5, 38.7070, 0.0000, '2026-06-15 17:24:44'),
(6537, 260, 6, 12.7200, 0.0000, '2026-06-15 17:24:44'),
(6798, 245, 3, 177.4570, 0.0000, '2026-06-16 17:06:11'),
(6799, 245, 5, 10.4870, 0.0000, '2026-06-16 17:06:11'),
(7166, 263, 3, 124.1900, 0.0000, '2026-06-17 17:12:00'),
(7167, 263, 4, 10325.8150, 0.0000, '2026-06-17 17:12:00'),
(7168, 263, 5, 531.3170, 0.0000, '2026-06-17 17:12:00'),
(7169, 263, 6, 38.4320, 0.0000, '2026-06-17 17:12:00'),
(7173, 259, 3, 177.4570, 0.0000, '2026-06-17 17:14:09'),
(7174, 259, 5, 11.8880, 0.0000, '2026-06-17 17:14:09'),
(7175, 259, 6, 102.8620, 0.0000, '2026-06-17 17:14:09'),
(7188, 262, 3, 177.4570, 0.0000, '2026-06-17 17:14:46'),
(7189, 262, 5, 11.8880, 0.0000, '2026-06-17 17:14:46'),
(7190, 262, 6, 102.8620, 0.0000, '2026-06-17 17:14:46'),
(7205, 261, 3, 42.7210, 0.0000, '2026-06-17 17:46:10'),
(7206, 261, 5, 36.7010, 0.0000, '2026-06-17 17:46:11'),
(7207, 261, 6, 12.7200, 0.0000, '2026-06-17 17:46:11'),
(7269, 223, 3, 123.9510, 0.0000, '2026-06-18 15:22:28'),
(7270, 223, 4, 10287.8850, 0.0000, '2026-06-18 15:22:28'),
(7271, 223, 5, 532.8940, 0.0000, '2026-06-18 15:22:28'),
(7272, 223, 6, 16.5650, 0.0000, '2026-06-18 15:22:28'),
(7672, 265, 3, 177.4570, 0.0000, '2026-06-19 19:48:38'),
(7673, 265, 5, 11.8880, 0.0000, '2026-06-19 19:48:38'),
(7674, 265, 6, 102.8620, 0.0000, '2026-06-19 19:48:38'),
(7678, 267, 3, 163.5280, 0.0000, '2026-06-19 20:44:50'),
(7679, 267, 5, 11.8800, 0.0000, '2026-06-19 20:44:50'),
(7680, 267, 6, 98.4560, 0.0000, '2026-06-19 20:44:50'),
(7722, 264, 3, 42.7210, 0.0000, '2026-06-20 10:06:52'),
(7723, 264, 5, 36.0740, 0.0000, '2026-06-20 10:06:52'),
(7724, 264, 6, 12.7200, 0.0000, '2026-06-20 10:06:52'),
(7725, 250, 3, 127.5880, 0.0000, '2026-06-20 10:07:50'),
(7726, 250, 4, 10418.2120, 0.0000, '2026-06-20 10:07:50'),
(7727, 250, 5, 525.5050, 0.0000, '2026-06-20 10:07:50'),
(7728, 250, 6, 9.1230, 0.0000, '2026-06-20 10:07:50'),
(7733, 268, 3, 42.7210, 0.0000, '2026-06-20 10:20:26'),
(7734, 268, 5, 36.5750, 0.0000, '2026-06-20 10:20:26'),
(7735, 268, 6, 12.7200, 0.0000, '2026-06-20 10:20:26'),
(7917, 270, 3, 224.8290, 0.0000, '2026-06-20 17:18:46'),
(7918, 270, 5, 11.8800, 0.0000, '2026-06-20 17:18:46'),
(7919, 270, 6, 96.7380, 0.0000, '2026-06-20 17:18:46'),
(7971, 271, 3, 42.7210, 0.0000, '2026-06-20 17:49:37'),
(7972, 271, 5, 38.7090, 0.0000, '2026-06-20 17:49:37'),
(7973, 271, 6, 12.7200, 0.0000, '2026-06-20 17:49:37'),
(8058, 219, 3, 150.7900, 0.0000, '2026-06-20 18:00:51'),
(8059, 219, 4, 10510.3930, 0.0000, '2026-06-20 18:00:51'),
(8060, 219, 5, 430.2420, 0.0000, '2026-06-20 18:00:51'),
(8061, 219, 6, 13.5990, 0.0000, '2026-06-20 18:00:51'),
(8062, 192, 3, 537.2280, 0.0000, '2026-06-20 18:01:01'),
(8063, 192, 4, 11096.7820, 0.0000, '2026-06-20 18:01:01'),
(8064, 192, 5, 408.0900, 0.0000, '2026-06-20 18:01:01'),
(8065, 192, 6, 29.8160, 0.0000, '2026-06-20 18:01:01'),
(8070, 199, 3, 92.9330, 0.0000, '2026-06-20 18:01:38'),
(8071, 199, 4, 10681.0850, 0.0000, '2026-06-20 18:01:38'),
(8072, 199, 5, 370.0030, 0.0000, '2026-06-20 18:01:38'),
(8073, 199, 6, 50.2930, 0.0000, '2026-06-20 18:01:38'),
(8337, 266, 3, 93.9740, 0.0000, '2026-06-21 17:54:56'),
(8338, 266, 4, 10287.8850, 0.0000, '2026-06-21 17:54:56'),
(8339, 266, 5, 545.8820, 0.0000, '2026-06-21 17:54:56'),
(8340, 266, 6, 16.6030, 0.0000, '2026-06-21 17:54:56'),
(8515, 231, 3, 114.6270, 0.0000, '2026-06-22 08:49:15'),
(8516, 231, 4, 10345.7240, 0.0000, '2026-06-22 08:49:15'),
(8517, 231, 5, 530.7170, 0.0000, '2026-06-22 08:49:15'),
(8518, 231, 6, 16.0000, 0.0000, '2026-06-22 08:49:15'),
(8519, 272, 3, 224.8290, 0.0000, '2026-06-22 14:44:02'),
(8520, 272, 5, 11.8880, 0.0000, '2026-06-22 14:44:02'),
(8541, 276, 3, 24.6040, 0.0000, '2026-06-22 17:15:42'),
(8542, 276, 5, 38.0840, 0.0000, '2026-06-22 17:15:42'),
(8543, 276, 6, 12.7200, 0.0000, '2026-06-22 17:15:42'),
(8550, 273, 3, 24.6040, 0.0000, '2026-06-22 17:38:51'),
(8551, 273, 5, 38.7090, 0.0000, '2026-06-22 17:38:51'),
(8552, 273, 6, 12.7200, 0.0000, '2026-06-22 17:38:51'),
(8553, 269, 3, 93.9740, 0.0000, '2026-06-22 17:44:41'),
(8554, 269, 4, 10277.7360, 0.0000, '2026-06-22 17:44:41'),
(8555, 269, 5, 536.8680, 0.0000, '2026-06-22 17:44:41'),
(8556, 269, 6, 22.3440, 0.0000, '2026-06-22 17:44:41'),
(8749, 274, 3, 84.6940, 0.0000, '2026-06-23 10:27:06'),
(8750, 274, 4, 9909.4750, 0.0000, '2026-06-23 10:27:06'),
(8751, 274, 5, 786.1730, 0.0000, '2026-06-23 10:27:06'),
(8752, 274, 6, 8.2890, 0.0000, '2026-06-23 10:27:06'),
(8753, 275, 3, 224.8290, 0.0000, '2026-06-23 14:05:49'),
(8754, 275, 5, 10.9470, 0.0000, '2026-06-23 14:05:49'),
(8755, 275, 6, 89.1920, 0.0000, '2026-06-23 14:05:49'),
(8760, 225, 3, 290.2000, 0.0000, '2026-06-23 16:36:45'),
(8761, 225, 4, 1082.2540, 0.0000, '2026-06-23 16:36:45'),
(8762, 225, 5, 805.4070, 0.0000, '2026-06-23 16:36:45'),
(8763, 225, 6, 5.0520, 0.0000, '2026-06-23 16:36:45'),
(8773, 279, 3, 24.6040, 0.0000, '2026-06-23 17:15:17'),
(8774, 279, 5, 38.0840, 0.0000, '2026-06-23 17:15:17'),
(8775, 279, 6, 13.7100, 0.0000, '2026-06-23 17:15:17'),
(8850, 278, 3, 84.6940, 0.0000, '2026-06-27 07:02:09'),
(8851, 278, 4, 9912.6500, 0.0000, '2026-06-27 07:02:09'),
(8852, 278, 5, 783.3340, 0.0000, '2026-06-27 07:02:09'),
(8853, 278, 6, 8.2890, 0.0000, '2026-06-27 07:02:09'),
(8938, 280, 3, 195.7550, 0.0000, '2026-06-27 17:17:48'),
(8939, 280, 5, 13.1150, 0.0000, '2026-06-27 17:17:48'),
(8940, 280, 6, 84.1770, 0.0000, '2026-06-27 17:17:48'),
(8953, 282, 3, 24.6040, 0.0000, '2026-06-27 17:26:23'),
(8954, 282, 5, 37.1670, 0.0000, '2026-06-27 17:26:23'),
(8955, 282, 6, 10.8000, 0.0000, '2026-06-27 17:26:23'),
(9025, 281, 3, 97.3690, 0.0000, '2026-06-28 09:08:36'),
(9026, 281, 4, 9912.6500, 0.0000, '2026-06-28 09:08:36'),
(9027, 281, 5, 820.9000, 0.0000, '2026-06-28 09:08:36'),
(9028, 281, 6, 25.2590, 0.0000, '2026-06-28 09:08:36');

-- --------------------------------------------------------

--
-- Table structure for table `goal_daily_progress`
--

CREATE TABLE `goal_daily_progress` (
  `id` int(11) NOT NULL,
  `branch_id` int(11) NOT NULL,
  `goal_type_id` int(11) NOT NULL,
  `achieved_value` decimal(15,3) NOT NULL,
  `progress_date` varchar(10) NOT NULL DEFAULT '',
  `created_by` int(11) NOT NULL,
  `created_at` timestamp NOT NULL DEFAULT current_timestamp()
) ENGINE=InnoDB DEFAULT CHARSET=utf8mb4 COLLATE=utf8mb4_unicode_ci;

--
-- Dumping data for table `goal_daily_progress`
--

INSERT INTO `goal_daily_progress` (`id`, `branch_id`, `goal_type_id`, `achieved_value`, `progress_date`, `created_by`, `created_at`) VALUES
(10, 19, 14, 60.000, '1405-03-07', 19, '2026-05-27 17:05:16'),
(24, 19, 14, 10.000, '1405-03-06', 19, '2026-05-27 17:17:10'),
(25, 19, 14, 30.000, '1405-03-13', 19, '2026-05-28 10:00:55'),
(26, 19, 14, 1.000, '1404-03-19', 19, '2026-05-30 09:00:35'),
(38, 18, 1, 2.793, '1405-03-16', 18, '2026-06-06 17:26:17'),
(39, 18, 5, 0.370, '1405-03-16', 18, '2026-06-06 17:26:17'),
(48, 19, 1, 0.001, '1405-03-11', 19, '2026-06-08 10:29:02'),
(49, 19, 6, 0.001, '1405-03-09', 19, '2026-06-08 10:30:01'),
(55, 19, 6, 0.001, '1405-03-16', 19, '2026-06-08 13:55:48'),
(81, 19, 1, 32.005, '1405-03-18', 19, '2026-06-09 08:32:54'),
(82, 19, 2, 1510999999.000, '1405-03-18', 19, '2026-06-09 08:32:54'),
(83, 19, 5, 84.968, '1405-03-18', 19, '2026-06-09 08:32:54'),
(84, 19, 6, 1.377, '1405-03-18', 19, '2026-06-09 08:32:54'),
(90, 31, 1, 11.009, '1405-03-19', 31, '2026-06-09 08:42:39'),
(91, 31, 5, 16.883, '1405-03-19', 31, '2026-06-09 08:42:39'),
(92, 31, 6, 4.060, '1405-03-19', 31, '2026-06-09 08:42:39'),
(103, 19, 5, 446.283, '1405-03-01', 19, '2026-06-09 16:01:28'),
(104, 19, 2, 133000000.000, '1405-03-17', 19, '2026-06-09 16:40:14'),
(105, 19, 5, -4.871, '1405-03-17', 19, '2026-06-09 16:40:14'),
(106, 19, 6, 16.770, '1405-03-17', 19, '2026-06-09 16:40:14'),
(141, 19, 1, 4.193, '1405-03-19', 19, '2026-06-10 16:43:32'),
(142, 19, 2, 1.000, '1405-03-19', 19, '2026-06-10 16:43:32'),
(143, 19, 5, 11.000, '1405-03-19', 19, '2026-06-10 16:43:32'),
(144, 19, 6, 3.179, '1405-03-19', 19, '2026-06-10 16:43:32'),
(150, 31, 6, 0.070, '1405-03-20', 31, '2026-06-10 17:17:58'),
(152, 19, 5, -9.131, '1405-03-20', 19, '2026-06-11 09:06:29'),
(153, 19, 6, 1.058, '1405-03-20', 19, '2026-06-11 09:06:29'),
(154, 31, 6, 0.765, '1405-03-21', 31, '2026-06-11 16:52:33'),
(156, 19, 5, -2.853, '1405-03-21', 19, '2026-06-13 16:43:02'),
(157, 19, 6, 0.972, '1405-03-21', 19, '2026-06-13 16:43:02'),
(159, 31, 6, 0.363, '1405-03-23', 31, '2026-06-13 17:15:17'),
(163, 19, 1, 8.485, '1405-03-23', 19, '2026-06-14 09:07:22'),
(164, 19, 5, 0.255, '1405-03-23', 19, '2026-06-14 09:07:22'),
(165, 19, 6, 1.505, '1405-03-23', 19, '2026-06-14 09:07:22'),
(166, 18, 5, 0.526, '1405-03-24', 18, '2026-06-14 17:17:32'),
(167, 31, 6, 0.376, '1405-03-24', 31, '2026-06-14 17:48:08'),
(177, 19, 1, 0.400, '1405-03-24', 19, '2026-06-15 08:29:32'),
(178, 19, 5, 7.390, '1405-03-24', 19, '2026-06-15 08:29:32'),
(179, 19, 6, 0.379, '1405-03-24', 19, '2026-06-15 08:29:32'),
(180, 31, 2, 1633000000.000, '1405-03-25', 31, '2026-06-15 17:35:46'),
(181, 31, 6, 0.231, '1405-03-25', 31, '2026-06-15 17:35:46'),
(183, 19, 5, -2.078, '1405-03-25', 19, '2026-06-15 18:07:09'),
(184, 19, 6, 0.550, '1405-03-25', 19, '2026-06-15 18:07:09'),
(187, 18, 5, 9.135, '1405-03-26', 18, '2026-06-16 17:18:38'),
(188, 18, 6, 0.523, '1405-03-26', 18, '2026-06-16 17:18:38'),
(194, 19, 1, 48.424, '1405-03-26', 19, '2026-06-16 18:42:09'),
(195, 19, 6, 1.594, '1405-03-26', 19, '2026-06-16 18:42:09'),
(199, 18, 2, 1690000000.000, '1405-03-27', 18, '2026-06-17 17:17:46'),
(200, 18, 6, 1.512, '1405-03-27', 18, '2026-06-17 17:17:46'),
(203, 31, 2, 614000000.000, '1405-03-27', 31, '2026-06-17 17:50:09'),
(204, 31, 5, 19.191, '1405-03-27', 31, '2026-06-17 17:50:09'),
(205, 31, 6, 0.742, '1405-03-27', 31, '2026-06-17 17:50:09'),
(209, 19, 5, 1.931, '1405-03-27', 19, '2026-06-18 07:46:18'),
(210, 19, 6, 0.501, '1405-03-27', 19, '2026-06-18 07:46:18'),
(212, 31, 5, 0.501, '1405-03-28', 31, '2026-06-18 16:26:46'),
(213, 31, 6, 0.151, '1405-03-28', 31, '2026-06-18 16:26:46'),
(216, 18, 2, 1760000000.000, '1405-03-28', 18, '2026-06-18 16:36:26'),
(217, 18, 6, 1.222, '1405-03-28', 18, '2026-06-18 16:36:26'),
(218, 19, 6, 0.640, '1405-03-28', 19, '2026-06-18 17:13:35'),
(220, 18, 6, 0.272, '1405-03-2', 18, '2026-06-20 16:41:47'),
(221, 18, 6, 0.270, '1405-03-3', 18, '2026-06-20 16:42:04'),
(223, 18, 6, 0.965, '1405-03-4', 18, '2026-06-20 16:42:57'),
(224, 18, 6, 0.260, '1405-03-6', 18, '2026-06-20 16:43:47'),
(225, 18, 6, 0.770, '1405-03-5', 18, '2026-06-20 16:44:06'),
(226, 18, 5, 0.618, '1405-03-7', 18, '2026-06-20 16:44:52'),
(227, 18, 6, 0.683, '1405-03-9', 18, '2026-06-20 16:45:13'),
(228, 18, 6, 0.342, '1405-03-10', 18, '2026-06-20 16:46:06'),
(231, 18, 5, 1.857, '1405-03-11', 18, '2026-06-20 16:47:22'),
(232, 18, 6, 0.744, '1405-03-11', 18, '2026-06-20 16:47:22'),
(233, 18, 2, 370000000.000, '1405-03-12', 18, '2026-06-20 16:47:40'),
(234, 18, 6, 1.108, '1405-03-12', 18, '2026-06-20 16:47:40'),
(235, 18, 6, 0.522, '1405-03-13', 18, '2026-06-20 16:48:03'),
(236, 18, 6, 0.165, '1405-03-14', 18, '2026-06-20 16:48:28'),
(237, 18, 1, 8.586, '1405-03-17', 18, '2026-06-20 16:50:13'),
(238, 18, 2, 140000000.000, '1405-03-17', 18, '2026-06-20 16:50:13'),
(239, 18, 6, 0.360, '1405-03-17', 18, '2026-06-20 16:50:13'),
(240, 18, 6, 0.484, '1405-03-19', 18, '2026-06-20 16:50:47'),
(245, 18, 2, 500000000.000, '1405-03-23', 18, '2026-06-20 16:51:46'),
(246, 18, 6, 0.475, '1405-03-23', 18, '2026-06-20 16:51:46'),
(247, 18, 2, 506000000.000, '1405-03-30', 18, '2026-06-20 16:55:12'),
(248, 18, 6, 0.464, '1405-03-30', 18, '2026-06-20 16:55:12'),
(249, 31, 1, 40.752, '1405-03-30', 31, '2026-06-20 17:47:01'),
(250, 31, 2, 768000000.000, '1405-03-30', 31, '2026-06-20 17:47:01'),
(251, 31, 5, 2.134, '1405-03-30', 31, '2026-06-20 17:47:01'),
(252, 31, 6, 1.630, '1405-03-30', 31, '2026-06-20 17:47:01'),
(253, 19, 1, 0.890, '1405-03-30', 19, '2026-06-21 07:22:35'),
(254, 19, 5, 12.974, '1405-03-30', 19, '2026-06-21 07:22:35'),
(255, 19, 6, 2.150, '1405-03-30', 19, '2026-06-21 07:22:35'),
(257, 18, 6, 0.272, '1405-03-02', 18, '2026-06-21 16:21:17'),
(258, 18, 6, 0.270, '1405-03-03', 18, '2026-06-21 16:21:36'),
(261, 18, 6, 0.710, '1405-03-31', 18, '2026-06-21 16:24:07'),
(262, 18, 6, 0.100, '1405-03-04', 18, '2026-06-21 16:25:43'),
(263, 18, 2, 1850000000.000, '1405-03-20', 18, '2026-06-21 16:26:53'),
(264, 18, 6, 2.047, '1405-03-20', 18, '2026-06-21 16:26:53'),
(265, 31, 1, 6.309, '1405-03-31', 31, '2026-06-21 17:51:27'),
(266, 31, 6, 1.290, '1405-03-31', 31, '2026-06-21 17:51:27'),
(272, 18, 5, -1.559, '1405-04-01', 18, '2026-06-22 17:12:39'),
(273, 18, 6, 0.043, '1405-04-01', 18, '2026-06-22 17:12:39'),
(274, 31, 5, -0.625, '1405-04-01', 31, '2026-06-22 17:22:02'),
(275, 31, 6, 0.245, '1405-04-01', 31, '2026-06-22 17:22:02'),
(276, 19, 5, 259.539, '1405-03-31', 19, '2026-06-23 16:37:24'),
(277, 19, 6, 18.284, '1405-03-31', 19, '2026-06-23 16:37:24'),
(278, 19, 6, 2.336, '1405-04-01', 19, '2026-06-23 16:39:17'),
(279, 31, 6, 0.067, '1405-04-02', 31, '2026-06-23 17:15:11'),
(281, 18, 2, 650000000.000, '1405-04-02', 18, '2026-06-23 17:28:56'),
(282, 18, 5, 2.043, '1405-04-02', 18, '2026-06-23 17:28:56'),
(283, 18, 6, 0.860, '1405-04-02', 18, '2026-06-23 17:28:56'),
(284, 19, 5, -22.073, '1405-04-02', 19, '2026-06-27 08:21:17'),
(285, 19, 6, 0.189, '1405-04-02', 19, '2026-06-27 08:21:17'),
(286, 18, 2, 472500000.000, '1405-04-06', 18, '2026-06-27 17:09:44'),
(287, 18, 5, 0.125, '1405-04-06', 18, '2026-06-27 17:09:44'),
(288, 18, 6, 0.380, '1405-04-06', 18, '2026-06-27 17:09:44'),
(294, 31, 13, 2400000000.000, '1405-04-06', 31, '2026-06-27 17:26:27'),
(295, 31, 5, -0.917, '1405-04-06', 31, '2026-06-27 17:26:27'),
(296, 31, 6, 1.275, '1405-04-06', 31, '2026-06-27 17:26:27'),
(303, 19, 13, 5000000000.000, '1405-04-06', 19, '2026-06-28 09:03:58'),
(304, 19, 2, 270500000.000, '1405-04-06', 19, '2026-06-28 09:03:58'),
(305, 19, 5, 37.566, '1405-04-06', 19, '2026-06-28 09:03:58'),
(306, 19, 6, 1.314, '1405-04-06', 19, '2026-06-28 09:03:58');

-- --------------------------------------------------------

--
-- Table structure for table `goal_types`
--

CREATE TABLE `goal_types` (
  `id` int(11) NOT NULL,
  `name` varchar(100) NOT NULL,
  `unit` enum('gram','million_rial','count') DEFAULT 'gram',
  `icon` varchar(10) DEFAULT '?',
  `sort_order` int(11) DEFAULT 0,
  `is_active` tinyint(4) DEFAULT 1
) ENGINE=InnoDB DEFAULT CHARSET=utf8mb4 COLLATE=utf8mb4_unicode_ci;

--
-- Dumping data for table `goal_types`
--

INSERT INTO `goal_types` (`id`, `name`, `unit`, `icon`, `sort_order`, `is_active`) VALUES
(1, 'وام طلایی ثنا', 'gram', '💰', 1, 1),
(2, 'فروش قسطی طلا', 'million_rial', '📦', 2, 1),
(5, 'حساب آتیه طلا', 'gram', '⭐', 5, 1),
(6, 'معاملات ماهانه', 'gram', '🔄', 6, 1),
(7, 'وام آتیه ریالی', 'million_rial', '💰', 7, 1),
(12, 'وام نیک کارت', 'million_rial', '💳', 0, 1),
(13, 'وام رسالت', 'million_rial', '🏦', 0, 1),
(14, 'تست', 'gram', '🔸', 0, 1);

-- --------------------------------------------------------

--
-- Table structure for table `income_daily_items`
--

CREATE TABLE `income_daily_items` (
  `id` int(11) NOT NULL,
  `name` varchar(100) NOT NULL,
  `category` varchar(50) DEFAULT '',
  `sort_order` int(11) DEFAULT 0,
  `active` tinyint(1) DEFAULT 1,
  `created_at` timestamp NOT NULL DEFAULT current_timestamp()
) ENGINE=InnoDB DEFAULT CHARSET=utf8mb4 COLLATE=utf8mb4_general_ci;

--
-- Dumping data for table `income_daily_items`
--

INSERT INTO `income_daily_items` (`id`, `name`, `category`, `sort_order`, `active`, `created_at`) VALUES
(1, 'فاکتور', '', 1, 1, '2026-05-07 10:54:45'),
(2, 'آتیه طلا', '', 2, 1, '2026-05-07 10:54:45'),
(3, 'سپرده', '', 3, 1, '2026-05-07 10:54:45'),
(4, 'آبشده', '', 4, 1, '2026-05-07 10:54:45'),
(5, 'نیک کارت (فرهنگیان)', '', 5, 1, '2026-05-07 10:54:45'),
(6, 'تمام', 'سکه', 6, 1, '2026-05-07 10:54:45'),
(7, 'نیم', 'سکه', 7, 1, '2026-05-07 10:54:45'),
(8, 'ربع', 'سکه', 8, 1, '2026-05-07 10:54:45'),
(9, 'دلار', 'ارز', 9, 1, '2026-05-07 10:54:45'),
(10, 'لیر', 'ارز', 10, 1, '2026-05-07 10:54:45'),
(11, 'یورو', 'ارز', 11, 1, '2026-05-07 10:54:45'),
(12, 'منات', 'ارز', 12, 1, '2026-05-07 10:54:45'),
(18, 'مستعمل', '', 4, 1, '2026-05-09 18:02:25'),
(19, 'پارسیان', '', 4, 1, '2026-05-09 18:02:51'),
(20, 'تعمیرات', '', 5, 1, '2026-05-12 14:45:07'),
(21, 'رسالت', '', 5, 1, '2026-05-12 16:40:27'),
(23, 'وام ثنا', '', 5, 1, '2026-05-13 17:30:03');

-- --------------------------------------------------------

--
-- Table structure for table `income_daily_records`
--

CREATE TABLE `income_daily_records` (
  `id` int(11) NOT NULL,
  `branch_id` int(11) NOT NULL,
  `item_id` int(11) NOT NULL,
  `gold_rate` decimal(15,2) DEFAULT 0.00,
  `amount_rial` decimal(15,2) DEFAULT 0.00,
  `amount_gram` decimal(15,6) DEFAULT 0.000000,
  `created_by` int(11) NOT NULL,
  `created_at` timestamp NOT NULL DEFAULT current_timestamp(),
  `record_date` varchar(10) NOT NULL
) ENGINE=InnoDB DEFAULT CHARSET=utf8mb4 COLLATE=utf8mb4_general_ci;

--
-- Dumping data for table `income_daily_records`
--

INSERT INTO `income_daily_records` (`id`, `branch_id`, `item_id`, `gold_rate`, `amount_rial`, `amount_gram`, `created_by`, `created_at`, `record_date`) VALUES
(95, 19, 1, 193000000.00, 8500000.00, 0.044041, 19, '2026-05-09 18:03:31', '1405-02-19'),
(96, 19, 3, 193000000.00, 81000000.00, 0.419689, 19, '2026-05-09 18:03:31', '1405-02-19'),
(97, 19, 18, 193000000.00, 57900000.00, 0.300000, 19, '2026-05-09 18:03:31', '1405-02-19'),
(98, 19, 19, 193000000.00, 3500000.00, 0.018135, 19, '2026-05-09 18:03:31', '1405-02-19'),
(99, 19, 4, 193000000.00, 15000000.00, 0.077720, 19, '2026-05-09 18:03:31', '1405-02-19'),
(100, 19, 8, 193000000.00, 10000000.00, 0.051813, 19, '2026-05-09 18:03:31', '1405-02-19'),
(103, 31, 18, 193000000.00, 12700000.00, 0.065803, 31, '2026-05-09 18:35:49', '1405-02-19'),
(104, 31, 19, 193000000.00, 26000000.00, 0.134715, 31, '2026-05-09 18:35:49', '1405-02-19'),
(122, 18, 18, 192000000.00, 185750000.00, 0.967448, 18, '2026-05-10 17:29:42', '1405-02-20'),
(123, 18, 4, 192000000.00, 92000000.00, 0.479167, 18, '2026-05-10 17:29:42', '1405-02-20'),
(124, 18, 8, 192000000.00, 10000000.00, 0.052083, 18, '2026-05-10 17:29:42', '1405-02-20'),
(127, 31, 1, 19200000.00, 6750000.00, 0.351563, 31, '2026-05-10 17:30:46', '1405-02-20'),
(186, 19, 1, 191000000.00, 130000000.00, 0.680628, 19, '2026-05-11 10:54:44', '1405-02-20'),
(187, 19, 2, 191000000.00, 2600000.00, 0.013613, 19, '2026-05-11 10:54:44', '1405-02-20'),
(188, 19, 3, 191000000.00, 3000000.00, 0.015707, 19, '2026-05-11 10:54:44', '1405-02-20'),
(189, 19, 18, 191000000.00, 200100000.00, 1.047644, 19, '2026-05-11 10:54:44', '1405-02-20'),
(190, 19, 19, 191000000.00, 300000.00, 0.001571, 19, '2026-05-11 10:54:44', '1405-02-20'),
(191, 19, 4, 191000000.00, 78500000.00, 0.410995, 19, '2026-05-11 10:54:44', '1405-02-20'),
(192, 19, 7, 191000000.00, 5000000.00, 0.026178, 19, '2026-05-11 10:54:44', '1405-02-20'),
(193, 19, 9, 191000000.00, 10500000.00, 0.054974, 19, '2026-05-11 10:54:44', '1405-02-20'),
(217, 18, 1, 197000000.00, 165000000.00, 0.837563, 18, '2026-05-11 17:40:42', '1405-02-21'),
(218, 18, 19, 197000000.00, 5000000.00, 0.025381, 18, '2026-05-11 17:40:42', '1405-02-21'),
(219, 18, 4, 197000000.00, 31500000.00, 0.159898, 18, '2026-05-11 17:40:42', '1405-02-21'),
(264, 19, 1, 170000000.00, 18000000.00, 0.105882, 19, '2026-05-12 14:55:19', '1405-02-01'),
(265, 19, 3, 170000000.00, 71800000.00, 0.422353, 19, '2026-05-12 14:55:19', '1405-02-01'),
(266, 19, 18, 170000000.00, 10900000.00, 0.064118, 19, '2026-05-12 14:55:19', '1405-02-01'),
(267, 19, 20, 170000000.00, 500000.00, 0.002941, 19, '2026-05-12 14:55:19', '1405-02-01'),
(289, 19, 1, 172000000.00, 232000000.00, 1.348837, 19, '2026-05-12 15:18:30', '1405-02-02'),
(290, 19, 3, 172000000.00, 25350000.00, 0.147384, 19, '2026-05-12 15:18:30', '1405-02-02'),
(291, 19, 19, 172000000.00, 7550000.00, 0.043895, 19, '2026-05-12 15:18:30', '1405-02-02'),
(292, 19, 18, 172000000.00, 44000000.00, 0.255814, 19, '2026-05-12 15:18:30', '1405-02-02'),
(293, 19, 20, 172000000.00, 300000.00, 0.001744, 19, '2026-05-12 15:18:30', '1405-02-02'),
(294, 19, 6, 172000000.00, 40000000.00, 0.232558, 19, '2026-05-12 15:18:30', '1405-02-02'),
(295, 19, 9, 172000000.00, 6800000.00, 0.039535, 19, '2026-05-12 15:18:30', '1405-02-02'),
(300, 19, 1, 172100000.00, 339500000.00, 1.972690, 19, '2026-05-12 15:29:33', '1405-02-03'),
(301, 19, 3, 172100000.00, 30700000.00, 0.178385, 19, '2026-05-12 15:29:33', '1405-02-03'),
(302, 19, 19, 172100000.00, 3000000.00, 0.017432, 19, '2026-05-12 15:29:33', '1405-02-03'),
(307, 19, 1, 172000000.00, 97200000.00, 0.565116, 19, '2026-05-12 15:42:02', '1405-02-05'),
(308, 19, 3, 172000000.00, 23200000.00, 0.134884, 19, '2026-05-12 15:42:02', '1405-02-05'),
(309, 19, 18, 172000000.00, 64200000.00, 0.373256, 19, '2026-05-12 15:42:02', '1405-02-05'),
(331, 19, 1, 171000000.00, 106000000.00, 0.619883, 19, '2026-05-12 16:30:23', '1405-02-06'),
(332, 19, 3, 171000000.00, 147152000.00, 0.860538, 19, '2026-05-12 16:30:23', '1405-02-06'),
(333, 19, 19, 171000000.00, 15100000.00, 0.088304, 19, '2026-05-12 16:30:23', '1405-02-06'),
(334, 19, 18, 171000000.00, 74000000.00, 0.432749, 19, '2026-05-12 16:30:23', '1405-02-06'),
(335, 19, 9, 171000000.00, 24000000.00, 0.140351, 19, '2026-05-12 16:30:23', '1405-02-06'),
(347, 19, 1, 176500000.00, 92000000.00, 0.521246, 19, '2026-05-12 16:46:29', '1405-02-07'),
(348, 19, 3, 176500000.00, 60903000.00, 0.345059, 19, '2026-05-12 16:46:29', '1405-02-07'),
(349, 19, 19, 176500000.00, 500000.00, 0.002833, 19, '2026-05-12 16:46:29', '1405-02-07'),
(350, 19, 18, 176500000.00, 21700000.00, 0.122946, 19, '2026-05-12 16:46:29', '1405-02-07'),
(351, 19, 21, 176500000.00, 38500000.00, 0.218130, 19, '2026-05-12 16:46:29', '1405-02-07'),
(352, 31, 2, 0.00, 4800000.00, 0.000000, 31, '2026-05-12 16:52:00', '1405-02-22'),
(353, 18, 1, 195000000.00, 12.00, 0.000000, 18, '2026-05-12 17:24:13', '1405-02-22'),
(366, 19, 1, 197000000.00, 95000000.00, 0.482234, 19, '2026-05-12 17:26:02', '1405-02-21'),
(367, 19, 3, 197000000.00, 9800000.00, 0.049746, 19, '2026-05-12 17:26:02', '1405-02-21'),
(368, 19, 19, 197000000.00, 6500000.00, 0.032995, 19, '2026-05-12 17:26:02', '1405-02-21'),
(369, 19, 18, 197000000.00, 35800000.00, 0.181726, 19, '2026-05-12 17:26:02', '1405-02-21'),
(370, 19, 8, 197000000.00, 5000000.00, 0.025381, 19, '2026-05-12 17:26:02', '1405-02-21'),
(371, 19, 9, 197000000.00, 16000000.00, 0.081218, 19, '2026-05-12 17:26:02', '1405-02-21'),
(393, 19, 1, 194000000.00, 116500000.00, 0.600515, 19, '2026-05-12 17:39:11', '1405-02-22'),
(394, 19, 3, 194000000.00, 600000.00, 0.003093, 19, '2026-05-12 17:39:11', '1405-02-22'),
(395, 19, 19, 194000000.00, 2700000.00, 0.013918, 19, '2026-05-12 17:39:11', '1405-02-22'),
(396, 19, 18, 194000000.00, 56200000.00, 0.289691, 19, '2026-05-12 17:39:11', '1405-02-22'),
(397, 19, 21, 194000000.00, 70000000.00, 0.360825, 19, '2026-05-12 17:39:11', '1405-02-22'),
(420, 18, 1, 195000000.00, 68600000.00, 0.351795, 18, '2026-05-13 17:08:37', '1405-02-23'),
(421, 18, 18, 195000000.00, 21500000.00, 0.110256, 18, '2026-05-13 17:08:37', '1405-02-23'),
(422, 18, 20, 195000000.00, 700000.00, 0.003590, 18, '2026-05-13 17:08:37', '1405-02-23'),
(429, 19, 19, 193500000.00, 4900000.00, 0.025323, 19, '2026-05-13 17:30:25', '1405-02-23'),
(430, 19, 23, 193500000.00, 12000000.00, 0.062016, 19, '2026-05-13 17:30:25', '1405-02-23'),
(434, 31, 2, 194500000.00, 600000.00, 0.003085, 31, '2026-05-13 17:31:21', '1405-02-23'),
(435, 31, 19, 194500000.00, 220000.00, 0.001131, 31, '2026-05-13 17:31:21', '1405-02-23'),
(436, 31, 18, 194500000.00, 12000000.00, 0.061697, 31, '2026-05-13 17:31:21', '1405-02-23'),
(437, 31, 23, 194950000.00, 29800000.00, 0.152860, 31, '2026-05-14 16:04:30', '1405-02-24'),
(438, 18, 19, 194000000.00, 2500000.00, 0.012887, 18, '2026-05-14 16:26:45', '1405-02-24'),
(447, 19, 1, 195000000.00, 166500000.00, 0.853846, 19, '2026-05-14 17:40:03', '1405-02-24'),
(448, 19, 3, 195000000.00, 28000000.00, 0.143590, 19, '2026-05-14 17:40:03', '1405-02-24'),
(449, 19, 19, 195000000.00, 1750000.00, 0.008974, 19, '2026-05-14 17:40:03', '1405-02-24'),
(450, 19, 18, 195000000.00, 33500000.00, 0.171795, 19, '2026-05-14 17:40:03', '1405-02-24'),
(451, 19, 2, 0.00, 1.00, 0.000000, 19, '2026-05-16 15:29:32', '1405-02-18'),
(484, 18, 1, 193000000.00, 34000000.00, 0.176166, 18, '2026-05-16 17:14:23', '1405-02-26'),
(485, 18, 19, 193000000.00, 1300000.00, 0.006736, 18, '2026-05-16 17:14:23', '1405-02-26'),
(486, 18, 18, 193000000.00, 27500000.00, 0.142487, 18, '2026-05-16 17:14:23', '1405-02-26'),
(487, 18, 23, 193000000.00, 2800000.00, 0.014508, 18, '2026-05-16 17:14:23', '1405-02-26'),
(507, 19, 1, 192000000.00, 8500000.00, 0.044271, 19, '2026-05-16 17:48:14', '1405-02-26'),
(508, 19, 19, 192000000.00, 22900000.00, 0.119271, 19, '2026-05-16 17:48:14', '1405-02-26'),
(509, 19, 18, 192000000.00, 280800000.00, 1.462500, 19, '2026-05-16 17:48:14', '1405-02-26'),
(510, 19, 23, 192000000.00, 10300000.00, 0.053646, 19, '2026-05-16 17:48:14', '1405-02-26'),
(511, 19, 9, 192000000.00, 1000000.00, 0.005208, 19, '2026-05-16 17:48:14', '1405-02-26'),
(541, 19, 1, 184000000.00, 20500000.00, 0.111413, 19, '2026-05-17 10:27:05', '1405-02-08'),
(542, 19, 3, 184000000.00, 74630000.00, 0.405598, 19, '2026-05-17 10:27:05', '1405-02-08'),
(543, 19, 19, 184000000.00, 4600000.00, 0.025000, 19, '2026-05-17 10:27:05', '1405-02-08'),
(544, 19, 18, 184000000.00, 19500000.00, 0.105978, 19, '2026-05-17 10:27:05', '1405-02-08'),
(545, 19, 7, 184000000.00, 10000000.00, 0.054348, 19, '2026-05-17 10:27:05', '1405-02-08'),
(553, 19, 1, 200000000.00, 2000000.00, 0.010000, 19, '2026-05-17 10:46:52', '1405-02-09'),
(554, 19, 3, 200000000.00, 74490000.00, 0.372450, 19, '2026-05-17 10:46:52', '1405-02-09'),
(555, 19, 19, 200000000.00, 4000000.00, 0.020000, 19, '2026-05-17 10:46:52', '1405-02-09'),
(556, 19, 18, 200000000.00, 49450000.00, 0.247250, 19, '2026-05-17 10:46:52', '1405-02-09'),
(562, 19, 1, 195000000.00, 53000000.00, 0.271795, 19, '2026-05-17 13:52:42', '1405-02-10'),
(563, 19, 3, 195000000.00, 162080000.00, 0.831179, 19, '2026-05-17 13:52:42', '1405-02-10'),
(564, 19, 18, 195000000.00, 39400000.00, 0.202051, 19, '2026-05-17 13:52:42', '1405-02-10'),
(570, 19, 2, 202000000.00, 2500000.00, 0.012376, 19, '2026-05-17 14:10:46', '1405-02-12'),
(571, 19, 3, 202000000.00, 25028000.00, 0.123901, 19, '2026-05-17 14:10:46', '1405-02-12'),
(572, 19, 18, 202000000.00, 15000000.00, 0.074257, 19, '2026-05-17 14:10:46', '1405-02-12'),
(576, 19, 1, 203000000.00, 42500000.00, 0.209360, 19, '2026-05-17 14:51:05', '1405-02-13'),
(577, 19, 18, 203000000.00, 106000000.00, 0.522167, 19, '2026-05-17 14:51:05', '1405-02-13'),
(595, 19, 1, 203000000.00, 300000.00, 0.001478, 19, '2026-05-17 15:21:32', '1405-02-14'),
(596, 19, 3, 203000000.00, 5000000.00, 0.024631, 19, '2026-05-17 15:21:32', '1405-02-14'),
(597, 19, 19, 203000000.00, 1600000.00, 0.007882, 19, '2026-05-17 15:21:32', '1405-02-14'),
(598, 19, 18, 203000000.00, 36700000.00, 0.180788, 19, '2026-05-17 15:21:32', '1405-02-14'),
(599, 19, 23, 203000000.00, 8500000.00, 0.041872, 19, '2026-05-17 15:21:32', '1405-02-14'),
(600, 19, 7, 203000000.00, 109000000.00, 0.536946, 19, '2026-05-17 15:21:32', '1405-02-14'),
(605, 19, 1, 194000000.00, 11000000.00, 0.056701, 19, '2026-05-17 15:46:45', '1405-02-15'),
(606, 19, 3, 194000000.00, 16000000.00, 0.082474, 19, '2026-05-17 15:46:45', '1405-02-15'),
(607, 19, 4, 194000000.00, 80000000.00, 0.412371, 19, '2026-05-17 15:46:45', '1405-02-15'),
(609, 18, 1, 170000000.00, 7500000.00, 0.044118, 18, '2026-05-17 16:13:47', '1405-02-01'),
(610, 18, 3, 170000000.00, 200000.00, 0.001176, 18, '2026-05-17 16:13:47', '1405-02-01'),
(618, 18, 1, 172000000.00, 176700000.00, 1.027326, 18, '2026-05-17 16:18:17', '1405-02-02'),
(619, 18, 18, 172000000.00, 67500000.00, 0.392442, 18, '2026-05-17 16:18:17', '1405-02-02'),
(620, 18, 23, 172000000.00, 22500000.00, 0.130814, 18, '2026-05-17 16:18:17', '1405-02-02'),
(625, 19, 1, 194000000.00, 9500000.00, 0.048969, 19, '2026-05-17 16:27:09', '1405-02-17'),
(626, 19, 19, 194000000.00, 4300000.00, 0.022165, 19, '2026-05-17 16:27:09', '1405-02-17'),
(627, 19, 18, 194000000.00, 24500000.00, 0.126289, 19, '2026-05-17 16:27:09', '1405-02-17'),
(641, 19, 3, 194000000.00, 22443200.00, 0.115687, 19, '2026-05-17 16:35:41', '1405-02-16'),
(642, 19, 4, 194000000.00, 61500000.00, 0.317010, 19, '2026-05-17 16:35:41', '1405-02-16'),
(643, 19, 18, 194000000.00, 22500000.00, 0.115979, 19, '2026-05-17 16:35:41', '1405-02-16'),
(644, 19, 9, 194000000.00, 10500000.00, 0.054124, 19, '2026-05-17 16:35:41', '1405-02-16'),
(647, 18, 1, 191000000.00, 61500000.00, 0.321990, 18, '2026-05-17 17:41:28', '1405-02-27'),
(648, 18, 9, 191000000.00, 1000000.00, 0.005236, 18, '2026-05-17 17:41:28', '1405-02-27'),
(655, 31, 1, 191800000.00, 1460000.00, 0.007612, 31, '2026-05-17 18:05:04', '1405-02-27'),
(656, 31, 2, 191800000.00, 200000.00, 0.001043, 31, '2026-05-17 18:05:04', '1405-02-27'),
(657, 31, 18, 191800000.00, 2600000.00, 0.013556, 31, '2026-05-17 18:05:04', '1405-02-27'),
(658, 31, 23, 191800000.00, 15600000.00, 0.081335, 31, '2026-05-17 18:05:04', '1405-02-27'),
(675, 18, 1, 172000000.00, 17200000.00, 0.100000, 18, '2026-05-18 08:38:16', '1405-02-03'),
(676, 18, 19, 172000000.00, 10000000.00, 0.058140, 18, '2026-05-18 08:38:16', '1405-02-03'),
(677, 18, 18, 172000000.00, 72000000.00, 0.418605, 18, '2026-05-18 08:38:16', '1405-02-03'),
(678, 18, 21, 172000000.00, 307400000.00, 1.787209, 18, '2026-05-18 08:38:16', '1405-02-03'),
(679, 18, 23, 172000000.00, 33000000.00, 0.191860, 18, '2026-05-18 08:38:16', '1405-02-03'),
(683, 18, 1, 172000000.00, 91000000.00, 0.529070, 18, '2026-05-18 08:41:31', '1405-02-05'),
(684, 18, 18, 172000000.00, 34300000.00, 0.199419, 18, '2026-05-18 08:41:31', '1405-02-05'),
(685, 18, 23, 172000000.00, 24700000.00, 0.143605, 18, '2026-05-18 08:41:31', '1405-02-05'),
(689, 18, 1, 171000000.00, 131500000.00, 0.769006, 18, '2026-05-18 08:44:04', '1405-02-06'),
(690, 18, 18, 171000000.00, 20700000.00, 0.121053, 18, '2026-05-18 08:44:04', '1405-02-06'),
(691, 18, 9, 171000000.00, 3000000.00, 0.017544, 18, '2026-05-18 08:44:04', '1405-02-06'),
(693, 18, 18, 176000000.00, 5800000.00, 0.032955, 18, '2026-05-18 08:44:36', '1405-02-07'),
(694, 18, 23, 176000000.00, 11500000.00, 0.065341, 18, '2026-05-18 08:44:36', '1405-02-07'),
(698, 18, 1, 184000000.00, 283000000.00, 1.538043, 18, '2026-05-18 08:47:36', '1405-02-08'),
(699, 18, 18, 184000000.00, 39000000.00, 0.211957, 18, '2026-05-18 08:47:36', '1405-02-08'),
(700, 18, 23, 184000000.00, 99600000.00, 0.541304, 18, '2026-05-18 08:47:36', '1405-02-08'),
(704, 18, 4, 196000000.00, 25300000.00, 0.129082, 18, '2026-05-18 08:56:35', '1405-02-09'),
(705, 18, 18, 196000000.00, 37500000.00, 0.191327, 18, '2026-05-18 08:56:35', '1405-02-09'),
(706, 18, 23, 196000000.00, 40500000.00, 0.206633, 18, '2026-05-18 08:56:35', '1405-02-09'),
(707, 18, 2, 198000000.00, 1000000.00, 0.005051, 18, '2026-05-18 08:57:03', '1405-02-10'),
(709, 18, 19, 203000000.00, 3000000.00, 0.014778, 18, '2026-05-18 08:57:48', '1405-02-12'),
(710, 18, 18, 203000000.00, 4500000.00, 0.022167, 18, '2026-05-18 08:57:48', '1405-02-12'),
(714, 18, 1, 202500000.00, 218000000.00, 1.076543, 18, '2026-05-18 08:59:25', '1405-02-13'),
(715, 18, 18, 202500000.00, 106500000.00, 0.525926, 18, '2026-05-18 08:59:25', '1405-02-13'),
(716, 18, 23, 202500000.00, 2500000.00, 0.012346, 18, '2026-05-18 08:59:25', '1405-02-13'),
(720, 18, 1, 200000000.00, 796800000.00, 3.984000, 18, '2026-05-18 09:00:10', '1405-02-14'),
(721, 18, 21, 200000000.00, 181750000.00, 0.908750, 18, '2026-05-18 09:00:10', '1405-02-14'),
(722, 18, 23, 200000000.00, 600000.00, 0.003000, 18, '2026-05-18 09:00:10', '1405-02-14'),
(723, 18, 18, 190000000.00, 1200000.00, 0.006316, 18, '2026-05-18 09:00:43', '1405-02-15'),
(738, 18, 19, 194000000.00, 1500000.00, 0.007732, 18, '2026-05-18 09:01:56', '1405-02-16'),
(739, 18, 18, 194000000.00, 64500000.00, 0.332474, 18, '2026-05-18 09:01:56', '1405-02-16'),
(740, 18, 23, 194000000.00, 2000000.00, 0.010309, 18, '2026-05-18 09:01:56', '1405-02-16'),
(741, 18, 6, 194000000.00, 10000000.00, 0.051546, 18, '2026-05-18 09:01:56', '1405-02-16'),
(743, 18, 18, 195000000.00, 12000000.00, 0.061538, 18, '2026-05-18 09:02:54', '1405-02-17'),
(744, 18, 20, 195000000.00, 30300000.00, 0.155385, 18, '2026-05-18 09:02:54', '1405-02-17'),
(810, 18, 1, 188500000.00, 173000000.00, 0.917772, 18, '2026-05-18 17:11:07', '1405-02-28'),
(811, 18, 18, 188500000.00, 171500000.00, 0.909814, 18, '2026-05-18 17:11:07', '1405-02-28'),
(812, 18, 9, 188500000.00, 1000000.00, 0.005305, 18, '2026-05-18 17:11:07', '1405-02-28'),
(813, 18, 10, 188500000.00, 1500000.00, 0.007958, 18, '2026-05-18 17:11:07', '1405-02-28'),
(814, 18, 19, 194500000.00, 2000000.00, 0.010283, 18, '2026-05-18 17:13:16', '1405-02-19'),
(815, 18, 9, 194500000.00, 1650000.00, 0.008483, 18, '2026-05-18 17:13:16', '1405-02-19'),
(826, 31, 1, 188600000.00, 124500000.00, 0.660127, 31, '2026-05-18 18:37:29', '1405-02-28'),
(827, 31, 2, 188600000.00, 6000000.00, 0.031813, 31, '2026-05-18 18:37:29', '1405-02-28'),
(828, 31, 19, 188600000.00, 1150000.00, 0.006098, 31, '2026-05-18 18:37:29', '1405-02-28'),
(829, 31, 18, 188600000.00, 14500000.00, 0.076882, 31, '2026-05-18 18:37:29', '1405-02-28'),
(830, 31, 6, 188600000.00, 10000000.00, 0.053022, 31, '2026-05-18 18:37:29', '1405-02-28'),
(847, 19, 1, 189000000.00, 18500000.00, 0.097884, 19, '2026-05-19 19:54:53', '1405-02-28'),
(848, 19, 3, 189000000.00, 2800000.00, 0.014815, 19, '2026-05-19 19:54:53', '1405-02-28'),
(849, 19, 19, 189000000.00, 6230000.00, 0.032963, 19, '2026-05-19 19:54:53', '1405-02-28'),
(850, 19, 23, 189000000.00, 18500000.00, 0.097884, 19, '2026-05-19 19:54:53', '1405-02-28'),
(852, 19, 1, 191000000.00, 208700000.00, 1.092670, 19, '2026-05-19 21:01:07', '1405-02-27'),
(853, 19, 2, 191000000.00, 9000000.00, 0.047120, 19, '2026-05-19 21:01:07', '1405-02-27'),
(854, 19, 3, 191000000.00, 5000000.00, 0.026178, 19, '2026-05-19 21:01:07', '1405-02-27'),
(855, 19, 4, 191000000.00, 61200000.00, 0.320419, 19, '2026-05-19 21:01:07', '1405-02-27'),
(856, 19, 19, 191000000.00, 500000.00, 0.002618, 19, '2026-05-19 21:01:07', '1405-02-27'),
(857, 19, 18, 191000000.00, 47600000.00, 0.249215, 19, '2026-05-19 21:01:07', '1405-02-27'),
(858, 19, 21, 191000000.00, 1.00, 0.000000, 19, '2026-05-19 21:01:07', '1405-02-27'),
(859, 19, 20, 191000000.00, 1000000.00, 0.005236, 19, '2026-05-19 21:01:07', '1405-02-27'),
(860, 19, 23, 191000000.00, 34700000.00, 0.181675, 19, '2026-05-19 21:01:07', '1405-02-27'),
(861, 19, 5, 191000000.00, 5500000.00, 0.028796, 19, '2026-05-19 21:01:07', '1405-02-27'),
(871, 18, 19, 189000000.00, 9900000.00, 0.052381, 18, '2026-05-20 08:35:47', '1405-02-29'),
(872, 18, 23, 189000000.00, 24900000.00, 0.131746, 18, '2026-05-20 08:35:47', '1405-02-29'),
(879, 18, 1, 191500000.00, 5500000.00, 0.028721, 18, '2026-05-20 16:59:22', '1405-02-30'),
(880, 18, 2, 191500000.00, 500000.00, 0.002611, 18, '2026-05-20 16:59:22', '1405-02-30'),
(881, 18, 18, 191500000.00, 18000000.00, 0.093995, 18, '2026-05-20 16:59:22', '1405-02-30'),
(882, 18, 23, 191500000.00, 11500000.00, 0.060052, 18, '2026-05-20 16:59:22', '1405-02-30'),
(886, 31, 1, 191250000.00, 32000000.00, 0.167320, 31, '2026-05-20 17:36:41', '1405-02-30'),
(887, 31, 2, 191250000.00, 400000.00, 0.002092, 31, '2026-05-20 17:36:41', '1405-02-30'),
(888, 31, 19, 191250000.00, 3780000.00, 0.019765, 31, '2026-05-20 17:36:41', '1405-02-30'),
(911, 19, 1, 188000000.00, 17000000.00, 0.090426, 19, '2026-05-21 15:49:03', '1405-02-29'),
(912, 19, 2, 188000000.00, 7900000.00, 0.042021, 19, '2026-05-21 15:49:03', '1405-02-29'),
(913, 19, 3, 188000000.00, 8600000.00, 0.045745, 19, '2026-05-21 15:49:03', '1405-02-29'),
(914, 19, 4, 188000000.00, 91900000.00, 0.488830, 19, '2026-05-21 15:49:03', '1405-02-29'),
(915, 19, 18, 188000000.00, 24000000.00, 0.127660, 19, '2026-05-21 15:49:03', '1405-02-29'),
(916, 19, 6, 188000000.00, 10000000.00, 0.053191, 19, '2026-05-21 15:49:03', '1405-02-29'),
(935, 19, 1, 191500000.00, 75000000.00, 0.391645, 19, '2026-05-21 15:57:34', '1405-02-30'),
(936, 19, 3, 191500000.00, 45800000.00, 0.239164, 19, '2026-05-21 15:57:34', '1405-02-30'),
(937, 19, 19, 191500000.00, 5500000.00, 0.028721, 19, '2026-05-21 15:57:34', '1405-02-30'),
(938, 19, 18, 191500000.00, 147700000.00, 0.771279, 19, '2026-05-21 15:57:34', '1405-02-30'),
(939, 19, 8, 191500000.00, 73500000.00, 0.383812, 19, '2026-05-21 15:57:34', '1405-02-30'),
(940, 19, 9, 191500000.00, 3000000.00, 0.015666, 19, '2026-05-21 15:57:34', '1405-02-30'),
(941, 31, 2, 189760000.00, 2280000.00, 0.012015, 31, '2026-05-21 16:19:25', '1405-02-31'),
(942, 31, 1, 192500000.00, 2120000.00, 0.011013, 31, '2026-05-21 16:23:15', '1405-02-26'),
(943, 31, 2, 192500000.00, 200000.00, 0.001039, 31, '2026-05-21 16:23:15', '1405-02-26'),
(947, 18, 1, 190000000.00, 151000000.00, 0.794737, 18, '2026-05-21 16:50:46', '1405-02-31'),
(948, 18, 18, 190000000.00, 34000000.00, 0.178947, 18, '2026-05-21 16:50:46', '1405-02-31'),
(949, 18, 23, 190000000.00, 1000000.00, 0.005263, 18, '2026-05-21 16:50:46', '1405-02-31'),
(953, 18, 1, 187000000.00, 45300000.00, 0.242246, 18, '2026-05-23 17:28:28', '1405-03-02'),
(954, 18, 19, 187000000.00, 3200000.00, 0.017112, 18, '2026-05-23 17:28:28', '1405-03-02'),
(955, 18, 18, 187000000.00, 2500000.00, 0.013369, 18, '2026-05-23 17:28:28', '1405-03-02'),
(969, 31, 1, 185000000.00, 82500000.00, 0.445946, 31, '2026-05-23 18:24:26', '1405-03-02'),
(970, 31, 2, 185000000.00, 4400000.00, 0.023784, 31, '2026-05-23 18:24:26', '1405-03-02'),
(972, 31, 2, 178900000.00, 1000000.00, 0.005590, 31, '2026-05-24 17:23:31', '1405-03-03'),
(973, 31, 18, 178900000.00, 17800000.00, 0.099497, 31, '2026-05-24 17:23:31', '1405-03-03'),
(975, 18, 1, 180000000.00, 47500000.00, 0.263889, 18, '2026-05-24 17:35:02', '1405-03-03'),
(976, 18, 2, 180000000.00, 1200000.00, 0.006667, 18, '2026-05-24 17:35:02', '1405-03-03'),
(1005, 18, 1, 185000000.00, 94000000.00, 0.508108, 18, '2026-05-25 16:23:30', '1405-03-04'),
(1006, 18, 18, 185000000.00, 83000000.00, 0.448649, 18, '2026-05-25 16:23:30', '1405-03-04'),
(1007, 18, 23, 185000000.00, 1500000.00, 0.008108, 18, '2026-05-25 16:23:30', '1405-03-04'),
(1008, 31, 9, 183000000.00, 5750000.00, 0.031421, 31, '2026-05-25 17:34:21', '1405-03-04'),
(1009, 19, 2, 190000000.00, 570000.00, 0.003000, 19, '2026-05-26 08:47:52', '1405-02-31'),
(1010, 19, 3, 190000000.00, 5600000.00, 0.029474, 19, '2026-05-26 08:47:52', '1405-02-31'),
(1011, 19, 19, 190000000.00, 8200000.00, 0.043158, 19, '2026-05-26 08:47:52', '1405-02-31'),
(1012, 19, 18, 190000000.00, 88600000.00, 0.466316, 19, '2026-05-26 08:47:52', '1405-02-31'),
(1013, 19, 23, 190000000.00, 23000000.00, 0.121053, 19, '2026-05-26 08:47:52', '1405-02-31'),
(1014, 19, 9, 190000000.00, 2000000.00, 0.010526, 19, '2026-05-26 08:47:52', '1405-02-31'),
(1113, 19, 1, 182000000.00, 43100000.00, 0.236813, 19, '2026-05-26 14:25:11', '1405-03-04'),
(1114, 19, 2, 182000000.00, 36000000.00, 0.197802, 19, '2026-05-26 14:25:11', '1405-03-04'),
(1115, 19, 19, 182000000.00, 2700000.00, 0.014835, 19, '2026-05-26 14:25:11', '1405-03-04'),
(1116, 19, 4, 182000000.00, 31000000.00, 0.170330, 19, '2026-05-26 14:25:11', '1405-03-04'),
(1117, 19, 23, 182000000.00, 5500000.00, 0.030220, 19, '2026-05-26 14:25:11', '1405-03-04'),
(1122, 18, 1, 182500000.00, 119700000.00, 0.655890, 18, '2026-05-26 17:13:32', '1405-03-05'),
(1123, 18, 23, 182500000.00, 20900000.00, 0.114521, 18, '2026-05-26 17:13:32', '1405-03-05'),
(1125, 31, 2, 183400000.00, 2000000.00, 0.010905, 31, '2026-05-26 17:54:08', '1405-03-05'),
(1126, 31, 4, 183400000.00, 63500000.00, 0.346238, 31, '2026-05-26 17:54:08', '1405-03-05'),
(1130, 18, 1, 182000000.00, 21500000.00, 0.118132, 18, '2026-05-27 17:55:22', '1405-03-06'),
(1131, 18, 19, 182000000.00, 3300000.00, 0.018132, 18, '2026-05-27 17:55:22', '1405-03-06'),
(1132, 18, 18, 182000000.00, 22500000.00, 0.123626, 18, '2026-05-27 17:55:22', '1405-03-06'),
(1137, 31, 2, 180640000.00, 740000.00, 0.004097, 31, '2026-05-28 16:24:21', '1405-03-07'),
(1146, 18, 1, 181000000.00, 30000000.00, 0.165746, 18, '2026-05-28 16:27:14', '1405-03-07'),
(1147, 18, 19, 181000000.00, 2600000.00, 0.014365, 18, '2026-05-28 16:27:14', '1405-03-07'),
(1148, 18, 18, 181000000.00, 79400000.00, 0.438674, 18, '2026-05-28 16:27:14', '1405-03-07'),
(1157, 18, 1, 179000000.00, 103500000.00, 0.578212, 18, '2026-05-30 17:27:53', '1405-03-09'),
(1158, 18, 19, 179000000.00, 6300000.00, 0.035196, 18, '2026-05-30 17:27:53', '1405-03-09'),
(1159, 18, 18, 179000000.00, 8400000.00, 0.046927, 18, '2026-05-30 17:27:53', '1405-03-09'),
(1217, 19, 1, 183000000.00, 28200000.00, 0.154098, 19, '2026-05-31 16:56:21', '1405-03-05'),
(1218, 19, 3, 183000000.00, 1100000.00, 0.006011, 19, '2026-05-31 16:56:21', '1405-03-05'),
(1219, 19, 19, 183000000.00, 180000.00, 0.000984, 19, '2026-05-31 16:56:21', '1405-03-05'),
(1220, 19, 18, 183000000.00, 3100000.00, 0.016940, 19, '2026-05-31 16:56:21', '1405-03-05'),
(1221, 19, 4, 183000000.00, 36000000.00, 0.196721, 19, '2026-05-31 16:56:21', '1405-03-05'),
(1222, 19, 7, 183000000.00, 15000000.00, 0.081967, 19, '2026-05-31 16:56:21', '1405-03-05'),
(1223, 19, 9, 183000000.00, 10000000.00, 0.054645, 19, '2026-05-31 16:56:21', '1405-03-05'),
(1227, 19, 3, 180000000.00, 400000.00, 0.002222, 19, '2026-05-31 16:58:49', '1405-03-06'),
(1228, 19, 19, 180000000.00, 2800000.00, 0.015556, 19, '2026-05-31 16:58:49', '1405-03-06'),
(1229, 19, 18, 180000000.00, 23000000.00, 0.127778, 19, '2026-05-31 16:58:49', '1405-03-06'),
(1323, 18, 1, 180000000.00, 48400000.00, 0.268889, 18, '2026-05-31 17:17:28', '1405-03-10'),
(1324, 18, 18, 180000000.00, 12800000.00, 0.071111, 18, '2026-05-31 17:17:28', '1405-03-10'),
(1325, 18, 23, 180000000.00, 500000.00, 0.002778, 18, '2026-05-31 17:17:28', '1405-03-10'),
(1346, 31, 1, 181000000.00, 70410000.00, 0.389006, 31, '2026-05-31 17:41:38', '1405-03-10'),
(1347, 31, 2, 181000000.00, 2540000.00, 0.014033, 31, '2026-05-31 17:41:38', '1405-03-10'),
(1348, 31, 19, 181000000.00, 1810000.00, 0.010000, 31, '2026-05-31 17:41:38', '1405-03-10'),
(1349, 31, 18, 181000000.00, 5650000.00, 0.031215, 31, '2026-05-31 17:41:38', '1405-03-10'),
(1437, 19, 1, 184000000.00, 11300000.00, 0.061413, 19, '2026-06-01 15:18:28', '1405-03-02'),
(1438, 19, 2, 184000000.00, 7300000.00, 0.039674, 19, '2026-06-01 15:18:28', '1405-03-02'),
(1439, 19, 3, 184000000.00, 489084000.00, 2.658065, 19, '2026-06-01 15:18:28', '1405-03-02'),
(1440, 19, 4, 184000000.00, 220000000.00, 1.195652, 19, '2026-06-01 15:18:28', '1405-03-02'),
(1441, 19, 19, 184000000.00, 7700000.00, 0.041848, 19, '2026-06-01 15:18:28', '1405-03-02'),
(1442, 19, 18, 184000000.00, 16400000.00, 0.089130, 19, '2026-06-01 15:18:28', '1405-03-02'),
(1443, 19, 23, 184000000.00, 42400000.00, 0.230435, 19, '2026-06-01 15:18:28', '1405-03-02'),
(1444, 19, 9, 184000000.00, 3000000.00, 0.016304, 19, '2026-06-01 15:18:28', '1405-03-02'),
(1445, 19, 1, 183000000.00, 78000000.00, 0.426230, 19, '2026-06-01 15:19:19', '1405-03-03'),
(1446, 19, 2, 183000000.00, 34000000.00, 0.185792, 19, '2026-06-01 15:19:19', '1405-03-03'),
(1447, 19, 3, 183000000.00, 62403000.00, 0.341000, 19, '2026-06-01 15:19:19', '1405-03-03'),
(1448, 19, 4, 183000000.00, 135000000.00, 0.737705, 19, '2026-06-01 15:19:19', '1405-03-03'),
(1449, 19, 19, 183000000.00, 32700000.00, 0.178689, 19, '2026-06-01 15:19:19', '1405-03-03'),
(1450, 19, 18, 183000000.00, 12500000.00, 0.068306, 19, '2026-06-01 15:19:19', '1405-03-03'),
(1451, 19, 23, 183000000.00, 400000.00, 0.002186, 19, '2026-06-01 15:19:19', '1405-03-03'),
(1452, 19, 8, 183000000.00, 35000000.00, 0.191257, 19, '2026-06-01 15:19:19', '1405-03-03'),
(1453, 19, 9, 183000000.00, 4000000.00, 0.021858, 19, '2026-06-01 15:19:19', '1405-03-03'),
(1454, 19, 1, 181000000.00, 10000000.00, 0.055249, 19, '2026-06-01 15:20:46', '1405-03-07'),
(1455, 19, 2, 181000000.00, 1500000.00, 0.008287, 19, '2026-06-01 15:20:46', '1405-03-07'),
(1456, 19, 3, 181000000.00, 166959000.00, 0.922425, 19, '2026-06-01 15:20:46', '1405-03-07'),
(1457, 19, 4, 181000000.00, 13000000.00, 0.071823, 19, '2026-06-01 15:20:46', '1405-03-07'),
(1458, 19, 19, 181000000.00, 800000.00, 0.004420, 19, '2026-06-01 15:20:46', '1405-03-07'),
(1459, 19, 18, 181000000.00, 4900000.00, 0.027072, 19, '2026-06-01 15:20:46', '1405-03-07'),
(1460, 19, 23, 181000000.00, 6600000.00, 0.036464, 19, '2026-06-01 15:20:46', '1405-03-07'),
(1461, 19, 1, 178000000.00, 166700000.00, 0.936517, 19, '2026-06-01 15:21:49', '1405-03-09'),
(1462, 19, 2, 178000000.00, 900000.00, 0.005056, 19, '2026-06-01 15:21:49', '1405-03-09'),
(1463, 19, 3, 178000000.00, 53218000.00, 0.298978, 19, '2026-06-01 15:21:49', '1405-03-09'),
(1464, 19, 19, 178000000.00, 4200000.00, 0.023596, 19, '2026-06-01 15:21:49', '1405-03-09'),
(1465, 19, 18, 178000000.00, 310500000.00, 1.744382, 19, '2026-06-01 15:21:49', '1405-03-09'),
(1466, 19, 1, 180500000.00, 148600000.00, 0.823269, 19, '2026-06-01 15:22:51', '1405-03-10'),
(1467, 19, 2, 180500000.00, 350000.00, 0.001939, 19, '2026-06-01 15:22:51', '1405-03-10'),
(1468, 19, 3, 180500000.00, 43529500.00, 0.241161, 19, '2026-06-01 15:22:51', '1405-03-10'),
(1469, 19, 19, 180500000.00, 17200000.00, 0.095291, 19, '2026-06-01 15:22:51', '1405-03-10'),
(1470, 19, 18, 180500000.00, 38500000.00, 0.213296, 19, '2026-06-01 15:22:51', '1405-03-10'),
(1471, 19, 23, 180500000.00, 16000000.00, 0.088643, 19, '2026-06-01 15:22:51', '1405-03-10'),
(1472, 19, 8, 180500000.00, 10000000.00, 0.055402, 19, '2026-06-01 15:22:51', '1405-03-10'),
(1473, 19, 9, 180500000.00, 3000000.00, 0.016620, 19, '2026-06-01 15:22:51', '1405-03-10'),
(1477, 18, 1, 186000000.00, 138000000.00, 0.741935, 18, '2026-06-01 16:53:36', '1405-03-11'),
(1478, 18, 23, 186000000.00, 500000.00, 0.002688, 18, '2026-06-01 16:53:36', '1405-03-11'),
(1480, 31, 1, 185200000.00, 6500000.00, 0.035097, 31, '2026-06-01 17:05:02', '1405-03-11'),
(1481, 31, 18, 185200000.00, 1850000.00, 0.009989, 31, '2026-06-01 17:05:02', '1405-03-11'),
(1615, 19, 1, 185000000.00, 85800000.00, 0.463784, 19, '2026-06-01 17:25:42', '1405-03-11'),
(1616, 19, 2, 185000000.00, 7300000.00, 0.039459, 19, '2026-06-01 17:25:42', '1405-03-11'),
(1617, 19, 3, 185000000.00, 3000000.00, 0.016216, 19, '2026-06-01 17:25:42', '1405-03-11'),
(1618, 19, 4, 185000000.00, 26000000.00, 0.140541, 19, '2026-06-01 17:25:42', '1405-03-11'),
(1619, 19, 19, 185000000.00, 3400000.00, 0.018378, 19, '2026-06-01 17:25:42', '1405-03-11'),
(1620, 19, 18, 185000000.00, 41800000.00, 0.225946, 19, '2026-06-01 17:25:42', '1405-03-11'),
(1621, 19, 23, 185000000.00, 3500000.00, 0.018919, 19, '2026-06-01 17:25:42', '1405-03-11'),
(1622, 19, 6, 185000000.00, 15000000.00, 0.081081, 19, '2026-06-01 17:25:42', '1405-03-11'),
(1623, 19, 9, 185000000.00, 1000000.00, 0.005405, 19, '2026-06-01 17:25:42', '1405-03-11'),
(1624, 19, 10, 185000000.00, 1000000.00, 0.005405, 19, '2026-06-01 17:25:42', '1405-03-11'),
(1628, 18, 1, 183000000.00, 162500000.00, 0.887978, 18, '2026-06-02 17:51:21', '1405-03-12'),
(1629, 18, 19, 183000000.00, 4200000.00, 0.022951, 18, '2026-06-02 17:51:21', '1405-03-12'),
(1630, 18, 18, 183000000.00, 36200000.00, 0.197814, 18, '2026-06-02 17:51:21', '1405-03-12'),
(1654, 31, 1, 182500000.00, 127600000.00, 0.699178, 31, '2026-06-02 18:12:55', '1405-03-12'),
(1655, 31, 19, 182500000.00, 2900000.00, 0.015890, 31, '2026-06-02 18:12:55', '1405-03-12'),
(1656, 31, 18, 182500000.00, 12150000.00, 0.066575, 31, '2026-06-02 18:12:55', '1405-03-12'),
(1693, 19, 2, 182000000.00, 3100000.00, 0.017033, 19, '2026-06-03 16:35:09', '1405-03-12'),
(1694, 19, 19, 182000000.00, 8800000.00, 0.048352, 19, '2026-06-03 16:35:09', '1405-03-12'),
(1695, 19, 18, 182000000.00, 75500000.00, 0.414835, 19, '2026-06-03 16:35:09', '1405-03-12'),
(1696, 19, 23, 182000000.00, 8500000.00, 0.046703, 19, '2026-06-03 16:35:09', '1405-03-12'),
(1697, 19, 8, 182000000.00, 8000000.00, 0.043956, 19, '2026-06-03 16:35:09', '1405-03-12'),
(1701, 18, 1, 182000000.00, 45000000.00, 0.247253, 18, '2026-06-03 17:14:29', '1405-03-13'),
(1702, 18, 18, 182000000.00, 50000000.00, 0.274725, 18, '2026-06-03 17:14:29', '1405-03-13'),
(1704, 31, 1, 184100000.00, 14000000.00, 0.076046, 31, '2026-06-03 17:45:53', '1405-03-13'),
(1705, 31, 2, 184100000.00, 1650000.00, 0.008963, 31, '2026-06-03 17:45:53', '1405-03-13'),
(1829, 19, 1, 182500000.00, 10500000.00, 0.057534, 19, '2026-06-06 16:11:19', '1405-03-13'),
(1830, 19, 2, 182500000.00, 115900000.00, 0.635068, 19, '2026-06-06 16:11:19', '1405-03-13'),
(1831, 19, 3, 182500000.00, 6700000.00, 0.036712, 19, '2026-06-06 16:11:19', '1405-03-13'),
(1832, 19, 4, 182500000.00, 21500000.00, 0.117808, 19, '2026-06-06 16:11:19', '1405-03-13'),
(1833, 19, 19, 182500000.00, 9800000.00, 0.053699, 19, '2026-06-06 16:11:19', '1405-03-13'),
(1834, 19, 18, 182500000.00, 15000000.00, 0.082192, 19, '2026-06-06 16:11:19', '1405-03-13'),
(1835, 19, 23, 182500000.00, 20000000.00, 0.109589, 19, '2026-06-06 16:11:19', '1405-03-13'),
(1836, 19, 6, 182500000.00, 16000000.00, 0.087671, 19, '2026-06-06 16:11:19', '1405-03-13'),
(1837, 19, 9, 182500000.00, 1500000.00, 0.008219, 19, '2026-06-06 16:11:19', '1405-03-13'),
(1844, 31, 2, 179300000.00, 1100000.00, 0.006135, 31, '2026-06-06 17:18:49', '1405-03-16'),
(1845, 31, 19, 179300000.00, 2500000.00, 0.013943, 31, '2026-06-06 17:18:49', '1405-03-16'),
(1846, 31, 18, 179300000.00, 7000000.00, 0.039041, 31, '2026-06-06 17:18:49', '1405-03-16'),
(1847, 31, 6, 179300000.00, 50000000.00, 0.278862, 31, '2026-06-06 17:18:49', '1405-03-16'),
(1851, 18, 2, 179000000.00, 1000000.00, 0.005587, 18, '2026-06-06 17:25:07', '1405-03-16'),
(1852, 18, 18, 179000000.00, 10000000.00, 0.055866, 18, '2026-06-06 17:25:07', '1405-03-16'),
(1853, 18, 23, 179000000.00, 18500000.00, 0.103352, 18, '2026-06-06 17:25:07', '1405-03-16'),
(1862, 19, 2, 180000000.00, 12050000.00, 0.066944, 19, '2026-06-06 17:59:53', '1405-03-16'),
(1863, 19, 19, 180000000.00, 3050000.00, 0.016944, 19, '2026-06-06 17:59:53', '1405-03-16'),
(1864, 19, 18, 180000000.00, 18500000.00, 0.102778, 19, '2026-06-06 17:59:53', '1405-03-16'),
(1875, 18, 1, 181500000.00, 35000000.00, 0.192837, 18, '2026-06-07 17:20:09', '1405-03-17'),
(1876, 18, 2, 181500000.00, 200000.00, 0.001102, 18, '2026-06-07 17:20:09', '1405-03-17'),
(1877, 18, 19, 181500000.00, 12600000.00, 0.069421, 18, '2026-06-07 17:20:09', '1405-03-17'),
(1878, 18, 23, 181500000.00, 17500000.00, 0.096419, 18, '2026-06-07 17:20:09', '1405-03-17'),
(1892, 31, 1, 182800000.00, 181000000.00, 0.990153, 31, '2026-06-07 18:51:59', '1405-03-17'),
(1893, 31, 2, 182800000.00, 400000.00, 0.002188, 31, '2026-06-07 18:51:59', '1405-03-17'),
(1894, 31, 4, 182800000.00, 22300000.00, 0.121991, 31, '2026-06-07 18:51:59', '1405-03-17'),
(1916, 19, 2, 182800000.00, 200000.00, 0.001094, 19, '2026-06-08 13:51:49', '1405-03-17'),
(1917, 19, 3, 182800000.00, 22800000.00, 0.124726, 19, '2026-06-08 13:51:49', '1405-03-17'),
(1918, 19, 23, 182800000.00, 300000.00, 0.001641, 19, '2026-06-08 13:51:49', '1405-03-17'),
(1919, 19, 7, 182800000.00, 34000000.00, 0.185996, 19, '2026-06-08 13:51:49', '1405-03-17'),
(1920, 19, 8, 182800000.00, 6000000.00, 0.032823, 19, '2026-06-08 13:51:49', '1405-03-17'),
(1921, 18, 18, 179500000.00, 1000000.00, 0.005571, 18, '2026-06-08 17:12:28', '1405-03-18'),
(1928, 31, 19, 180000000.00, 1500000.00, 0.008333, 31, '2026-06-08 17:28:56', '1405-03-18'),
(1929, 31, 18, 180000000.00, 12300000.00, 0.068333, 31, '2026-06-08 17:28:56', '1405-03-18'),
(1930, 31, 23, 180000000.00, 20000000.00, 0.111111, 31, '2026-06-08 17:28:56', '1405-03-18'),
(1985, 19, 1, 181000000.00, 110000000.00, 0.607735, 19, '2026-06-08 17:52:25', '1405-03-18'),
(1986, 19, 2, 181000000.00, 3300000.00, 0.018232, 19, '2026-06-08 17:52:25', '1405-03-18'),
(1987, 19, 3, 181000000.00, 4000000.00, 0.022099, 19, '2026-06-08 17:52:25', '1405-03-18'),
(1988, 19, 19, 181000000.00, 7150000.00, 0.039503, 19, '2026-06-08 17:52:25', '1405-03-18'),
(1989, 19, 18, 181000000.00, 114800000.00, 0.634254, 19, '2026-06-08 17:52:25', '1405-03-18'),
(1990, 19, 6, 181000000.00, 10000000.00, 0.055249, 19, '2026-06-08 17:52:25', '1405-03-18'),
(1991, 18, 18, 179000000.00, 86000000.00, 0.480447, 18, '2026-06-09 16:58:07', '1405-03-19'),
(2064, 19, 1, 179500000.00, 48300000.00, 0.269081, 19, '2026-06-10 16:16:12', '1405-03-19'),
(2065, 19, 3, 179500000.00, 221350000.00, 1.233148, 19, '2026-06-10 16:16:12', '1405-03-19'),
(2066, 19, 19, 179500000.00, 3000000.00, 0.016713, 19, '2026-06-10 16:16:12', '1405-03-19'),
(2067, 19, 18, 179500000.00, 280000000.00, 1.559889, 19, '2026-06-10 16:16:12', '1405-03-19'),
(2068, 19, 23, 179500000.00, 8000000.00, 0.044568, 19, '2026-06-10 16:16:12', '1405-03-19'),
(2069, 19, 9, 179500000.00, 10000000.00, 0.055710, 19, '2026-06-10 16:16:12', '1405-03-19'),
(2073, 18, 1, 178500000.00, 483600000.00, 2.709244, 18, '2026-06-10 16:50:51', '1405-03-20'),
(2074, 18, 2, 178500000.00, 500000.00, 0.002801, 18, '2026-06-10 16:50:51', '1405-03-20'),
(2075, 18, 23, 178500000.00, 500000.00, 0.002801, 18, '2026-06-10 16:50:51', '1405-03-20'),
(2100, 31, 1, 178000000.00, 12500000.00, 0.070225, 31, '2026-06-10 17:17:00', '1405-03-20'),
(2196, 19, 1, 178000000.00, 134000000.00, 0.752809, 19, '2026-06-10 17:46:30', '1405-03-20'),
(2197, 19, 2, 178000000.00, 2700000.00, 0.015169, 19, '2026-06-10 17:46:30', '1405-03-20'),
(2198, 19, 3, 178000000.00, 24400000.00, 0.137079, 19, '2026-06-10 17:46:30', '1405-03-20'),
(2199, 19, 19, 178000000.00, 800000.00, 0.004494, 19, '2026-06-10 17:46:30', '1405-03-20'),
(2200, 19, 18, 178000000.00, 17500000.00, 0.098315, 19, '2026-06-10 17:46:30', '1405-03-20'),
(2201, 19, 23, 178000000.00, 6000000.00, 0.033708, 19, '2026-06-10 17:46:30', '1405-03-20'),
(2202, 19, 9, 178000000.00, 3000000.00, 0.016854, 19, '2026-06-10 17:46:30', '1405-03-20'),
(2203, 18, 2, 178600000.00, 500000.00, 0.002800, 18, '2026-06-11 16:21:03', '1405-03-21'),
(2213, 31, 1, 179400000.00, 30500000.00, 0.170011, 31, '2026-06-11 16:50:30', '1405-03-21'),
(2214, 31, 4, 179400000.00, 101250000.00, 0.564381, 31, '2026-06-11 16:50:30', '1405-03-21'),
(2215, 31, 19, 179400000.00, 5600000.00, 0.031215, 31, '2026-06-11 16:50:30', '1405-03-21'),
(2260, 19, 1, 178500000.00, 34000000.00, 0.190476, 19, '2026-06-13 15:46:29', '1405-03-21'),
(2261, 19, 2, 178500000.00, 74300000.00, 0.416246, 19, '2026-06-13 15:46:29', '1405-03-21'),
(2262, 19, 4, 178500000.00, 20700000.00, 0.115966, 19, '2026-06-13 15:46:29', '1405-03-21'),
(2263, 19, 19, 178500000.00, 12650000.00, 0.070868, 19, '2026-06-13 15:46:29', '1405-03-21'),
(2264, 19, 18, 178500000.00, 24900000.00, 0.139496, 19, '2026-06-13 15:46:29', '1405-03-21'),
(2265, 19, 8, 178500000.00, 7000000.00, 0.039216, 19, '2026-06-13 15:46:29', '1405-03-21'),
(2268, 18, 1, 172000000.00, 81600000.00, 0.474419, 18, '2026-06-13 17:03:32', '1405-03-23'),
(2270, 31, 1, 174000000.00, 62000000.00, 0.356322, 31, '2026-06-13 17:14:54', '1405-03-23'),
(2271, 31, 18, 174000000.00, 1200000.00, 0.006897, 31, '2026-06-13 17:14:54', '1405-03-23'),
(2319, 19, 1, 171500000.00, 192700000.00, 1.123615, 19, '2026-06-14 09:01:32', '1405-03-23'),
(2320, 19, 2, 171500000.00, 3200000.00, 0.018659, 19, '2026-06-14 09:01:32', '1405-03-23'),
(2321, 19, 3, 171500000.00, 250000.00, 0.001458, 19, '2026-06-14 09:01:32', '1405-03-23'),
(2322, 19, 18, 171500000.00, 26500000.00, 0.154519, 19, '2026-06-14 09:01:32', '1405-03-23'),
(2323, 19, 23, 171500000.00, 35500000.00, 0.206997, 19, '2026-06-14 09:01:32', '1405-03-23'),
(2324, 18, 2, 171000000.00, 500000.00, 0.002924, 18, '2026-06-14 17:17:12', '1405-03-24'),
(2326, 31, 1, 170600000.00, 63000000.00, 0.369285, 31, '2026-06-14 17:47:59', '1405-03-24'),
(2327, 31, 20, 170600000.00, 1500000.00, 0.008792, 31, '2026-06-14 17:47:59', '1405-03-24'),
(2356, 19, 1, 171000000.00, 31000000.00, 0.181287, 19, '2026-06-15 07:45:34', '1405-03-24'),
(2357, 19, 2, 171000000.00, 5800000.00, 0.033918, 19, '2026-06-15 07:45:34', '1405-03-24'),
(2358, 19, 19, 171000000.00, 1900000.00, 0.011111, 19, '2026-06-15 07:45:35', '1405-03-24'),
(2359, 19, 23, 171000000.00, 1200000.00, 0.007018, 19, '2026-06-15 07:45:36', '1405-03-24'),
(2360, 19, 9, 171000000.00, 25000000.00, 0.146199, 19, '2026-06-15 07:45:36', '1405-03-24'),
(2365, 31, 2, 164500000.00, 350000.00, 0.002128, 31, '2026-06-15 17:34:17', '1405-03-25'),
(2366, 31, 4, 164500000.00, 35000000.00, 0.212766, 31, '2026-06-15 17:34:17', '1405-03-25'),
(2367, 31, 19, 164500000.00, 2800000.00, 0.017021, 31, '2026-06-15 17:34:17', '1405-03-25'),
(2393, 19, 1, 161500000.00, 30200000.00, 0.186997, 19, '2026-06-15 18:04:50', '1405-03-25'),
(2394, 19, 2, 161500000.00, 21800000.00, 0.134985, 19, '2026-06-15 18:04:50', '1405-03-25'),
(2395, 19, 19, 161500000.00, 500000.00, 0.003096, 19, '2026-06-15 18:04:50', '1405-03-25'),
(2396, 19, 18, 161500000.00, 10400000.00, 0.064396, 19, '2026-06-15 18:04:50', '1405-03-25'),
(2397, 19, 23, 161500000.00, 6000000.00, 0.037152, 19, '2026-06-15 18:04:50', '1405-03-25'),
(2398, 19, 7, 161500000.00, 20000000.00, 0.123839, 19, '2026-06-15 18:04:50', '1405-03-25'),
(2402, 18, 19, 155000000.00, 3500000.00, 0.022581, 18, '2026-06-16 17:17:57', '1405-03-26'),
(2403, 18, 18, 155000000.00, 5000000.00, 0.032258, 18, '2026-06-16 17:17:57', '1405-03-26'),
(2404, 18, 23, 155000000.00, 72600000.00, 0.468387, 18, '2026-06-16 17:17:57', '1405-03-26'),
(2458, 19, 1, 152500000.00, 56800000.00, 0.372459, 19, '2026-06-16 18:37:53', '1405-03-26'),
(2459, 19, 2, 152500000.00, 300000.00, 0.001967, 19, '2026-06-16 18:37:53', '1405-03-26'),
(2460, 19, 4, 152500000.00, 35000000.00, 0.229508, 19, '2026-06-16 18:37:53', '1405-03-26'),
(2461, 19, 19, 152500000.00, 4000000.00, 0.026230, 19, '2026-06-16 18:37:53', '1405-03-26'),
(2462, 19, 18, 152500000.00, 62500000.00, 0.409836, 19, '2026-06-16 18:37:53', '1405-03-26'),
(2463, 19, 23, 152500000.00, 84500000.00, 0.554098, 19, '2026-06-16 18:37:53', '1405-03-26'),
(2479, 18, 1, 160000000.00, 241200000.00, 1.507500, 18, '2026-06-17 17:15:53', '1405-03-27'),
(2480, 18, 19, 160000000.00, 800000.00, 0.005000, 18, '2026-06-17 17:15:53', '1405-03-27'),
(2487, 31, 1, 160840000.00, 118500000.00, 0.736757, 31, '2026-06-17 17:48:19', '1405-03-27'),
(2488, 31, 2, 160840000.00, 1000000.00, 0.006217, 31, '2026-06-17 17:48:19', '1405-03-27'),
(2541, 19, 1, 161000000.00, 30000000.00, 0.186335, 19, '2026-06-18 07:44:46', '1405-03-27'),
(2542, 19, 2, 161000000.00, 2100000.00, 0.013043, 19, '2026-06-18 07:44:46', '1405-03-27'),
(2543, 19, 3, 161000000.00, 34700000.00, 0.215528, 19, '2026-06-18 07:44:46', '1405-03-27'),
(2544, 19, 19, 161000000.00, 1500000.00, 0.009317, 19, '2026-06-18 07:44:46', '1405-03-27'),
(2545, 19, 18, 161000000.00, 12500000.00, 0.077640, 19, '2026-06-18 07:44:46', '1405-03-27'),
(2551, 31, 2, 158270000.00, 900000.00, 0.005686, 31, '2026-06-18 16:25:27', '1405-03-28'),
(2552, 31, 7, 158270000.00, 13000000.00, 0.082138, 31, '2026-06-18 16:25:27', '1405-03-28'),
(2553, 31, 8, 158270000.00, 10000000.00, 0.063183, 31, '2026-06-18 16:25:27', '1405-03-28'),
(2559, 18, 1, 157000000.00, 174000000.00, 1.108280, 18, '2026-06-18 16:35:00', '1405-03-28'),
(2560, 18, 4, 157000000.00, 13000000.00, 0.082803, 18, '2026-06-18 16:35:00', '1405-03-28'),
(2561, 18, 19, 157000000.00, 5000000.00, 0.031847, 18, '2026-06-18 16:35:00', '1405-03-28'),
(2588, 18, 1, 163000000.00, 65500000.00, 0.401840, 18, '2026-06-20 16:54:02', '1405-03-30'),
(2589, 18, 19, 163000000.00, 1000000.00, 0.006135, 18, '2026-06-20 16:54:02', '1405-03-30'),
(2590, 18, 18, 163000000.00, 6500000.00, 0.039877, 18, '2026-06-20 16:54:02', '1405-03-30'),
(2591, 18, 23, 163000000.00, 2600000.00, 0.015951, 18, '2026-06-20 16:54:02', '1405-03-30'),
(2598, 31, 1, 161870000.00, 79000000.00, 0.488046, 31, '2026-06-20 17:44:43', '1405-03-30'),
(2599, 31, 2, 161870000.00, 1500000.00, 0.009267, 31, '2026-06-20 17:44:43', '1405-03-30'),
(2600, 31, 23, 161870000.00, 183500000.00, 1.133626, 31, '2026-06-20 17:44:43', '1405-03-30'),
(2676, 19, 1, 161000000.00, 147400000.00, 0.915528, 19, '2026-06-21 07:20:39', '1405-03-30'),
(2677, 19, 2, 161000000.00, 9400000.00, 0.058385, 19, '2026-06-21 07:20:39', '1405-03-30'),
(2678, 19, 19, 161000000.00, 4800000.00, 0.029814, 19, '2026-06-21 07:20:39', '1405-03-30'),
(2679, 19, 18, 161000000.00, 129500000.00, 0.804348, 19, '2026-06-21 07:20:39', '1405-03-30'),
(2680, 19, 23, 161000000.00, 2100000.00, 0.013043, 19, '2026-06-21 07:20:39', '1405-03-30'),
(2681, 19, 6, 161000000.00, 48000000.00, 0.298137, 19, '2026-06-21 07:20:39', '1405-03-30'),
(2682, 19, 7, 161000000.00, 5000000.00, 0.031056, 19, '2026-06-21 07:20:39', '1405-03-30'),
(2683, 18, 1, 160000000.00, 11500000.00, 0.071875, 18, '2026-06-21 16:24:24', '1405-03-31'),
(2688, 31, 1, 161630000.00, 179700000.00, 1.111799, 31, '2026-06-21 17:50:56', '1405-03-31'),
(2689, 31, 19, 161630000.00, 2000000.00, 0.012374, 31, '2026-06-21 17:50:56', '1405-03-31'),
(2690, 31, 23, 161630000.00, 26800000.00, 0.165811, 31, '2026-06-21 17:50:56', '1405-03-31'),
(2691, 19, 1, 157000000.00, 89000000.00, 0.566879, 19, '2026-06-21 17:54:50', '1405-03-28'),
(2692, 19, 2, 157000000.00, 4100000.00, 0.026115, 19, '2026-06-21 17:54:50', '1405-03-28'),
(2693, 19, 19, 157000000.00, 600000.00, 0.003822, 19, '2026-06-21 17:54:50', '1405-03-28'),
(2694, 19, 18, 157000000.00, 6900000.00, 0.043949, 19, '2026-06-21 17:54:50', '1405-03-28'),
(2732, 31, 1, 180000000.00, 1.00, 0.000000, 31, '2026-06-22 07:22:20', '1405-03-06'),
(2733, 31, 1, 180000000.00, 1.00, 0.000000, 31, '2026-06-22 07:23:26', '1405-03-19'),
(2734, 31, 2, 177000000.00, 1100000.00, 0.006215, 31, '2026-06-22 07:24:03', '1405-03-09'),
(2735, 31, 23, 177000000.00, 15700000.00, 0.088701, 31, '2026-06-22 07:24:03', '1405-03-09'),
(2737, 18, 19, 160000000.00, 5000000.00, 0.031250, 18, '2026-06-22 17:10:41', '1405-04-01'),
(2738, 18, 18, 160000000.00, 2000000.00, 0.012500, 18, '2026-06-22 17:10:41', '1405-04-01'),
(2747, 31, 1, 162600000.00, 39700000.00, 0.244157, 31, '2026-06-22 17:20:57', '1405-04-01'),
(2748, 31, 2, 162600000.00, 160000.00, 0.000984, 31, '2026-06-22 17:20:57', '1405-04-01'),
(2823, 19, 1, 161000000.00, 140000000.00, 0.869565, 19, '2026-06-23 16:36:52', '1405-03-31'),
(2824, 19, 2, 161000000.00, 450000.00, 0.002795, 19, '2026-06-23 16:36:52', '1405-03-31'),
(2825, 19, 4, 161000000.00, 13000000.00, 0.080745, 19, '2026-06-23 16:36:52', '1405-03-31'),
(2826, 19, 19, 161000000.00, 20500000.00, 0.127329, 19, '2026-06-23 16:36:52', '1405-03-31'),
(2827, 19, 1, 160000000.00, 153600000.00, 0.960000, 19, '2026-06-23 16:39:08', '1405-04-01'),
(2828, 19, 2, 160000000.00, 52200000.00, 0.326250, 19, '2026-06-23 16:39:08', '1405-04-01'),
(2829, 19, 3, 160000000.00, 1300000.00, 0.008125, 19, '2026-06-23 16:39:08', '1405-04-01'),
(2830, 19, 4, 160000000.00, 41300000.00, 0.258125, 19, '2026-06-23 16:39:08', '1405-04-01'),
(2831, 19, 19, 160000000.00, 5300000.00, 0.033125, 19, '2026-06-23 16:39:08', '1405-04-01'),
(2832, 19, 18, 160000000.00, 112700000.00, 0.704375, 19, '2026-06-23 16:39:08', '1405-04-01'),
(2833, 19, 23, 160000000.00, 7400000.00, 0.046250, 19, '2026-06-23 16:39:08', '1405-04-01'),
(2838, 31, 18, 161120000.00, 10800000.00, 0.067031, 31, '2026-06-23 17:14:56', '1405-04-02'),
(2864, 18, 1, 161000000.00, 83400000.00, 0.518012, 18, '2026-06-23 17:27:43', '1405-04-02'),
(2865, 18, 2, 161000000.00, 500000.00, 0.003106, 18, '2026-06-23 17:27:43', '1405-04-02'),
(2866, 18, 4, 161000000.00, 44000000.00, 0.273292, 18, '2026-06-23 17:27:43', '1405-04-02'),
(2867, 18, 6, 161000000.00, 5000000.00, 0.031056, 18, '2026-06-23 17:27:43', '1405-04-02'),
(2868, 18, 8, 161000000.00, 5000000.00, 0.031056, 18, '2026-06-23 17:27:43', '1405-04-02'),
(2869, 18, 9, 161000000.00, 500000.00, 0.003106, 18, '2026-06-23 17:27:43', '1405-04-02'),
(2872, 19, 1, 161000000.00, 29000000.00, 0.180124, 19, '2026-06-27 08:19:55', '1405-04-02'),
(2873, 19, 2, 161000000.00, 1500000.00, 0.009317, 19, '2026-06-27 08:19:55', '1405-04-02'),
(2878, 18, 1, 164000000.00, 50500000.00, 0.307927, 18, '2026-06-27 17:08:08', '1405-04-06'),
(2879, 18, 18, 164000000.00, 10150000.00, 0.061890, 18, '2026-06-27 17:08:08', '1405-04-06'),
(2880, 18, 23, 164000000.00, 1600000.00, 0.009756, 18, '2026-06-27 17:08:08', '1405-04-06'),
(2887, 31, 1, 164470000.00, 19000000.00, 0.115523, 31, '2026-06-27 17:11:07', '1405-04-06'),
(2888, 31, 21, 164470000.00, 179000000.00, 1.088344, 31, '2026-06-27 17:11:07', '1405-04-06'),
(2889, 31, 23, 164470000.00, 11700000.00, 0.071138, 31, '2026-06-27 17:11:07', '1405-04-06'),
(2934, 19, 1, 164000000.00, 47800000.00, 0.291463, 19, '2026-06-27 18:16:11', '1405-04-06'),
(2935, 19, 2, 164000000.00, 97700000.00, 0.595732, 19, '2026-06-27 18:16:11', '1405-04-06'),
(2936, 19, 19, 164000000.00, 7000000.00, 0.042683, 19, '2026-06-27 18:16:11', '1405-04-06'),
(2937, 19, 18, 164000000.00, 61100000.00, 0.372561, 19, '2026-06-27 18:16:11', '1405-04-06'),
(2938, 19, 9, 164000000.00, 2000000.00, 0.012195, 19, '2026-06-27 18:16:11', '1405-04-06');

-- --------------------------------------------------------

--
-- Table structure for table `income_monthly_items`
--

CREATE TABLE `income_monthly_items` (
  `id` int(11) NOT NULL,
  `name` varchar(100) NOT NULL,
  `category` varchar(50) DEFAULT '',
  `sort_order` int(11) DEFAULT 0,
  `active` tinyint(1) DEFAULT 1,
  `created_at` timestamp NOT NULL DEFAULT current_timestamp()
) ENGINE=InnoDB DEFAULT CHARSET=utf8mb4 COLLATE=utf8mb4_general_ci;

--
-- Dumping data for table `income_monthly_items`
--

INSERT INTO `income_monthly_items` (`id`, `name`, `category`, `sort_order`, `active`, `created_at`) VALUES
(5, 'وام ثنا', '', 0, 1, '2026-05-09 09:42:22'),
(10, 'اقساط ثابت (ریالی)', '', 0, 1, '2026-05-25 06:22:35'),
(11, 'سود برگشتی', '', 1, 1, '2026-06-21 17:04:20');

-- --------------------------------------------------------

--
-- Table structure for table `income_monthly_records`
--

CREATE TABLE `income_monthly_records` (
  `id` int(11) NOT NULL,
  `branch_id` int(11) NOT NULL,
  `item_id` int(11) NOT NULL,
  `record_year` int(11) NOT NULL,
  `record_month` int(11) NOT NULL,
  `amount_gram` decimal(15,6) DEFAULT 0.000000,
  `created_by` int(11) NOT NULL,
  `created_at` timestamp NOT NULL DEFAULT current_timestamp()
) ENGINE=InnoDB DEFAULT CHARSET=utf8mb4 COLLATE=utf8mb4_general_ci;

--
-- Dumping data for table `income_monthly_records`
--

INSERT INTO `income_monthly_records` (`id`, `branch_id`, `item_id`, `record_year`, `record_month`, `amount_gram`, `created_by`, `created_at`) VALUES
(52, 19, 5, 1405, 2, 38.000000, 19, '2026-05-25 16:08:51'),
(53, 19, 10, 1405, 2, 3.000000, 19, '2026-05-25 16:08:51'),
(56, 18, 5, 1405, 2, 35.000000, 18, '2026-05-25 16:32:18'),
(57, 18, 10, 1405, 2, 4.000000, 18, '2026-05-25 16:32:18'),
(149, 18, 5, 1405, 3, 20.702000, 18, '2026-06-22 08:18:05'),
(150, 18, 10, 1405, 3, 9.300000, 18, '2026-06-22 08:18:05'),
(153, 31, 5, 1405, 3, 0.834000, 31, '2026-06-22 17:35:39'),
(154, 31, 10, 1405, 3, 0.196000, 31, '2026-06-22 17:35:39'),
(155, 19, 5, 1405, 3, 10.689000, 19, '2026-06-23 16:37:03'),
(156, 19, 10, 1405, 3, 1.630000, 19, '2026-06-23 16:37:03'),
(157, 19, 11, 1405, 3, 4.885000, 19, '2026-06-23 16:37:03');

-- --------------------------------------------------------

--
-- Table structure for table `notification_channels`
--

CREATE TABLE `notification_channels` (
  `id` int(11) NOT NULL,
  `name` varchar(100) NOT NULL,
  `platform` varchar(20) NOT NULL COMMENT 'bale or rubika',
  `token` varchar(255) NOT NULL,
  `chat_id` varchar(100) NOT NULL,
  `purpose` varchar(50) DEFAULT 'backup',
  `active` tinyint(1) DEFAULT 1,
  `created_at` timestamp NOT NULL DEFAULT current_timestamp()
) ENGINE=InnoDB DEFAULT CHARSET=utf8mb4 COLLATE=utf8mb4_unicode_ci;

--
-- Dumping data for table `notification_channels`
--

INSERT INTO `notification_channels` (`id`, `name`, `platform`, `token`, `chat_id`, `purpose`, `active`, `created_at`) VALUES
(3, 'رسید', 'bale', '368335055:d0QjqskBT2Vlh801aFNbsB6659GpErmaMZE', '5922174547', 'report', 1, '2026-05-09 15:47:04');

-- --------------------------------------------------------

--
-- Table structure for table `observer_assignments`
--

CREATE TABLE `observer_assignments` (
  `id` int(11) NOT NULL,
  `observer_id` int(11) NOT NULL,
  `branch_id` int(11) NOT NULL
) ENGINE=InnoDB DEFAULT CHARSET=utf8mb4 COLLATE=utf8mb4_unicode_ci;

--
-- Dumping data for table `observer_assignments`
--

INSERT INTO `observer_assignments` (`id`, `observer_id`, `branch_id`) VALUES
(35, 37, 18),
(36, 37, 19),
(34, 37, 31),
(24, 38, 18),
(23, 38, 19),
(22, 38, 31),
(38, 38, 42),
(26, 40, 18),
(27, 40, 19),
(28, 40, 31),
(37, 40, 42),
(29, 41, 18),
(30, 41, 19),
(31, 41, 31);

-- --------------------------------------------------------

--
-- Table structure for table `observer_messages`
--

CREATE TABLE `observer_messages` (
  `id` int(11) NOT NULL,
  `observer_id` int(11) NOT NULL COMMENT 'فرستنده (ناظر)',
  `target_user_id` int(11) DEFAULT NULL COMMENT 'گیرنده',
  `title` varchar(255) NOT NULL,
  `message` text NOT NULL,
  `is_read` tinyint(1) NOT NULL DEFAULT 0,
  `deleted_by` int(11) DEFAULT NULL,
  `deleted_at` timestamp NULL DEFAULT NULL,
  `created_at` timestamp NOT NULL DEFAULT current_timestamp()
) ENGINE=InnoDB DEFAULT CHARSET=utf8mb4 COLLATE=utf8mb4_unicode_ci;

--
-- Dumping data for table `observer_messages`
--

INSERT INTO `observer_messages` (`id`, `observer_id`, `target_user_id`, `title`, `message`, `is_read`, `deleted_by`, `deleted_at`, `created_at`) VALUES
(1, 40, 19, 'یی', 'یی', 1, 40, '2026-06-06 09:21:10', '2026-06-06 09:05:51'),
(2, 40, 18, 'پیشرفت اهداف', 'با سلام و احترام،\r\n\r\nپیرو درخواست آقای فرشباف و همکاران محترم، مبنای تسعیر آیتم فروش اقساطی از «گرم» به «ریال» تغییر یافت.\r\n\r\nدر صورت بروز هرگونه مشکل، مراتب را اطلاع‌رسانی نمایید.', 0, 40, '2026-06-09 15:41:15', '2026-06-09 08:46:24'),
(3, 40, 19, 'پیشرفت اهداف', 'با سلام و احترام،\r\n\r\nپیرو درخواست آقای فرشباف و همکاران محترم، مبنای تسعیر آیتم فروش اقساطی از «گرم» به «ریال» تغییر یافت.\r\n\r\nدر صورت بروز هرگونه مشکل، مراتب را اطلاع‌رسانی نمایید.', 0, 40, '2026-06-09 15:41:20', '2026-06-09 08:46:24'),
(4, 40, 31, 'پیشرفت اهداف', 'با سلام و احترام،\r\n\r\nپیرو درخواست آقای فرشباف و همکاران محترم، مبنای تسعیر آیتم فروش اقساطی از «گرم» به «ریال» تغییر یافت.\r\n\r\nدر صورت بروز هرگونه مشکل، مراتب را اطلاع‌رسانی نمایید.', 0, 40, '2026-06-09 15:41:18', '2026-06-09 08:46:24'),
(5, 40, 18, 'ثبت اهداف', 'سلام و  وقتتون بخیر خدمت همگاران گرامی\r\nثبت روزانه پیشرفت اهداف حاصل جمع جبری هر آیتمی هست که ثبت میکنین\r\nاین عمل باعث میشود تا جمع جبری طی 4 ماه تایین شده دقیقا همان مانده ثبت شده در نرم افزار زرگر باشد\r\nموفق باشید.', 0, 40, '2026-06-11 09:10:12', '2026-06-09 15:58:32'),
(6, 40, 19, 'ثبت اهداف', 'سلام و  وقتتون بخیر خدمت همگاران گرامی\r\nثبت روزانه پیشرفت اهداف حاصل جمع جبری هر آیتمی هست که ثبت میکنین\r\nاین عمل باعث میشود تا جمع جبری طی 4 ماه تایین شده دقیقا همان مانده ثبت شده در نرم افزار زرگر باشد\r\nموفق باشید.', 0, 40, '2026-06-11 09:10:16', '2026-06-09 15:58:32'),
(7, 40, 31, 'ثبت اهداف', 'سلام و  وقتتون بخیر خدمت همگاران گرامی\r\nثبت روزانه پیشرفت اهداف حاصل جمع جبری هر آیتمی هست که ثبت میکنین\r\nاین عمل باعث میشود تا جمع جبری طی 4 ماه تایین شده دقیقا همان مانده ثبت شده در نرم افزار زرگر باشد\r\nموفق باشید.', 0, 40, '2026-06-11 09:10:19', '2026-06-09 15:58:32');

-- --------------------------------------------------------

--
-- Table structure for table `pattern_weekly_hours`
--

CREATE TABLE `pattern_weekly_hours` (
  `id` int(11) NOT NULL,
  `pattern_id` int(11) NOT NULL,
  `day_of_week` tinyint(1) NOT NULL COMMENT '0=شنبه, 1=یکشنبه, 2=دوشنبه, 3=سه‌شنبه, 4=چهارشنبه, 5=پنجشنبه, 6=جمعه',
  `is_working_day` tinyint(1) DEFAULT 1,
  `morning_start` time DEFAULT NULL,
  `morning_end` time DEFAULT NULL,
  `afternoon_start` time DEFAULT NULL,
  `afternoon_end` time DEFAULT NULL
) ENGINE=InnoDB DEFAULT CHARSET=utf8mb4 COLLATE=utf8mb4_persian_ci;

--
-- Dumping data for table `pattern_weekly_hours`
--

INSERT INTO `pattern_weekly_hours` (`id`, `pattern_id`, `day_of_week`, `is_working_day`, `morning_start`, `morning_end`, `afternoon_start`, `afternoon_end`) VALUES
(20, 2, 0, 1, '10:30:00', '14:15:00', '17:00:00', '20:45:00'),
(21, 2, 1, 1, '10:30:00', '14:15:00', '17:00:00', '20:45:00'),
(22, 2, 2, 1, '10:30:00', '14:15:00', '17:00:00', '20:45:00'),
(23, 2, 3, 1, '10:30:00', '14:15:00', '17:00:00', '20:45:00'),
(24, 2, 4, 1, '10:30:00', '14:15:00', '17:00:00', '20:45:00'),
(25, 2, 5, 1, '10:30:00', '14:15:00', '17:00:00', '19:45:00'),
(26, 2, 6, 1, '10:30:00', '14:15:00', '17:00:00', '19:45:00');

-- --------------------------------------------------------

--
-- Table structure for table `reminders`
--

CREATE TABLE `reminders` (
  `id` int(11) NOT NULL,
  `user_id` int(11) NOT NULL,
  `date_shamsi` varchar(10) NOT NULL COMMENT 'تاریخ شمسی YYYY-MM-DD',
  `missing_items` longtext NOT NULL COMMENT 'JSON - آیتم‌های ثبت نشده',
  `is_active` tinyint(1) NOT NULL DEFAULT 1 COMMENT '1=فعال 0=رفع شده یا حذف شده',
  `created_at` timestamp NOT NULL DEFAULT current_timestamp()
) ENGINE=InnoDB DEFAULT CHARSET=utf8mb4 COLLATE=utf8mb4_unicode_ci;

--
-- Dumping data for table `reminders`
--

INSERT INTO `reminders` (`id`, `user_id`, `date_shamsi`, `missing_items`, `is_active`, `created_at`) VALUES
(1, 18, '1405-03-16', '[]', 0, '2026-06-06 08:30:32'),
(2, 19, '1405-03-16', '[]', 0, '2026-06-06 08:30:32'),
(3, 31, '1405-03-16', '[\"پیشرفت اهداف\"]', 0, '2026-06-06 08:30:32'),
(4, 19, '1405-03-17', '[\"پیشرفت اهداف\"]', 0, '2026-06-06 21:34:46'),
(5, 18, '1405-03-17', '[]', 0, '2026-06-07 14:18:04'),
(6, 31, '1405-03-17', '[\"پیشرفت اهداف\"]', 0, '2026-06-07 17:18:41'),
(7, 19, '1405-03-18', '[]', 0, '2026-06-08 08:18:23'),
(8, 31, '1405-03-18', '[\"پیشرفت اهداف\"]', 0, '2026-06-08 09:24:25'),
(9, 18, '1405-03-18', '[\"پیشرفت اهداف\"]', 0, '2026-06-08 14:07:22'),
(10, 19, '1405-03-19', '[]', 0, '2026-06-08 21:14:54'),
(11, 31, '1405-03-19', '[\"درآمد روزانه\"]', 0, '2026-06-09 07:55:44'),
(12, 18, '1405-03-19', '[\"پیشرفت اهداف\"]', 0, '2026-06-09 16:44:57'),
(13, 19, '1405-03-20', '[]', 0, '2026-06-10 07:13:32'),
(14, 18, '1405-03-20', '[]', 0, '2026-06-10 16:17:39'),
(15, 31, '1405-03-20', '[]', 0, '2026-06-10 17:06:31'),
(16, 19, '1405-03-21', '[]', 0, '2026-06-11 06:59:26'),
(17, 31, '1405-03-21', '[]', 0, '2026-06-11 15:31:00'),
(18, 18, '1405-03-21', '[\"پیشرفت اهداف\"]', 0, '2026-06-11 16:13:17'),
(19, 19, '1405-03-23', '[]', 0, '2026-06-13 14:54:41'),
(20, 18, '1405-03-23', '[]', 0, '2026-06-13 15:26:30'),
(21, 31, '1405-03-23', '[]', 0, '2026-06-13 16:57:12'),
(22, 19, '1405-03-24', '[]', 0, '2026-06-14 07:07:16'),
(23, 31, '1405-03-24', '[]', 0, '2026-06-14 16:34:23'),
(24, 18, '1405-03-24', '[]', 0, '2026-06-14 17:02:07'),
(25, 19, '1405-03-25', '[]', 0, '2026-06-15 07:17:23'),
(26, 18, '1405-03-25', '[\"درآمد روزانه\",\"پیشرفت اهداف\"]', 0, '2026-06-15 16:50:31'),
(27, 31, '1405-03-25', '[]', 0, '2026-06-15 16:57:41'),
(28, 19, '1405-03-26', '[]', 0, '2026-06-16 07:07:22'),
(29, 31, '1405-03-26', '[\"درآمد روزانه\",\"پیشرفت اهداف\"]', 0, '2026-06-16 10:06:52'),
(30, 18, '1405-03-26', '[]', 0, '2026-06-16 16:59:35'),
(31, 19, '1405-03-27', '[]', 0, '2026-06-17 07:11:03'),
(32, 18, '1405-03-27', '[]', 0, '2026-06-17 07:20:43'),
(33, 31, '1405-03-27', '[]', 0, '2026-06-17 10:35:02'),
(34, 19, '1405-03-28', '[]', 0, '2026-06-18 07:31:13'),
(35, 18, '1405-03-28', '[]', 0, '2026-06-18 14:57:15'),
(36, 31, '1405-03-28', '[]', 0, '2026-06-18 16:10:39'),
(37, 18, '1405-03-30', '[]', 0, '2026-06-19 20:44:25'),
(38, 31, '1405-03-30', '[]', 0, '2026-06-19 21:10:34'),
(39, 19, '1405-03-30', '[]', 0, '2026-06-20 06:58:49'),
(40, 19, '1405-03-31', '[]', 0, '2026-06-21 07:15:36'),
(41, 31, '1405-03-31', '[]', 0, '2026-06-21 07:37:31'),
(42, 18, '1405-03-31', '[]', 0, '2026-06-21 16:07:59'),
(43, 19, '1405-04-01', '[]', 0, '2026-06-22 07:09:25'),
(44, 31, '1405-04-01', '[]', 0, '2026-06-22 07:20:50'),
(45, 18, '1405-04-01', '[]', 0, '2026-06-22 08:04:41'),
(46, 19, '1405-04-02', '[]', 0, '2026-06-23 07:08:17'),
(47, 18, '1405-04-02', '[\"آیتم داینامیک\"]', 1, '2026-06-23 13:59:52'),
(48, 31, '1405-04-02', '[]', 0, '2026-06-23 16:50:59'),
(49, 19, '1405-04-03', '[\"تراز روزانه\",\"آیتم داینامیک\",\"درآمد روزانه\",\"پیشرفت اهداف\"]', 0, '2026-06-24 15:56:54'),
(50, 19, '1405-04-06', '[]', 0, '2026-06-26 22:02:01'),
(51, 18, '1405-04-06', '[]', 0, '2026-06-27 07:39:19'),
(52, 42, '1405-04-06', '[\"تراز روزانه\",\"آیتم داینامیک\",\"درآمد روزانه\",\"پیشرفت اهداف\"]', 1, '2026-06-27 14:04:43'),
(53, 31, '1405-04-06', '[]', 0, '2026-06-27 17:07:52'),
(54, 19, '1405-04-07', '[\"تراز روزانه\",\"آیتم داینامیک\",\"درآمد روزانه\",\"پیشرفت اهداف\"]', 1, '2026-06-28 07:29:03'),
(55, 18, '1405-04-07', '[\"تراز روزانه\",\"آیتم داینامیک\",\"درآمد روزانه\",\"پیشرفت اهداف\"]', 1, '2026-06-28 09:12:39');

-- --------------------------------------------------------

--
-- Table structure for table `rubika_config`
--

CREATE TABLE `rubika_config` (
  `id` int(11) NOT NULL,
  `setting_name` varchar(100) NOT NULL,
  `setting_value` text DEFAULT NULL,
  `updated_at` timestamp NOT NULL DEFAULT current_timestamp() ON UPDATE current_timestamp()
) ENGINE=InnoDB DEFAULT CHARSET=utf8mb4 COLLATE=utf8mb4_unicode_ci;

--
-- Dumping data for table `rubika_config`
--

INSERT INTO `rubika_config` (`id`, `setting_name`, `setting_value`, `updated_at`) VALUES
(1, 'token', '368335055:myfNmw_QanLbjBvyJlT7RKytY6Mign5TQZM', '2026-05-09 15:38:47'),
(2, 'chat_id', '368335055', '2026-05-09 15:37:08'),
(3, 'auto_send_daily', '1', '2026-05-09 15:37:08'),
(4, 'auto_send_time', '20:45', '2026-05-10 07:32:50'),
(5, 'template', 'daily_summary', '2026-05-09 14:29:56'),
(6, 'selected_branches', 'all', '2026-05-09 14:29:56'),
(7, 'enable_hooks', '', '2026-05-09 16:33:54'),
(22, 'selected_channel', '3', '2026-05-09 16:33:54');

-- --------------------------------------------------------

--
-- Table structure for table `salary_archive`
--

CREATE TABLE `salary_archive` (
  `id` int(11) NOT NULL,
  `personnel_id` int(11) NOT NULL,
  `month` tinyint(2) NOT NULL,
  `year` smallint(4) NOT NULL,
  `working_days` decimal(4,1) DEFAULT 0.0,
  `overtime_hours` int(11) DEFAULT 0,
  `overtime_amount` bigint(20) DEFAULT 0,
  `bonus` bigint(20) DEFAULT 0,
  `deduction_loan` bigint(20) DEFAULT 0,
  `deduction_other` bigint(20) DEFAULT 0,
  `housing_allowance` bigint(20) DEFAULT 0,
  `food_allowance` bigint(20) DEFAULT 0,
  `child_allowance` bigint(20) DEFAULT 0,
  `insurance_deduction` bigint(20) DEFAULT 0,
  `tax_deduction` bigint(20) DEFAULT 0,
  `total_gross` bigint(20) DEFAULT 0,
  `total_deductions` bigint(20) DEFAULT 0,
  `net_salary` bigint(20) DEFAULT 0,
  `notes` text DEFAULT NULL,
  `created_at` timestamp NOT NULL DEFAULT current_timestamp()
) ENGINE=InnoDB DEFAULT CHARSET=utf8mb4 COLLATE=utf8mb4_general_ci;

--
-- Dumping data for table `salary_archive`
--

INSERT INTO `salary_archive` (`id`, `personnel_id`, `month`, `year`, `working_days`, `overtime_hours`, `overtime_amount`, `bonus`, `deduction_loan`, `deduction_other`, `housing_allowance`, `food_allowance`, `child_allowance`, `insurance_deduction`, `tax_deduction`, `total_gross`, `total_deductions`, `net_salary`, `notes`, `created_at`) VALUES
(1, 3, 3, 1405, 30.0, 5, 7954545, 0, 0, 0, 0, 0, 0, 0, 0, 207954545, 0, 207954545, '', '2026-06-21 09:48:46');

-- --------------------------------------------------------

--
-- Table structure for table `salary_personnel`
--

CREATE TABLE `salary_personnel` (
  `id` int(11) NOT NULL,
  `first_name` varchar(100) NOT NULL,
  `last_name` varchar(100) NOT NULL,
  `national_code` varchar(10) DEFAULT NULL,
  `personnel_code` varchar(50) DEFAULT NULL,
  `position` varchar(150) DEFAULT NULL,
  `department` varchar(150) DEFAULT NULL,
  `base_salary` bigint(20) DEFAULT 0,
  `children_count` tinyint(2) DEFAULT 0,
  `insurance_number` varchar(20) DEFAULT NULL,
  `phone` varchar(20) DEFAULT NULL,
  `hire_date` varchar(10) DEFAULT NULL,
  `status` enum('active','inactive') DEFAULT 'active',
  `created_at` timestamp NOT NULL DEFAULT current_timestamp()
) ENGINE=InnoDB DEFAULT CHARSET=utf8mb4 COLLATE=utf8mb4_general_ci;

--
-- Dumping data for table `salary_personnel`
--

INSERT INTO `salary_personnel` (`id`, `first_name`, `last_name`, `national_code`, `personnel_code`, `position`, `department`, `base_salary`, `children_count`, `insurance_number`, `phone`, `hire_date`, `status`, `created_at`) VALUES
(1, 'نن', 'نن', NULL, NULL, NULL, NULL, 0, 0, NULL, NULL, NULL, 'inactive', '2026-06-17 15:49:27'),
(2, 'امیر علی', 'فتوحی', '1325262532', '09', 'مدیر', 'شعبه مجازی', 264000000, 0, '', NULL, '1405/02/02', 'active', '2026-06-18 09:28:33'),
(3, 'ممد علی', 'ممد علیان', '1365896635', '13', 'ویترین دار', 'شعبه طالقانی', 200000000, 3, '565852656895', NULL, '', 'active', '2026-06-21 09:22:44');

-- --------------------------------------------------------

--
-- Table structure for table `salary_settings`
--

CREATE TABLE `salary_settings` (
  `id` int(11) NOT NULL,
  `setting_key` varchar(50) NOT NULL,
  `setting_value` varchar(50) NOT NULL,
  `setting_label` varchar(200) DEFAULT NULL,
  `updated_at` timestamp NOT NULL DEFAULT current_timestamp() ON UPDATE current_timestamp()
) ENGINE=InnoDB DEFAULT CHARSET=utf8mb4 COLLATE=utf8mb4_general_ci;

--
-- Dumping data for table `salary_settings`
--

INSERT INTO `salary_settings` (`id`, `setting_key`, `setting_value`, `setting_label`, `updated_at`) VALUES
(1, 'housing', '0', 'حق مسکن ماهانه (ریال)', '2026-06-18 10:46:04'),
(2, 'food', '0', 'بن کارگری ماهانه (ریال)', '2026-06-18 10:46:04'),
(3, 'child_per', '0', 'حق اولاد به ازای هر فرزند (ریال)', '2026-06-18 10:46:04'),
(4, 'insurance_percent', '0', 'درصد بیمه تأمین اجتماعی', '2026-06-18 10:46:09'),
(5, 'tax_exemption', '0', 'معافیت مالیاتی سالانه (ریال)', '2026-06-18 10:46:04'),
(6, 'tax_percent', '0', 'درصد مالیات حقوق', '2026-06-18 10:46:04'),
(31, 'overtime_multiplier', '1.4', 'ضریب اضافه‌کاری', '2026-06-18 14:10:53');

-- --------------------------------------------------------

--
-- Table structure for table `settings`
--

CREATE TABLE `settings` (
  `id` int(11) NOT NULL,
  `setting_key` varchar(100) NOT NULL,
  `setting_value` text DEFAULT NULL,
  `updated_at` timestamp NOT NULL DEFAULT current_timestamp() ON UPDATE current_timestamp()
) ENGINE=InnoDB DEFAULT CHARSET=utf8mb4 COLLATE=utf8mb4_unicode_ci;

--
-- Dumping data for table `settings`
--

INSERT INTO `settings` (`id`, `setting_key`, `setting_value`, `updated_at`) VALUES
(1, 'reminder_time', '11:00', '2026-06-17 07:41:27'),
(2, 'reminder_active', '1', '2026-06-06 07:56:04'),
(3, 'observer_view_40', '1', '2026-06-08 14:35:49'),
(4, 'observer_view_38', '1', '2026-06-16 17:36:23');

-- --------------------------------------------------------

--
-- Table structure for table `theme_settings`
--

CREATE TABLE `theme_settings` (
  `id` int(11) NOT NULL,
  `setting_name` varchar(50) NOT NULL,
  `setting_value` varchar(50) NOT NULL
) ENGINE=InnoDB DEFAULT CHARSET=utf8mb4 COLLATE=utf8mb4_general_ci;

--
-- Dumping data for table `theme_settings`
--

INSERT INTO `theme_settings` (`id`, `setting_name`, `setting_value`) VALUES
(1, 'primary_color', '#d4af37'),
(2, 'bg_color', '#0a0f1a'),
(3, 'text_color', '#e8ecf1'),
(4, 'accent_color', '#52c5ff'),
(26, 'surface_color', '#505c77'),
(27, 'border_color', '#3b3b3b'),
(28, 'text_secondary', '#8899aa'),
(29, 'green_color', '#10b981'),
(30, 'red_color', '#ef4444'),
(31, 'purple_color', '#8b5cf6'),
(32, 'amber_color', '#ffc680'),
(33, 'btn_bg', '#4b8cf7'),
(34, 'btn_text', '#ffffff'),
(35, 'header_bg', '#151a25'),
(36, 'icon_color', '#d4af37'),
(37, 'input_bg', '#373f58'),
(38, 'input_border', '#949b59'),
(39, 'shadow_color', '#fff9b8');

-- --------------------------------------------------------

--
-- Table structure for table `tools`
--

CREATE TABLE `tools` (
  `id` int(11) NOT NULL,
  `name` varchar(100) NOT NULL,
  `slug` varchar(50) NOT NULL,
  `url` varchar(255) NOT NULL,
  `icon` varchar(10) DEFAULT '?',
  `description` varchar(255) DEFAULT '',
  `active` tinyint(1) DEFAULT 1,
  `created_at` timestamp NOT NULL DEFAULT current_timestamp()
) ENGINE=InnoDB DEFAULT CHARSET=utf8mb4 COLLATE=utf8mb4_general_ci;

--
-- Dumping data for table `tools`
--

INSERT INTO `tools` (`id`, `name`, `slug`, `url`, `icon`, `description`, `active`, `created_at`) VALUES
(1, 'ترازنامه کل', 'gold_balance', 'gold_balance.php', '⚖️', 'ترازنامه طلایی و گزارش‌های جامع', 1, '2026-05-04 10:14:53'),
(4, 'پیش فاکتور', 'pre_invoice', 'pre_invoice.php', '📄', 'تعاونی مصرف فرهنگیان 🖨', 1, '2026-05-04 16:49:53'),
(5, 'دیرکرد', 'delay_penalty', 'delay_penalty.php', '🧮', 'محاسبه دیرکرد اقساط', 1, '2026-05-04 23:00:27'),
(6, 'اقساط ثابت', 'installment_calc', 'installment_calc.php', '🧮', 'محاسبه اقساط ثابت', 1, '2026-05-04 23:04:24'),
(7, 'وام ثنا', 'gold_loan', 'gold_loan.php', '🧮', 'محاسبه وام ثناگلد', 1, '2026-05-04 23:06:08'),
(8, 'طلای ویترین', 'showcase_gold', 'showcase_gold.php', '🧮', 'محاسبه طلای ویترین', 1, '2026-05-04 23:08:20'),
(15, 'قرارداد وام ثنا', 'contract_thana_app', 'contract_thana_app.php', '📑', 'تنظیم قرارداد ثنا 🖨', 1, '2026-05-09 09:12:00'),
(16, 'برگه اقساط تامین اجتماعی', 'installment_app', 'installment_app.php', '📄', 'برآورد پیش فاکتور تامین اجتماعی 🖨', 1, '2026-05-11 16:59:24'),
(17, 'قرارداد آتیه طلا', 'gold_contract_app', 'gold_contract_app.php', '📑', 'انعقاد قرارداد آتیه طلا🖨', 1, '2026-05-12 07:33:22'),
(18, 'قرارداد وام آتیه طلا', 'contract_thana_app (3)', 'contract_thana_app (3).php', '📑', 'تنظیم قرارداد وام آتیه 🖨', 1, '2026-05-16 11:11:24'),
(19, 'قرارداد اقساط ثابت', 'contract_forush', 'contract_forush.php', '📑', 'تنظیم قرارداد اقساط ثابت 🖨', 1, '2026-05-24 14:31:31'),
(20, 'حساب سپرده سرمایه گذاری', 'contract_deposit', 'contract_deposit.php', '📑', 'افتتاح حساب سپرده سرمایه گذاری🖨', 1, '2026-06-01 13:55:02'),
(21, 'کارت واریز', 'make_card', 'make_card/', '🎨', 'ساخت کارت واریز زرگری ثنا', 1, '2026-06-08 08:42:02'),
(22, 'اقرارنامه مشتری', 'contract_acknowledgment', 'contract_thana_acknowledgment.php', '📑', 'اقرارنامه و تعهدنامه مشتری معاملات آنلاین طلا و سکه', 1, '2026-06-08 15:57:30'),
(23, 'فیش حقوقی', 'salary', 'salary/index.php', '🖨', 'صدور فیش حقوقی', 1, '2026-06-17 15:45:03');

-- --------------------------------------------------------

--
-- Table structure for table `users`
--

CREATE TABLE `users` (
  `id` int(11) NOT NULL,
  `username` varchar(50) NOT NULL,
  `password` varchar(255) NOT NULL,
  `branch_name` varchar(100) NOT NULL,
  `created_at` timestamp NOT NULL DEFAULT current_timestamp(),
  `role` enum('admin','branch','observer','receipt') NOT NULL DEFAULT 'branch',
  `permissions` varchar(500) DEFAULT '',
  `last_activity` datetime DEFAULT NULL,
  `is_online` tinyint(1) DEFAULT 0
) ENGINE=InnoDB DEFAULT CHARSET=utf8mb4 COLLATE=utf8mb4_unicode_ci;

--
-- Dumping data for table `users`
--

INSERT INTO `users` (`id`, `username`, `password`, `branch_name`, `created_at`, `role`, `permissions`, `last_activity`, `is_online`) VALUES
(17, 'admin', '$2y$10$eTXYOnGAthQHDG07ZJGu5etu710F.vJjtIebZYYtxN9vc.3NWS72S', 'مدیریت کل', '2026-04-22 09:47:35', 'admin', '', '2026-06-27 21:30:45', 0),
(18, 'aaaa', '$2y$10$QSQSoeiKr85kBhvTimi9xuYPVYFDSGLfOfov8MIdK9GHMIldpnXVu', 'ابوریحان', '2026-04-22 09:47:35', 'branch', 'delay_penalty,installment_calc,gold_loan,showcase_gold,pre_invoice,installment_app,contract_thana_app,gold_contract_app,contract_forush,contract_thana_app (3),contract_deposit,contract_acknowledgment,make_card', '2026-06-28 18:02:33', 0),
(19, 'tttt', '$2y$10$xGWJHAi0AwXaVQsAlwBSgef9tgUJRRaASi1NOLS3cBY/urWeb.Gtu', 'طالقانی', '2026-04-22 09:47:35', 'branch', 'delay_penalty,installment_calc,gold_loan,showcase_gold,pre_invoice,contract_thana,contract_thana_app,installment_app,gold_contract_app,contract_thana_app (3),contract_forush,contract_deposit,gold_balance,make_card,contract_acknowledgment,salary', '2026-06-28 12:42:34', 0),
(30, 'receipt_user', '25d55ad283aa400af464c76d713c07ad', 'مدیریت رسید', '2026-04-25 15:24:35', 'receipt', 'delay_penalty,installment_calc,gold_loan,showcase_gold,installment_app,gold_contract_app,contract_thana_app,pre_invoice,contract_thana_app (3),contract_forush,contract_deposit,contract_acknowledgment,make_card', '2026-05-05 01:52:49', 0),
(31, 'Erfan', '$2y$10$UZpWATjVS7qWaqkDmCsGHOc1cdl8mJKWGVYnl9ukgTE/RVDAguI0S', 'آبرسان', '2026-04-28 16:20:36', 'branch', 'delay_penalty,installment_calc,gold_loan,showcase_gold,pre_invoice,installment_app,contract_thana_app,gold_contract_app,contract_forush,contract_thana_app (3),contract_deposit,contract_acknowledgment,make_card', '2026-06-27 20:56:33', 0),
(37, 'hamid', '$2y$10$/VCxfTOh1jWmX0h9RNgd6u4TtoJTE3.sYvFvExO7vgtiSn7M9WCUG', 'حمید حمیدی', '2026-05-16 16:33:37', 'observer', 'installment_calc,installment_app,delay_penalty,showcase_gold,gold_contract_app, (3),gold_loan,pre_invoice,contract_deposit,contract_thana_app,contract_thana_app (3),contract_forush,contract_acknowledgment', NULL, 0),
(38, '1476', '$2y$10$suqNKpOPKvcfon/oIlg0DOu8WMjDuAzUaqRVdje2/zUm5vn5QL34e', 'امیر فرشباف', '2026-05-16 20:34:52', 'observer', 'delay_penalty,showcase_gold,gold_contract_app, (3),gold_loan,pre_invoice,installment_calc,installment_app,contract_forush, (3),contract_deposit, (3),contract_thana_app,contract_thana_app (3),contract_acknowledgment,make_card', '2026-06-25 18:45:09', 0),
(39, '1111', '$2y$10$8CzDcYMphTGKvtfO1CrItOw2PC6qKM3NX0MRsU4dXgbWNOedMzH9u', '1111', '2026-05-16 20:42:18', 'observer', 'pre_invoice,gold_loan,contract_thana_app,gold_contract_app,showcase_gold,delay_penalty,installment_app,installment_calc,contract_thana_app (3),contract_forush,contract_deposit,contract_acknowledgment', '2026-06-27 17:50:36', 0),
(40, '8888', '$2y$10$r2o5t3iXDxM3fkL2WIE6iOguSu2F0SDa7/tziVtmIm276.oaA5X4.', 'پشتبان', '2026-05-17 08:24:29', 'observer', 'installment_calc,installment_app,delay_penalty,showcase_gold,gold_contract_app, (3),gold_loan,pre_invoice,contract_forush, (3), (3), (3),contract_thana_app,contract_thana_app (3),gold_balance,contract_deposit,contract_acknowledgment,make_card,salary', '2026-06-28 12:53:41', 0),
(41, 'foto', '$2y$10$h5H7iy3KJ5X/wKuKcaRMuun3gzB8qGJJjNflUTihBOz3V9fSfIhUu', 'امیر علی', '2026-05-17 14:58:13', 'observer', 'installment_calc,installment_app,delay_penalty,showcase_gold,gold_contract_app,contract_forush, (3),gold_loan,pre_invoice,contract_deposit, (3), (3), (3), (3),contract_acknowledgment', NULL, 0),
(42, 'amirali', '$2y$10$.UjyvPXIW1nD4NNLwPpzwuUvuduiOC.PVeIT6EFR.I9axZak2e4G2', 'آبشده', '2026-06-27 14:03:05', 'branch', '', '2026-06-27 21:45:45', 0);

-- --------------------------------------------------------

--
-- Table structure for table `user_work_patterns`
--

CREATE TABLE `user_work_patterns` (
  `id` int(11) NOT NULL,
  `user_id` int(11) NOT NULL,
  `pattern_id` int(11) NOT NULL,
  `assigned_by` int(11) DEFAULT NULL,
  `assigned_at` timestamp NOT NULL DEFAULT current_timestamp()
) ENGINE=InnoDB DEFAULT CHARSET=utf8mb4 COLLATE=utf8mb4_persian_ci;

--
-- Dumping data for table `user_work_patterns`
--

INSERT INTO `user_work_patterns` (`id`, `user_id`, `pattern_id`, `assigned_by`, `assigned_at`) VALUES
(1, 19, 2, 17, '2026-06-01 16:04:50'),
(2, 18, 2, 17, '2026-06-01 16:04:53'),
(3, 31, 2, 17, '2026-06-01 16:04:55');

-- --------------------------------------------------------

--
-- Table structure for table `working_hour_patterns`
--

CREATE TABLE `working_hour_patterns` (
  `id` int(11) NOT NULL,
  `name` varchar(100) NOT NULL,
  `is_active` tinyint(1) DEFAULT 1,
  `created_at` timestamp NOT NULL DEFAULT current_timestamp()
) ENGINE=InnoDB DEFAULT CHARSET=utf8mb4 COLLATE=utf8mb4_persian_ci;

--
-- Dumping data for table `working_hour_patterns`
--

INSERT INTO `working_hour_patterns` (`id`, `name`, `is_active`, `created_at`) VALUES
(2, 'ثنا', 1, '2026-06-01 16:04:01');

--
-- Indexes for dumped tables
--

--
-- Indexes for table `asset_items`
--
ALTER TABLE `asset_items`
  ADD PRIMARY KEY (`id`);

--
-- Indexes for table `asset_records`
--
ALTER TABLE `asset_records`
  ADD PRIMARY KEY (`id`),
  ADD KEY `branch_id` (`branch_id`),
  ADD KEY `item_id` (`item_id`);

--
-- Indexes for table `branch_goals`
--
ALTER TABLE `branch_goals`
  ADD PRIMARY KEY (`id`),
  ADD UNIQUE KEY `unique_goal` (`branch_id`,`goal_type_id`,`year`,`month`),
  ADD KEY `goal_type_id` (`goal_type_id`);

--
-- Indexes for table `comments`
--
ALTER TABLE `comments`
  ADD PRIMARY KEY (`id`),
  ADD KEY `report_id` (`report_id`),
  ADD KEY `user_id` (`user_id`);

--
-- Indexes for table `daily_reminders`
--
ALTER TABLE `daily_reminders`
  ADD PRIMARY KEY (`id`),
  ADD UNIQUE KEY `unique_reminder` (`user_id`,`reminder_date`);

--
-- Indexes for table `daily_reports`
--
ALTER TABLE `daily_reports`
  ADD PRIMARY KEY (`id`),
  ADD UNIQUE KEY `unique_report` (`user_id`,`report_date`);

--
-- Indexes for table `dynamic_items`
--
ALTER TABLE `dynamic_items`
  ADD PRIMARY KEY (`id`);

--
-- Indexes for table `dynamic_records`
--
ALTER TABLE `dynamic_records`
  ADD PRIMARY KEY (`id`),
  ADD UNIQUE KEY `unique_record` (`report_id`,`item_id`),
  ADD KEY `item_id` (`item_id`);

--
-- Indexes for table `goal_daily_progress`
--
ALTER TABLE `goal_daily_progress`
  ADD PRIMARY KEY (`id`),
  ADD UNIQUE KEY `unique_daily` (`branch_id`,`goal_type_id`,`progress_date`),
  ADD KEY `goal_type_id` (`goal_type_id`);

--
-- Indexes for table `goal_types`
--
ALTER TABLE `goal_types`
  ADD PRIMARY KEY (`id`);

--
-- Indexes for table `income_daily_items`
--
ALTER TABLE `income_daily_items`
  ADD PRIMARY KEY (`id`);

--
-- Indexes for table `income_daily_records`
--
ALTER TABLE `income_daily_records`
  ADD PRIMARY KEY (`id`),
  ADD KEY `idx_branch_date` (`branch_id`),
  ADD KEY `item_id` (`item_id`);

--
-- Indexes for table `income_monthly_items`
--
ALTER TABLE `income_monthly_items`
  ADD PRIMARY KEY (`id`);

--
-- Indexes for table `income_monthly_records`
--
ALTER TABLE `income_monthly_records`
  ADD PRIMARY KEY (`id`),
  ADD KEY `idx_branch_ym` (`branch_id`,`record_year`,`record_month`),
  ADD KEY `item_id` (`item_id`);

--
-- Indexes for table `notification_channels`
--
ALTER TABLE `notification_channels`
  ADD PRIMARY KEY (`id`);

--
-- Indexes for table `observer_assignments`
--
ALTER TABLE `observer_assignments`
  ADD PRIMARY KEY (`id`),
  ADD UNIQUE KEY `unique_assignment` (`observer_id`,`branch_id`),
  ADD KEY `branch_id` (`branch_id`);

--
-- Indexes for table `observer_messages`
--
ALTER TABLE `observer_messages`
  ADD PRIMARY KEY (`id`),
  ADD KEY `idx_observer` (`observer_id`),
  ADD KEY `idx_target` (`target_user_id`),
  ADD KEY `idx_read` (`is_read`);

--
-- Indexes for table `pattern_weekly_hours`
--
ALTER TABLE `pattern_weekly_hours`
  ADD PRIMARY KEY (`id`),
  ADD UNIQUE KEY `unique_pattern_day` (`pattern_id`,`day_of_week`);

--
-- Indexes for table `reminders`
--
ALTER TABLE `reminders`
  ADD PRIMARY KEY (`id`),
  ADD UNIQUE KEY `unique_user_date` (`user_id`,`date_shamsi`),
  ADD KEY `idx_active` (`is_active`),
  ADD KEY `idx_date` (`date_shamsi`);

--
-- Indexes for table `rubika_config`
--
ALTER TABLE `rubika_config`
  ADD PRIMARY KEY (`id`),
  ADD UNIQUE KEY `setting_name` (`setting_name`);

--
-- Indexes for table `salary_archive`
--
ALTER TABLE `salary_archive`
  ADD PRIMARY KEY (`id`),
  ADD KEY `personnel_id` (`personnel_id`),
  ADD KEY `month_year` (`month`,`year`);

--
-- Indexes for table `salary_personnel`
--
ALTER TABLE `salary_personnel`
  ADD PRIMARY KEY (`id`);

--
-- Indexes for table `salary_settings`
--
ALTER TABLE `salary_settings`
  ADD PRIMARY KEY (`id`),
  ADD UNIQUE KEY `setting_key` (`setting_key`);

--
-- Indexes for table `settings`
--
ALTER TABLE `settings`
  ADD PRIMARY KEY (`id`),
  ADD UNIQUE KEY `setting_key` (`setting_key`);

--
-- Indexes for table `theme_settings`
--
ALTER TABLE `theme_settings`
  ADD PRIMARY KEY (`id`),
  ADD UNIQUE KEY `setting_name` (`setting_name`);

--
-- Indexes for table `tools`
--
ALTER TABLE `tools`
  ADD PRIMARY KEY (`id`),
  ADD UNIQUE KEY `slug` (`slug`);

--
-- Indexes for table `users`
--
ALTER TABLE `users`
  ADD PRIMARY KEY (`id`),
  ADD UNIQUE KEY `username` (`username`);

--
-- Indexes for table `user_work_patterns`
--
ALTER TABLE `user_work_patterns`
  ADD PRIMARY KEY (`id`),
  ADD UNIQUE KEY `user_id` (`user_id`),
  ADD KEY `pattern_id` (`pattern_id`);

--
-- Indexes for table `working_hour_patterns`
--
ALTER TABLE `working_hour_patterns`
  ADD PRIMARY KEY (`id`);

--
-- AUTO_INCREMENT for dumped tables
--

--
-- AUTO_INCREMENT for table `asset_items`
--
ALTER TABLE `asset_items`
  MODIFY `id` int(11) NOT NULL AUTO_INCREMENT, AUTO_INCREMENT=2;

--
-- AUTO_INCREMENT for table `asset_records`
--
ALTER TABLE `asset_records`
  MODIFY `id` int(11) NOT NULL AUTO_INCREMENT;

--
-- AUTO_INCREMENT for table `branch_goals`
--
ALTER TABLE `branch_goals`
  MODIFY `id` int(11) NOT NULL AUTO_INCREMENT, AUTO_INCREMENT=127;

--
-- AUTO_INCREMENT for table `comments`
--
ALTER TABLE `comments`
  MODIFY `id` int(11) NOT NULL AUTO_INCREMENT, AUTO_INCREMENT=22;

--
-- AUTO_INCREMENT for table `daily_reminders`
--
ALTER TABLE `daily_reminders`
  MODIFY `id` int(11) NOT NULL AUTO_INCREMENT;

--
-- AUTO_INCREMENT for table `daily_reports`
--
ALTER TABLE `daily_reports`
  MODIFY `id` int(11) NOT NULL AUTO_INCREMENT, AUTO_INCREMENT=283;

--
-- AUTO_INCREMENT for table `dynamic_items`
--
ALTER TABLE `dynamic_items`
  MODIFY `id` int(11) NOT NULL AUTO_INCREMENT, AUTO_INCREMENT=7;

--
-- AUTO_INCREMENT for table `dynamic_records`
--
ALTER TABLE `dynamic_records`
  MODIFY `id` int(11) NOT NULL AUTO_INCREMENT, AUTO_INCREMENT=9029;

--
-- AUTO_INCREMENT for table `goal_daily_progress`
--
ALTER TABLE `goal_daily_progress`
  MODIFY `id` int(11) NOT NULL AUTO_INCREMENT, AUTO_INCREMENT=307;

--
-- AUTO_INCREMENT for table `goal_types`
--
ALTER TABLE `goal_types`
  MODIFY `id` int(11) NOT NULL AUTO_INCREMENT, AUTO_INCREMENT=15;

--
-- AUTO_INCREMENT for table `income_daily_items`
--
ALTER TABLE `income_daily_items`
  MODIFY `id` int(11) NOT NULL AUTO_INCREMENT, AUTO_INCREMENT=29;

--
-- AUTO_INCREMENT for table `income_daily_records`
--
ALTER TABLE `income_daily_records`
  MODIFY `id` int(11) NOT NULL AUTO_INCREMENT, AUTO_INCREMENT=2939;

--
-- AUTO_INCREMENT for table `income_monthly_items`
--
ALTER TABLE `income_monthly_items`
  MODIFY `id` int(11) NOT NULL AUTO_INCREMENT, AUTO_INCREMENT=12;

--
-- AUTO_INCREMENT for table `income_monthly_records`
--
ALTER TABLE `income_monthly_records`
  MODIFY `id` int(11) NOT NULL AUTO_INCREMENT, AUTO_INCREMENT=158;

--
-- AUTO_INCREMENT for table `notification_channels`
--
ALTER TABLE `notification_channels`
  MODIFY `id` int(11) NOT NULL AUTO_INCREMENT, AUTO_INCREMENT=4;

--
-- AUTO_INCREMENT for table `observer_assignments`
--
ALTER TABLE `observer_assignments`
  MODIFY `id` int(11) NOT NULL AUTO_INCREMENT, AUTO_INCREMENT=39;

--
-- AUTO_INCREMENT for table `observer_messages`
--
ALTER TABLE `observer_messages`
  MODIFY `id` int(11) NOT NULL AUTO_INCREMENT, AUTO_INCREMENT=8;

--
-- AUTO_INCREMENT for table `pattern_weekly_hours`
--
ALTER TABLE `pattern_weekly_hours`
  MODIFY `id` int(11) NOT NULL AUTO_INCREMENT, AUTO_INCREMENT=27;

--
-- AUTO_INCREMENT for table `reminders`
--
ALTER TABLE `reminders`
  MODIFY `id` int(11) NOT NULL AUTO_INCREMENT, AUTO_INCREMENT=56;

--
-- AUTO_INCREMENT for table `rubika_config`
--
ALTER TABLE `rubika_config`
  MODIFY `id` int(11) NOT NULL AUTO_INCREMENT, AUTO_INCREMENT=58;

--
-- AUTO_INCREMENT for table `salary_archive`
--
ALTER TABLE `salary_archive`
  MODIFY `id` int(11) NOT NULL AUTO_INCREMENT, AUTO_INCREMENT=2;

--
-- AUTO_INCREMENT for table `salary_personnel`
--
ALTER TABLE `salary_personnel`
  MODIFY `id` int(11) NOT NULL AUTO_INCREMENT, AUTO_INCREMENT=4;

--
-- AUTO_INCREMENT for table `salary_settings`
--
ALTER TABLE `salary_settings`
  MODIFY `id` int(11) NOT NULL AUTO_INCREMENT, AUTO_INCREMENT=60;

--
-- AUTO_INCREMENT for table `settings`
--
ALTER TABLE `settings`
  MODIFY `id` int(11) NOT NULL AUTO_INCREMENT, AUTO_INCREMENT=5;

--
-- AUTO_INCREMENT for table `theme_settings`
--
ALTER TABLE `theme_settings`
  MODIFY `id` int(11) NOT NULL AUTO_INCREMENT, AUTO_INCREMENT=184;

--
-- AUTO_INCREMENT for table `tools`
--
ALTER TABLE `tools`
  MODIFY `id` int(11) NOT NULL AUTO_INCREMENT, AUTO_INCREMENT=24;

--
-- AUTO_INCREMENT for table `users`
--
ALTER TABLE `users`
  MODIFY `id` int(11) NOT NULL AUTO_INCREMENT, AUTO_INCREMENT=43;

--
-- AUTO_INCREMENT for table `user_work_patterns`
--
ALTER TABLE `user_work_patterns`
  MODIFY `id` int(11) NOT NULL AUTO_INCREMENT, AUTO_INCREMENT=4;

--
-- AUTO_INCREMENT for table `working_hour_patterns`
--
ALTER TABLE `working_hour_patterns`
  MODIFY `id` int(11) NOT NULL AUTO_INCREMENT, AUTO_INCREMENT=3;

--
-- Constraints for dumped tables
--

--
-- Constraints for table `asset_records`
--
ALTER TABLE `asset_records`
  ADD CONSTRAINT `asset_records_ibfk_1` FOREIGN KEY (`branch_id`) REFERENCES `users` (`id`) ON DELETE CASCADE,
  ADD CONSTRAINT `asset_records_ibfk_2` FOREIGN KEY (`item_id`) REFERENCES `asset_items` (`id`) ON DELETE CASCADE;

--
-- Constraints for table `branch_goals`
--
ALTER TABLE `branch_goals`
  ADD CONSTRAINT `branch_goals_ibfk_1` FOREIGN KEY (`branch_id`) REFERENCES `users` (`id`) ON DELETE CASCADE,
  ADD CONSTRAINT `branch_goals_ibfk_2` FOREIGN KEY (`goal_type_id`) REFERENCES `goal_types` (`id`) ON DELETE CASCADE;

--
-- Constraints for table `comments`
--
ALTER TABLE `comments`
  ADD CONSTRAINT `comments_ibfk_1` FOREIGN KEY (`report_id`) REFERENCES `daily_reports` (`id`) ON DELETE CASCADE,
  ADD CONSTRAINT `comments_ibfk_2` FOREIGN KEY (`user_id`) REFERENCES `users` (`id`) ON DELETE CASCADE;

--
-- Constraints for table `daily_reports`
--
ALTER TABLE `daily_reports`
  ADD CONSTRAINT `daily_reports_ibfk_1` FOREIGN KEY (`user_id`) REFERENCES `users` (`id`) ON DELETE CASCADE;

--
-- Constraints for table `dynamic_records`
--
ALTER TABLE `dynamic_records`
  ADD CONSTRAINT `dynamic_records_ibfk_1` FOREIGN KEY (`report_id`) REFERENCES `daily_reports` (`id`) ON DELETE CASCADE,
  ADD CONSTRAINT `dynamic_records_ibfk_2` FOREIGN KEY (`item_id`) REFERENCES `dynamic_items` (`id`) ON DELETE CASCADE;

--
-- Constraints for table `goal_daily_progress`
--
ALTER TABLE `goal_daily_progress`
  ADD CONSTRAINT `goal_daily_progress_ibfk_1` FOREIGN KEY (`branch_id`) REFERENCES `users` (`id`) ON DELETE CASCADE,
  ADD CONSTRAINT `goal_daily_progress_ibfk_2` FOREIGN KEY (`goal_type_id`) REFERENCES `goal_types` (`id`) ON DELETE CASCADE;

--
-- Constraints for table `income_daily_records`
--
ALTER TABLE `income_daily_records`
  ADD CONSTRAINT `income_daily_records_ibfk_1` FOREIGN KEY (`branch_id`) REFERENCES `users` (`id`) ON DELETE CASCADE,
  ADD CONSTRAINT `income_daily_records_ibfk_2` FOREIGN KEY (`item_id`) REFERENCES `income_daily_items` (`id`) ON DELETE CASCADE;

--
-- Constraints for table `income_monthly_records`
--
ALTER TABLE `income_monthly_records`
  ADD CONSTRAINT `income_monthly_records_ibfk_1` FOREIGN KEY (`branch_id`) REFERENCES `users` (`id`) ON DELETE CASCADE,
  ADD CONSTRAINT `income_monthly_records_ibfk_2` FOREIGN KEY (`item_id`) REFERENCES `income_monthly_items` (`id`) ON DELETE CASCADE;

--
-- Constraints for table `observer_assignments`
--
ALTER TABLE `observer_assignments`
  ADD CONSTRAINT `observer_assignments_ibfk_1` FOREIGN KEY (`observer_id`) REFERENCES `users` (`id`) ON DELETE CASCADE,
  ADD CONSTRAINT `observer_assignments_ibfk_2` FOREIGN KEY (`branch_id`) REFERENCES `users` (`id`) ON DELETE CASCADE;

--
-- Constraints for table `pattern_weekly_hours`
--
ALTER TABLE `pattern_weekly_hours`
  ADD CONSTRAINT `pattern_weekly_hours_ibfk_1` FOREIGN KEY (`pattern_id`) REFERENCES `working_hour_patterns` (`id`) ON DELETE CASCADE;
COMMIT;

/*!40101 SET CHARACTER_SET_CLIENT=@OLD_CHARACTER_SET_CLIENT */;
/*!40101 SET CHARACTER_SET_RESULTS=@OLD_CHARACTER_SET_RESULTS */;
/*!40101 SET COLLATION_CONNECTION=@OLD_COLLATION_CONNECTION */;
